survey,variable,concept,year,quarter,target_year,target_period,horizon_class,horizon_years,horizon_quarters,bin_scheme,threshold,n,probability_lower,probability_upper,probability_uniform,n_positive_lower,n_positive_upper,share_positive_lower,share_positive_upper,open_tail_threshold
ecb,rgdp,real_gdp_yoy,1999,1,1999,1999,current_year,0.0,,T0_0|F0_0T0_4|F0_5T0_9|F1_0T1_4|F1_5T1_9|F2_0T2_4|F2_5T2_9|F3_0T3_4|F3_5T3_9|F4_0,3.0,63,0.02567112988888101,0.02567112988888101,0.02567112988888101,14,14,0.2222222222222222,0.2222222222222222,False
ecb,rgdp,real_gdp_yoy,1999,1,1999,1999,current_year,0.0,,T0_0|F0_0T0_4|F0_5T0_9|F1_0T1_4|F1_5T1_9|F2_0T2_4|F2_5T2_9|F3_0T3_4|F3_5T3_9|F4_0,4.0,63,0.0013111271444123777,0.0013111271444123777,0.0013111271444123777,4,4,0.06349206349206349,0.06349206349206349,False
ecb,rgdp,real_gdp_yoy,1999,1,1999,1999,current_year,0.0,,T0_0|F0_0T0_4|F0_5T0_9|F1_0T1_4|F1_5T1_9|F2_0T2_4|F2_5T2_9|F3_0T3_4|F3_5T3_9|F4_0,5.0,63,0.0,0.0013111271444123777,,0,4,0.0,0.06349206349206349,True
ecb,rgdp,real_gdp_yoy,1999,1,1999,1999,current_year,0.0,,T0_0|F0_0T0_4|F0_5T0_9|F1_0T1_4|F1_5T1_9|F2_0T2_4|F2_5T2_9|F3_0T3_4|F3_5T3_9|F4_0,10.0,63,0.0,0.0013111271444123777,,0,4,0.0,0.06349206349206349,True
ecb,rgdp,real_gdp_yoy,1999,1,2000,2000,next_year,1.0,,T0_0|F0_0T0_4|F0_5T0_9|F1_0T1_4|F1_5T1_9|F2_0T2_4|F2_5T2_9|F3_0T3_4|F3_5T3_9|F4_0,3.0,63,0.08938699317792209,0.08938699317792209,0.08938699317792209,28,28,0.4444444444444444,0.4444444444444444,False
ecb,rgdp,real_gdp_yoy,1999,1,2000,2000,next_year,1.0,,T0_0|F0_0T0_4|F0_5T0_9|F1_0T1_4|F1_5T1_9|F2_0T2_4|F2_5T2_9|F3_0T3_4|F3_5T3_9|F4_0,4.0,63,0.006175333834920634,0.006175333834920634,0.006175333834920634,7,7,0.1111111111111111,0.1111111111111111,False
ecb,rgdp,real_gdp_yoy,1999,1,2000,2000,next_year,1.0,,T0_0|F0_0T0_4|F0_5T0_9|F1_0T1_4|F1_5T1_9|F2_0T2_4|F2_5T2_9|F3_0T3_4|F3_5T3_9|F4_0,5.0,63,0.0,0.006175333834920634,,0,7,0.0,0.1111111111111111,True
ecb,rgdp,real_gdp_yoy,1999,1,2000,2000,next_year,1.0,,T0_0|F0_0T0_4|F0_5T0_9|F1_0T1_4|F1_5T1_9|F2_0T2_4|F2_5T2_9|F3_0T3_4|F3_5T3_9|F4_0,10.0,63,0.0,0.006175333834920634,,0,7,0.0,0.1111111111111111,True
ecb,rgdp,real_gdp_yoy,1999,1,2003,2003,longer_term,4.0,,T0_0|F0_0T0_4|F0_5T0_9|F1_0T1_4|F1_5T1_9|F2_0T2_4|F2_5T2_9|F3_0T3_4|F3_5T3_9|F4_0,3.0,57,0.1484653482812334,0.1484653482812334,0.1484653482812334,39,39,0.6842105263157895,0.6842105263157895,False
ecb,rgdp,real_gdp_yoy,1999,1,2003,2003,longer_term,4.0,,T0_0|F0_0T0_4|F0_5T0_9|F1_0T1_4|F1_5T1_9|F2_0T2_4|F2_5T2_9|F3_0T3_4|F3_5T3_9|F4_0,4.0,57,0.013137677963317383,0.013137677963317383,0.013137677963317383,11,11,0.19298245614035087,0.19298245614035087,False
ecb,rgdp,real_gdp_yoy,1999,1,2003,2003,longer_term,4.0,,T0_0|F0_0T0_4|F0_5T0_9|F1_0T1_4|F1_5T1_9|F2_0T2_4|F2_5T2_9|F3_0T3_4|F3_5T3_9|F4_0,5.0,57,0.0,0.013137677963317383,,0,11,0.0,0.19298245614035087,True
ecb,rgdp,real_gdp_yoy,1999,1,2003,2003,longer_term,4.0,,T0_0|F0_0T0_4|F0_5T0_9|F1_0T1_4|F1_5T1_9|F2_0T2_4|F2_5T2_9|F3_0T3_4|F3_5T3_9|F4_0,10.0,57,0.0,0.013137677963317383,,0,11,0.0,0.19298245614035087,True
ecb,rgdp,real_gdp_yoy,1999,1,,1999Q3,rolling_1y,1.0,,T0_0|F0_0T0_4|F0_5T0_9|F1_0T1_4|F1_5T1_9|F2_0T2_4|F2_5T2_9|F3_0T3_4|F3_5T3_9|F4_0,3.0,58,0.030931518656037535,0.030931518656037535,0.03093151865603754,16,16,0.27586206896551724,0.27586206896551724,False
ecb,rgdp,real_gdp_yoy,1999,1,,1999Q3,rolling_1y,1.0,,T0_0|F0_0T0_4|F0_5T0_9|F1_0T1_4|F1_5T1_9|F2_0T2_4|F2_5T2_9|F3_0T3_4|F3_5T3_9|F4_0,4.0,58,0.0006687931758072793,0.0006687931758072793,0.0006687931758072793,4,4,0.06896551724137931,0.06896551724137931,False
ecb,rgdp,real_gdp_yoy,1999,1,,1999Q3,rolling_1y,1.0,,T0_0|F0_0T0_4|F0_5T0_9|F1_0T1_4|F1_5T1_9|F2_0T2_4|F2_5T2_9|F3_0T3_4|F3_5T3_9|F4_0,5.0,58,0.0,0.0006687931758072793,,0,4,0.0,0.06896551724137931,True
ecb,rgdp,real_gdp_yoy,1999,1,,1999Q3,rolling_1y,1.0,,T0_0|F0_0T0_4|F0_5T0_9|F1_0T1_4|F1_5T1_9|F2_0T2_4|F2_5T2_9|F3_0T3_4|F3_5T3_9|F4_0,10.0,58,0.0,0.0006687931758072793,,0,4,0.0,0.06896551724137931,True
ecb,rgdp,real_gdp_yoy,1999,1,,2000Q3,rolling_2y,2.0,,T0_0|F0_0T0_4|F0_5T0_9|F1_0T1_4|F1_5T1_9|F2_0T2_4|F2_5T2_9|F3_0T3_4|F3_5T3_9|F4_0,3.0,57,0.12652110927137222,0.12652110927137222,0.12652110927137222,30,30,0.5263157894736842,0.5263157894736842,False
ecb,rgdp,real_gdp_yoy,1999,1,,2000Q3,rolling_2y,2.0,,T0_0|F0_0T0_4|F0_5T0_9|F1_0T1_4|F1_5T1_9|F2_0T2_4|F2_5T2_9|F3_0T3_4|F3_5T3_9|F4_0,4.0,57,0.006306661003508772,0.006306661003508772,0.006306661003508772,8,8,0.14035087719298245,0.14035087719298245,False
ecb,rgdp,real_gdp_yoy,1999,1,,2000Q3,rolling_2y,2.0,,T0_0|F0_0T0_4|F0_5T0_9|F1_0T1_4|F1_5T1_9|F2_0T2_4|F2_5T2_9|F3_0T3_4|F3_5T3_9|F4_0,5.0,57,0.0,0.006306661003508772,,0,8,0.0,0.14035087719298245,True
ecb,rgdp,real_gdp_yoy,1999,1,,2000Q3,rolling_2y,2.0,,T0_0|F0_0T0_4|F0_5T0_9|F1_0T1_4|F1_5T1_9|F2_0T2_4|F2_5T2_9|F3_0T3_4|F3_5T3_9|F4_0,10.0,57,0.0,0.006306661003508772,,0,8,0.0,0.14035087719298245,True
ecb,rgdp,real_gdp_yoy,1999,1,,2003Q4,longer_term,5.0,,T0_0|F0_0T0_4|F0_5T0_9|F1_0T1_4|F1_5T1_9|F2_0T2_4|F2_5T2_9|F3_0T3_4|F3_5T3_9|F4_0,3.0,44,0.15669810911160093,0.15669810911160093,0.15669810911160093,32,32,0.7272727272727273,0.7272727272727273,False
ecb,rgdp,real_gdp_yoy,1999,1,,2003Q4,longer_term,5.0,,T0_0|F0_0T0_4|F0_5T0_9|F1_0T1_4|F1_5T1_9|F2_0T2_4|F2_5T2_9|F3_0T3_4|F3_5T3_9|F4_0,4.0,44,0.014025218141050755,0.014025218141050755,0.014025218141050755,8,8,0.18181818181818182,0.18181818181818182,False
ecb,rgdp,real_gdp_yoy,1999,1,,2003Q4,longer_term,5.0,,T0_0|F0_0T0_4|F0_5T0_9|F1_0T1_4|F1_5T1_9|F2_0T2_4|F2_5T2_9|F3_0T3_4|F3_5T3_9|F4_0,5.0,44,0.0,0.014025218141050755,,0,8,0.0,0.18181818181818182,True
ecb,rgdp,real_gdp_yoy,1999,1,,2003Q4,longer_term,5.0,,T0_0|F0_0T0_4|F0_5T0_9|F1_0T1_4|F1_5T1_9|F2_0T2_4|F2_5T2_9|F3_0T3_4|F3_5T3_9|F4_0,10.0,44,0.0,0.014025218141050755,,0,8,0.0,0.18181818181818182,True
ecb,rgdp,real_gdp_yoy,1999,2,1999,1999,current_year,0.0,,T0_0|F0_0T0_4|F0_5T0_9|F1_0T1_4|F1_5T1_9|F2_0T2_4|F2_5T2_9|F3_0T3_4|F3_5T3_9|F4_0,3.0,58,0.014218617383296711,0.014218617383296711,0.014218617383296711,12,12,0.20689655172413793,0.20689655172413793,False
ecb,rgdp,real_gdp_yoy,1999,2,1999,1999,current_year,0.0,,T0_0|F0_0T0_4|F0_5T0_9|F1_0T1_4|F1_5T1_9|F2_0T2_4|F2_5T2_9|F3_0T3_4|F3_5T3_9|F4_0,4.0,58,0.00022418970694832764,0.00022418970694832764,0.00022418970694832764,2,2,0.034482758620689655,0.034482758620689655,False
ecb,rgdp,real_gdp_yoy,1999,2,1999,1999,current_year,0.0,,T0_0|F0_0T0_4|F0_5T0_9|F1_0T1_4|F1_5T1_9|F2_0T2_4|F2_5T2_9|F3_0T3_4|F3_5T3_9|F4_0,5.0,58,0.0,0.00022418970694832764,,0,2,0.0,0.034482758620689655,True
ecb,rgdp,real_gdp_yoy,1999,2,1999,1999,current_year,0.0,,T0_0|F0_0T0_4|F0_5T0_9|F1_0T1_4|F1_5T1_9|F2_0T2_4|F2_5T2_9|F3_0T3_4|F3_5T3_9|F4_0,10.0,58,0.0,0.00022418970694832764,,0,2,0.0,0.034482758620689655,True
ecb,rgdp,real_gdp_yoy,1999,2,2000,2000,next_year,1.0,,T0_0|F0_0T0_4|F0_5T0_9|F1_0T1_4|F1_5T1_9|F2_0T2_4|F2_5T2_9|F3_0T3_4|F3_5T3_9|F4_0,3.0,58,0.08231429922519193,0.08231429922519193,0.08231429922519193,30,30,0.5172413793103449,0.5172413793103449,False
ecb,rgdp,real_gdp_yoy,1999,2,2000,2000,next_year,1.0,,T0_0|F0_0T0_4|F0_5T0_9|F1_0T1_4|F1_5T1_9|F2_0T2_4|F2_5T2_9|F3_0T3_4|F3_5T3_9|F4_0,4.0,58,0.0034433351249649607,0.0034433351249649607,0.0034433351249649607,5,5,0.08620689655172414,0.08620689655172414,False
ecb,rgdp,real_gdp_yoy,1999,2,2000,2000,next_year,1.0,,T0_0|F0_0T0_4|F0_5T0_9|F1_0T1_4|F1_5T1_9|F2_0T2_4|F2_5T2_9|F3_0T3_4|F3_5T3_9|F4_0,5.0,58,0.0,0.0034433351249649607,,0,5,0.0,0.08620689655172414,True
ecb,rgdp,real_gdp_yoy,1999,2,2000,2000,next_year,1.0,,T0_0|F0_0T0_4|F0_5T0_9|F1_0T1_4|F1_5T1_9|F2_0T2_4|F2_5T2_9|F3_0T3_4|F3_5T3_9|F4_0,10.0,58,0.0,0.0034433351249649607,,0,5,0.0,0.08620689655172414,True
ecb,rgdp,real_gdp_yoy,1999,2,,1999Q4,rolling_1y,1.0,,T0_0|F0_0T0_4|F0_5T0_9|F1_0T1_4|F1_5T1_9|F2_0T2_4|F2_5T2_9|F3_0T3_4|F3_5T3_9|F4_0,3.0,53,0.06632606405266396,0.06632606405266396,0.06632606405266396,24,24,0.4528301886792453,0.4528301886792453,False
ecb,rgdp,real_gdp_yoy,1999,2,,1999Q4,rolling_1y,1.0,,T0_0|F0_0T0_4|F0_5T0_9|F1_0T1_4|F1_5T1_9|F2_0T2_4|F2_5T2_9|F3_0T3_4|F3_5T3_9|F4_0,4.0,53,0.001107603213150383,0.001107603213150383,0.001107603213150383,3,3,0.05660377358490566,0.05660377358490566,False
ecb,rgdp,real_gdp_yoy,1999,2,,1999Q4,rolling_1y,1.0,,T0_0|F0_0T0_4|F0_5T0_9|F1_0T1_4|F1_5T1_9|F2_0T2_4|F2_5T2_9|F3_0T3_4|F3_5T3_9|F4_0,5.0,53,0.0,0.001107603213150383,,0,3,0.0,0.05660377358490566,True
ecb,rgdp,real_gdp_yoy,1999,2,,1999Q4,rolling_1y,1.0,,T0_0|F0_0T0_4|F0_5T0_9|F1_0T1_4|F1_5T1_9|F2_0T2_4|F2_5T2_9|F3_0T3_4|F3_5T3_9|F4_0,10.0,53,0.0,0.001107603213150383,,0,3,0.0,0.05660377358490566,True
ecb,rgdp,real_gdp_yoy,1999,2,,2000Q4,rolling_2y,2.0,,T0_0|F0_0T0_4|F0_5T0_9|F1_0T1_4|F1_5T1_9|F2_0T2_4|F2_5T2_9|F3_0T3_4|F3_5T3_9|F4_0,3.0,51,0.12718955962016887,0.12718955962016887,0.12718955962016887,28,28,0.5490196078431373,0.5490196078431373,False
ecb,rgdp,real_gdp_yoy,1999,2,,2000Q4,rolling_2y,2.0,,T0_0|F0_0T0_4|F0_5T0_9|F1_0T1_4|F1_5T1_9|F2_0T2_4|F2_5T2_9|F3_0T3_4|F3_5T3_9|F4_0,4.0,51,0.0061033939465308055,0.0061033939465308055,0.0061033939465308055,6,6,0.11764705882352941,0.11764705882352941,False
ecb,rgdp,real_gdp_yoy,1999,2,,2000Q4,rolling_2y,2.0,,T0_0|F0_0T0_4|F0_5T0_9|F1_0T1_4|F1_5T1_9|F2_0T2_4|F2_5T2_9|F3_0T3_4|F3_5T3_9|F4_0,5.0,51,0.0,0.0061033939465308055,,0,6,0.0,0.11764705882352941,True
ecb,rgdp,real_gdp_yoy,1999,2,,2000Q4,rolling_2y,2.0,,T0_0|F0_0T0_4|F0_5T0_9|F1_0T1_4|F1_5T1_9|F2_0T2_4|F2_5T2_9|F3_0T3_4|F3_5T3_9|F4_0,10.0,51,0.0,0.0061033939465308055,,0,6,0.0,0.11764705882352941,True
ecb,rgdp,real_gdp_yoy,1999,3,1999,1999,current_year,0.0,,T0_0|F0_0T0_4|F0_5T0_9|F1_0T1_4|F1_5T1_9|F2_0T2_4|F2_5T2_9|F3_0T3_4|F3_5T3_9|F4_0,3.0,50,0.010042242242242243,0.010042242242242243,0.010042242242242243,7,7,0.14,0.14,False
ecb,rgdp,real_gdp_yoy,1999,3,1999,1999,current_year,0.0,,T0_0|F0_0T0_4|F0_5T0_9|F1_0T1_4|F1_5T1_9|F2_0T2_4|F2_5T2_9|F3_0T3_4|F3_5T3_9|F4_0,4.0,50,0.00010010010010010008,0.00010010010010010008,0.00010010010010010008,1,1,0.02,0.02,False
ecb,rgdp,real_gdp_yoy,1999,3,1999,1999,current_year,0.0,,T0_0|F0_0T0_4|F0_5T0_9|F1_0T1_4|F1_5T1_9|F2_0T2_4|F2_5T2_9|F3_0T3_4|F3_5T3_9|F4_0,5.0,50,0.0,0.00010010010010010008,,0,1,0.0,0.02,True
ecb,rgdp,real_gdp_yoy,1999,3,1999,1999,current_year,0.0,,T0_0|F0_0T0_4|F0_5T0_9|F1_0T1_4|F1_5T1_9|F2_0T2_4|F2_5T2_9|F3_0T3_4|F3_5T3_9|F4_0,10.0,50,0.0,0.00010010010010010008,,0,1,0.0,0.02,True
ecb,rgdp,real_gdp_yoy,1999,3,2000,2000,next_year,1.0,,T0_0|F0_0T0_4|F0_5T0_9|F1_0T1_4|F1_5T1_9|F2_0T2_4|F2_5T2_9|F3_0T3_4|F3_5T3_9|F4_0,3.0,51,0.1177811180164133,0.1177811180164133,0.1177811180164133,32,32,0.6274509803921569,0.6274509803921569,False
ecb,rgdp,real_gdp_yoy,1999,3,2000,2000,next_year,1.0,,T0_0|F0_0T0_4|F0_5T0_9|F1_0T1_4|F1_5T1_9|F2_0T2_4|F2_5T2_9|F3_0T3_4|F3_5T3_9|F4_0,4.0,51,0.006487061036075889,0.006487061036075889,0.006487061036075889,5,5,0.09803921568627451,0.09803921568627451,False
ecb,rgdp,real_gdp_yoy,1999,3,2000,2000,next_year,1.0,,T0_0|F0_0T0_4|F0_5T0_9|F1_0T1_4|F1_5T1_9|F2_0T2_4|F2_5T2_9|F3_0T3_4|F3_5T3_9|F4_0,5.0,51,0.0,0.006487061036075889,,0,5,0.0,0.09803921568627451,True
ecb,rgdp,real_gdp_yoy,1999,3,2000,2000,next_year,1.0,,T0_0|F0_0T0_4|F0_5T0_9|F1_0T1_4|F1_5T1_9|F2_0T2_4|F2_5T2_9|F3_0T3_4|F3_5T3_9|F4_0,10.0,51,0.0,0.006487061036075889,,0,5,0.0,0.09803921568627451,True
ecb,rgdp,real_gdp_yoy,1999,3,,2000Q1,rolling_1y,1.0,,T0_0|F0_0T0_4|F0_5T0_9|F1_0T1_4|F1_5T1_9|F2_0T2_4|F2_5T2_9|F3_0T3_4|F3_5T3_9|F4_0,3.0,47,0.09685448310978594,0.09685448310978594,0.09685448310978592,23,23,0.48936170212765956,0.48936170212765956,False
ecb,rgdp,real_gdp_yoy,1999,3,,2000Q1,rolling_1y,1.0,,T0_0|F0_0T0_4|F0_5T0_9|F1_0T1_4|F1_5T1_9|F2_0T2_4|F2_5T2_9|F3_0T3_4|F3_5T3_9|F4_0,4.0,47,0.0032875331811480536,0.0032875331811480536,0.0032875331811480536,4,4,0.0851063829787234,0.0851063829787234,False
ecb,rgdp,real_gdp_yoy,1999,3,,2000Q1,rolling_1y,1.0,,T0_0|F0_0T0_4|F0_5T0_9|F1_0T1_4|F1_5T1_9|F2_0T2_4|F2_5T2_9|F3_0T3_4|F3_5T3_9|F4_0,5.0,47,0.0,0.0032875331811480536,,0,4,0.0,0.0851063829787234,True
ecb,rgdp,real_gdp_yoy,1999,3,,2000Q1,rolling_1y,1.0,,T0_0|F0_0T0_4|F0_5T0_9|F1_0T1_4|F1_5T1_9|F2_0T2_4|F2_5T2_9|F3_0T3_4|F3_5T3_9|F4_0,10.0,47,0.0,0.0032875331811480536,,0,4,0.0,0.0851063829787234,True
ecb,rgdp,real_gdp_yoy,1999,3,,2001Q1,rolling_2y,2.0,,T0_0|F0_0T0_4|F0_5T0_9|F1_0T1_4|F1_5T1_9|F2_0T2_4|F2_5T2_9|F3_0T3_4|F3_5T3_9|F4_0,3.0,44,0.17389630524524638,0.17389630524524638,0.17389630524524638,31,31,0.7045454545454546,0.7045454545454546,False
ecb,rgdp,real_gdp_yoy,1999,3,,2001Q1,rolling_2y,2.0,,T0_0|F0_0T0_4|F0_5T0_9|F1_0T1_4|F1_5T1_9|F2_0T2_4|F2_5T2_9|F3_0T3_4|F3_5T3_9|F4_0,4.0,44,0.012310279201843199,0.012310279201843199,0.012310279201843199,9,9,0.20454545454545456,0.20454545454545456,False
ecb,rgdp,real_gdp_yoy,1999,3,,2001Q1,rolling_2y,2.0,,T0_0|F0_0T0_4|F0_5T0_9|F1_0T1_4|F1_5T1_9|F2_0T2_4|F2_5T2_9|F3_0T3_4|F3_5T3_9|F4_0,5.0,44,0.0,0.012310279201843199,,0,9,0.0,0.20454545454545456,True
ecb,rgdp,real_gdp_yoy,1999,3,,2001Q1,rolling_2y,2.0,,T0_0|F0_0T0_4|F0_5T0_9|F1_0T1_4|F1_5T1_9|F2_0T2_4|F2_5T2_9|F3_0T3_4|F3_5T3_9|F4_0,10.0,44,0.0,0.012310279201843199,,0,9,0.0,0.20454545454545456,True
ecb,rgdp,real_gdp_yoy,1999,4,1999,1999,current_year,0.0,,T0_0|F0_0T0_4|F0_5T0_9|F1_0T1_4|F1_5T1_9|F2_0T2_4|F2_5T2_9|F3_0T3_4|F3_5T3_9|F4_0,3.0,54,0.01105777434633927,0.01105777434633927,0.01105777434633927,6,6,0.1111111111111111,0.1111111111111111,False
ecb,rgdp,real_gdp_yoy,1999,4,1999,1999,current_year,0.0,,T0_0|F0_0T0_4|F0_5T0_9|F1_0T1_4|F1_5T1_9|F2_0T2_4|F2_5T2_9|F3_0T3_4|F3_5T3_9|F4_0,4.0,54,0.0,0.0,0.0,0,0,0.0,0.0,False
ecb,rgdp,real_gdp_yoy,1999,4,1999,1999,current_year,0.0,,T0_0|F0_0T0_4|F0_5T0_9|F1_0T1_4|F1_5T1_9|F2_0T2_4|F2_5T2_9|F3_0T3_4|F3_5T3_9|F4_0,5.0,54,0.0,0.0,,0,0,0.0,0.0,True
ecb,rgdp,real_gdp_yoy,1999,4,1999,1999,current_year,0.0,,T0_0|F0_0T0_4|F0_5T0_9|F1_0T1_4|F1_5T1_9|F2_0T2_4|F2_5T2_9|F3_0T3_4|F3_5T3_9|F4_0,10.0,54,0.0,0.0,,0,0,0.0,0.0,True
ecb,rgdp,real_gdp_yoy,1999,4,2000,2000,next_year,1.0,,T0_0|F0_0T0_4|F0_5T0_9|F1_0T1_4|F1_5T1_9|F2_0T2_4|F2_5T2_9|F3_0T3_4|F3_5T3_9|F4_0,3.0,53,0.2331528562001228,0.2331528562001228,0.2331528562001228,48,48,0.9056603773584906,0.9056603773584906,False
ecb,rgdp,real_gdp_yoy,1999,4,2000,2000,next_year,1.0,,T0_0|F0_0T0_4|F0_5T0_9|F1_0T1_4|F1_5T1_9|F2_0T2_4|F2_5T2_9|F3_0T3_4|F3_5T3_9|F4_0,4.0,53,0.006314035686587578,0.006314035686587578,0.006314035686587578,6,6,0.11320754716981132,0.11320754716981132,False
ecb,rgdp,real_gdp_yoy,1999,4,2000,2000,next_year,1.0,,T0_0|F0_0T0_4|F0_5T0_9|F1_0T1_4|F1_5T1_9|F2_0T2_4|F2_5T2_9|F3_0T3_4|F3_5T3_9|F4_0,5.0,53,0.0,0.006314035686587578,,0,6,0.0,0.11320754716981132,True
ecb,rgdp,real_gdp_yoy,1999,4,2000,2000,next_year,1.0,,T0_0|F0_0T0_4|F0_5T0_9|F1_0T1_4|F1_5T1_9|F2_0T2_4|F2_5T2_9|F3_0T3_4|F3_5T3_9|F4_0,10.0,53,0.0,0.006314035686587578,,0,6,0.0,0.11320754716981132,True
ecb,rgdp,real_gdp_yoy,1999,4,,2000Q2,rolling_1y,1.0,,T0_0|F0_0T0_4|F0_5T0_9|F1_0T1_4|F1_5T1_9|F2_0T2_4|F2_5T2_9|F3_0T3_4|F3_5T3_9|F4_0,3.0,49,0.2815210160498567,0.2815210160498567,0.2815210160498567,41,41,0.8367346938775511,0.8367346938775511,False
ecb,rgdp,real_gdp_yoy,1999,4,,2000Q2,rolling_1y,1.0,,T0_0|F0_0T0_4|F0_5T0_9|F1_0T1_4|F1_5T1_9|F2_0T2_4|F2_5T2_9|F3_0T3_4|F3_5T3_9|F4_0,4.0,49,0.009004068854803425,0.009004068854803425,0.009004068854803425,8,8,0.16326530612244897,0.16326530612244897,False
ecb,rgdp,real_gdp_yoy,1999,4,,2000Q2,rolling_1y,1.0,,T0_0|F0_0T0_4|F0_5T0_9|F1_0T1_4|F1_5T1_9|F2_0T2_4|F2_5T2_9|F3_0T3_4|F3_5T3_9|F4_0,5.0,49,0.0,0.009004068854803425,,0,8,0.0,0.16326530612244897,True
ecb,rgdp,real_gdp_yoy,1999,4,,2000Q2,rolling_1y,1.0,,T0_0|F0_0T0_4|F0_5T0_9|F1_0T1_4|F1_5T1_9|F2_0T2_4|F2_5T2_9|F3_0T3_4|F3_5T3_9|F4_0,10.0,49,0.0,0.009004068854803425,,0,8,0.0,0.16326530612244897,True
ecb,rgdp,real_gdp_yoy,1999,4,,2001Q2,rolling_2y,2.0,,T0_0|F0_0T0_4|F0_5T0_9|F1_0T1_4|F1_5T1_9|F2_0T2_4|F2_5T2_9|F3_0T3_4|F3_5T3_9|F4_0,3.0,47,0.2824581609871767,0.2824581609871767,0.2824581609871767,39,39,0.8297872340425532,0.8297872340425532,False
ecb,rgdp,real_gdp_yoy,1999,4,,2001Q2,rolling_2y,2.0,,T0_0|F0_0T0_4|F0_5T0_9|F1_0T1_4|F1_5T1_9|F2_0T2_4|F2_5T2_9|F3_0T3_4|F3_5T3_9|F4_0,4.0,47,0.016910204970083238,0.016910204970083238,0.016910204970083238,12,12,0.2553191489361702,0.2553191489361702,False
ecb,rgdp,real_gdp_yoy,1999,4,,2001Q2,rolling_2y,2.0,,T0_0|F0_0T0_4|F0_5T0_9|F1_0T1_4|F1_5T1_9|F2_0T2_4|F2_5T2_9|F3_0T3_4|F3_5T3_9|F4_0,5.0,47,0.0,0.016910204970083238,,0,12,0.0,0.2553191489361702,True
ecb,rgdp,real_gdp_yoy,1999,4,,2001Q2,rolling_2y,2.0,,T0_0|F0_0T0_4|F0_5T0_9|F1_0T1_4|F1_5T1_9|F2_0T2_4|F2_5T2_9|F3_0T3_4|F3_5T3_9|F4_0,10.0,47,0.0,0.016910204970083238,,0,12,0.0,0.2553191489361702,True
ecb,rgdp,real_gdp_yoy,2000,1,2000,2000,current_year,0.0,,T0_0|F0_0T0_4|F0_5T0_9|F1_0T1_4|F1_5T1_9|F2_0T2_4|F2_5T2_9|F3_0T3_4|F3_5T3_9|F4_0,3.0,57,0.5674991772370218,0.5674991772370218,0.5674991772370218,56,56,0.9824561403508771,0.9824561403508771,False
ecb,rgdp,real_gdp_yoy,2000,1,2000,2000,current_year,0.0,,T0_0|F0_0T0_4|F0_5T0_9|F1_0T1_4|F1_5T1_9|F2_0T2_4|F2_5T2_9|F3_0T3_4|F3_5T3_9|F4_0,4.0,57,0.01861147818992431,0.01861147818992431,0.01861147818992431,12,12,0.21052631578947367,0.21052631578947367,False
ecb,rgdp,real_gdp_yoy,2000,1,2000,2000,current_year,0.0,,T0_0|F0_0T0_4|F0_5T0_9|F1_0T1_4|F1_5T1_9|F2_0T2_4|F2_5T2_9|F3_0T3_4|F3_5T3_9|F4_0,5.0,57,0.0,0.01861147818992431,,0,12,0.0,0.21052631578947367,True
ecb,rgdp,real_gdp_yoy,2000,1,2000,2000,current_year,0.0,,T0_0|F0_0T0_4|F0_5T0_9|F1_0T1_4|F1_5T1_9|F2_0T2_4|F2_5T2_9|F3_0T3_4|F3_5T3_9|F4_0,10.0,57,0.0,0.01861147818992431,,0,12,0.0,0.21052631578947367,True
ecb,rgdp,real_gdp_yoy,2000,1,2001,2001,next_year,1.0,,T0_0|F0_0T0_4|F0_5T0_9|F1_0T1_4|F1_5T1_9|F2_0T2_4|F2_5T2_9|F3_0T3_4|F3_5T3_9|F4_0,3.0,56,0.4806714992927864,0.4806714992927864,0.4806714992927864,55,55,0.9821428571428571,0.9821428571428571,False
ecb,rgdp,real_gdp_yoy,2000,1,2001,2001,next_year,1.0,,T0_0|F0_0T0_4|F0_5T0_9|F1_0T1_4|F1_5T1_9|F2_0T2_4|F2_5T2_9|F3_0T3_4|F3_5T3_9|F4_0,4.0,56,0.02391071428571429,0.02391071428571429,0.02391071428571429,15,15,0.26785714285714285,0.26785714285714285,False
ecb,rgdp,real_gdp_yoy,2000,1,2001,2001,next_year,1.0,,T0_0|F0_0T0_4|F0_5T0_9|F1_0T1_4|F1_5T1_9|F2_0T2_4|F2_5T2_9|F3_0T3_4|F3_5T3_9|F4_0,5.0,56,0.0,0.02391071428571429,,0,15,0.0,0.26785714285714285,True
ecb,rgdp,real_gdp_yoy,2000,1,2001,2001,next_year,1.0,,T0_0|F0_0T0_4|F0_5T0_9|F1_0T1_4|F1_5T1_9|F2_0T2_4|F2_5T2_9|F3_0T3_4|F3_5T3_9|F4_0,10.0,56,0.0,0.02391071428571429,,0,15,0.0,0.26785714285714285,True
ecb,rgdp,real_gdp_yoy,2000,1,2004,2004,longer_term,4.0,,T0_0|F0_0T0_4|F0_5T0_9|F1_0T1_4|F1_5T1_9|F2_0T2_4|F2_5T2_9|F3_0T3_4|F3_5T3_9|F4_0,3.0,44,0.1703372359963269,0.1703372359963269,0.1703372359963269,34,34,0.7727272727272727,0.7727272727272727,False
ecb,rgdp,real_gdp_yoy,2000,1,2004,2004,longer_term,4.0,,T0_0|F0_0T0_4|F0_5T0_9|F1_0T1_4|F1_5T1_9|F2_0T2_4|F2_5T2_9|F3_0T3_4|F3_5T3_9|F4_0,4.0,44,0.009679752066115703,0.009679752066115703,0.009679752066115703,9,9,0.20454545454545456,0.20454545454545456,False
ecb,rgdp,real_gdp_yoy,2000,1,2004,2004,longer_term,4.0,,T0_0|F0_0T0_4|F0_5T0_9|F1_0T1_4|F1_5T1_9|F2_0T2_4|F2_5T2_9|F3_0T3_4|F3_5T3_9|F4_0,5.0,44,0.0,0.009679752066115703,,0,9,0.0,0.20454545454545456,True
ecb,rgdp,real_gdp_yoy,2000,1,2004,2004,longer_term,4.0,,T0_0|F0_0T0_4|F0_5T0_9|F1_0T1_4|F1_5T1_9|F2_0T2_4|F2_5T2_9|F3_0T3_4|F3_5T3_9|F4_0,10.0,44,0.0,0.009679752066115703,,0,9,0.0,0.20454545454545456,True
ecb,rgdp,real_gdp_yoy,2000,1,,2000Q3,rolling_1y,1.0,,T0_0|F0_0T0_4|F0_5T0_9|F1_0T1_4|F1_5T1_9|F2_0T2_4|F2_5T2_9|F3_0T3_4|F3_5T3_9|F4_0,3.0,50,0.606030936192792,0.606030936192792,0.606030936192792,49,49,0.98,0.98,False
ecb,rgdp,real_gdp_yoy,2000,1,,2000Q3,rolling_1y,1.0,,T0_0|F0_0T0_4|F0_5T0_9|F1_0T1_4|F1_5T1_9|F2_0T2_4|F2_5T2_9|F3_0T3_4|F3_5T3_9|F4_0,4.0,50,0.03143211560752475,0.03143211560752475,0.03143211560752475,13,13,0.26,0.26,False
ecb,rgdp,real_gdp_yoy,2000,1,,2000Q3,rolling_1y,1.0,,T0_0|F0_0T0_4|F0_5T0_9|F1_0T1_4|F1_5T1_9|F2_0T2_4|F2_5T2_9|F3_0T3_4|F3_5T3_9|F4_0,5.0,50,0.0,0.03143211560752475,,0,13,0.0,0.26,True
ecb,rgdp,real_gdp_yoy,2000,1,,2000Q3,rolling_1y,1.0,,T0_0|F0_0T0_4|F0_5T0_9|F1_0T1_4|F1_5T1_9|F2_0T2_4|F2_5T2_9|F3_0T3_4|F3_5T3_9|F4_0,10.0,50,0.0,0.03143211560752475,,0,13,0.0,0.26,True
ecb,rgdp,real_gdp_yoy,2000,1,,2001Q3,rolling_2y,2.0,,T0_0|F0_0T0_4|F0_5T0_9|F1_0T1_4|F1_5T1_9|F2_0T2_4|F2_5T2_9|F3_0T3_4|F3_5T3_9|F4_0,3.0,48,0.45707054896666666,0.45707054896666666,0.45707054896666666,45,45,0.9375,0.9375,False
ecb,rgdp,real_gdp_yoy,2000,1,,2001Q3,rolling_2y,2.0,,T0_0|F0_0T0_4|F0_5T0_9|F1_0T1_4|F1_5T1_9|F2_0T2_4|F2_5T2_9|F3_0T3_4|F3_5T3_9|F4_0,4.0,48,0.027913743418749998,0.027913743418749998,0.027913743418749998,14,14,0.2916666666666667,0.2916666666666667,False
ecb,rgdp,real_gdp_yoy,2000,1,,2001Q3,rolling_2y,2.0,,T0_0|F0_0T0_4|F0_5T0_9|F1_0T1_4|F1_5T1_9|F2_0T2_4|F2_5T2_9|F3_0T3_4|F3_5T3_9|F4_0,5.0,48,0.0,0.027913743418749998,,0,14,0.0,0.2916666666666667,True
ecb,rgdp,real_gdp_yoy,2000,1,,2001Q3,rolling_2y,2.0,,T0_0|F0_0T0_4|F0_5T0_9|F1_0T1_4|F1_5T1_9|F2_0T2_4|F2_5T2_9|F3_0T3_4|F3_5T3_9|F4_0,10.0,48,0.0,0.027913743418749998,,0,14,0.0,0.2916666666666667,True
ecb,rgdp,real_gdp_yoy,2000,1,,2004Q3,longer_term,5.0,,T0_0|F0_0T0_4|F0_5T0_9|F1_0T1_4|F1_5T1_9|F2_0T2_4|F2_5T2_9|F3_0T3_4|F3_5T3_9|F4_0,3.0,32,0.1792857098209821,0.1792857098209821,0.1792857098209821,24,24,0.75,0.75,False
ecb,rgdp,real_gdp_yoy,2000,1,,2004Q3,longer_term,5.0,,T0_0|F0_0T0_4|F0_5T0_9|F1_0T1_4|F1_5T1_9|F2_0T2_4|F2_5T2_9|F3_0T3_4|F3_5T3_9|F4_0,4.0,32,0.011519183168316832,0.011519183168316832,0.011519183168316832,7,7,0.21875,0.21875,False
ecb,rgdp,real_gdp_yoy,2000,1,,2004Q3,longer_term,5.0,,T0_0|F0_0T0_4|F0_5T0_9|F1_0T1_4|F1_5T1_9|F2_0T2_4|F2_5T2_9|F3_0T3_4|F3_5T3_9|F4_0,5.0,32,0.0,0.011519183168316832,,0,7,0.0,0.21875,True
ecb,rgdp,real_gdp_yoy,2000,1,,2004Q3,longer_term,5.0,,T0_0|F0_0T0_4|F0_5T0_9|F1_0T1_4|F1_5T1_9|F2_0T2_4|F2_5T2_9|F3_0T3_4|F3_5T3_9|F4_0,10.0,32,0.0,0.011519183168316832,,0,7,0.0,0.21875,True
ecb,rgdp,real_gdp_yoy,2000,2,2000,2000,current_year,0.0,,T0_0|F0_0T0_4|F0_5T0_9|F1_0T1_4|F1_5T1_9|F2_0T2_4|F2_5T2_9|F3_0T3_4|F3_5T3_9|F4_0T4_4|F4_5T4_9|F5_0,3.0,58,0.801887303095955,0.801887303095955,0.801887303095955,58,58,1.0,1.0,False
ecb,rgdp,real_gdp_yoy,2000,2,2000,2000,current_year,0.0,,T0_0|F0_0T0_4|F0_5T0_9|F1_0T1_4|F1_5T1_9|F2_0T2_4|F2_5T2_9|F3_0T3_4|F3_5T3_9|F4_0T4_4|F4_5T4_9|F5_0,4.0,58,0.03475380473860966,0.03475380473860966,0.03475380473860966,21,21,0.3620689655172414,0.3620689655172414,False
ecb,rgdp,real_gdp_yoy,2000,2,2000,2000,current_year,0.0,,T0_0|F0_0T0_4|F0_5T0_9|F1_0T1_4|F1_5T1_9|F2_0T2_4|F2_5T2_9|F3_0T3_4|F3_5T3_9|F4_0T4_4|F4_5T4_9|F5_0,5.0,58,0.0005172413793103448,0.0005172413793103448,0.0005172413793103448,3,3,0.05172413793103448,0.05172413793103448,False
ecb,rgdp,real_gdp_yoy,2000,2,2000,2000,current_year,0.0,,T0_0|F0_0T0_4|F0_5T0_9|F1_0T1_4|F1_5T1_9|F2_0T2_4|F2_5T2_9|F3_0T3_4|F3_5T3_9|F4_0T4_4|F4_5T4_9|F5_0,10.0,58,0.0,0.0005172413793103448,,0,3,0.0,0.05172413793103448,True
ecb,rgdp,real_gdp_yoy,2000,2,2001,2001,next_year,1.0,,T0_0|F0_0T0_4|F0_5T0_9|F1_0T1_4|F1_5T1_9|F2_0T2_4|F2_5T2_9|F3_0T3_4|F3_5T3_9|F4_0T4_4|F4_5T4_9|F5_0,3.0,56,0.6265302164403062,0.6265302164403062,0.6265302164403062,56,56,1.0,1.0,False
ecb,rgdp,real_gdp_yoy,2000,2,2001,2001,next_year,1.0,,T0_0|F0_0T0_4|F0_5T0_9|F1_0T1_4|F1_5T1_9|F2_0T2_4|F2_5T2_9|F3_0T3_4|F3_5T3_9|F4_0T4_4|F4_5T4_9|F5_0,4.0,56,0.034445985709293005,0.034445985709293005,0.034445985709293005,19,19,0.3392857142857143,0.3392857142857143,False
ecb,rgdp,real_gdp_yoy,2000,2,2001,2001,next_year,1.0,,T0_0|F0_0T0_4|F0_5T0_9|F1_0T1_4|F1_5T1_9|F2_0T2_4|F2_5T2_9|F3_0T3_4|F3_5T3_9|F4_0T4_4|F4_5T4_9|F5_0,5.0,56,0.0038903061227040813,0.0038903061227040813,0.0038903061227040813,5,5,0.08928571428571429,0.08928571428571429,False
ecb,rgdp,real_gdp_yoy,2000,2,2001,2001,next_year,1.0,,T0_0|F0_0T0_4|F0_5T0_9|F1_0T1_4|F1_5T1_9|F2_0T2_4|F2_5T2_9|F3_0T3_4|F3_5T3_9|F4_0T4_4|F4_5T4_9|F5_0,10.0,56,0.0,0.0038903061227040813,,0,5,0.0,0.08928571428571429,True
ecb,rgdp,real_gdp_yoy,2000,2,,2000Q4,rolling_1y,1.0,,T0_0|F0_0T0_4|F0_5T0_9|F1_0T1_4|F1_5T1_9|F2_0T2_4|F2_5T2_9|F3_0T3_4|F3_5T3_9|F4_0T4_4|F4_5T4_9|F5_0,3.0,52,0.7037844859703368,0.7037844859703368,0.7037844859703368,52,52,1.0,1.0,False
ecb,rgdp,real_gdp_yoy,2000,2,,2000Q4,rolling_1y,1.0,,T0_0|F0_0T0_4|F0_5T0_9|F1_0T1_4|F1_5T1_9|F2_0T2_4|F2_5T2_9|F3_0T3_4|F3_5T3_9|F4_0T4_4|F4_5T4_9|F5_0,4.0,52,0.0715706678117133,0.0715706678117133,0.0715706678117133,22,22,0.4230769230769231,0.4230769230769231,False
ecb,rgdp,real_gdp_yoy,2000,2,,2000Q4,rolling_1y,1.0,,T0_0|F0_0T0_4|F0_5T0_9|F1_0T1_4|F1_5T1_9|F2_0T2_4|F2_5T2_9|F3_0T3_4|F3_5T3_9|F4_0T4_4|F4_5T4_9|F5_0,5.0,52,0.0035059417712132637,0.0035059417712132637,0.0035059417712132637,7,7,0.1346153846153846,0.1346153846153846,False
ecb,rgdp,real_gdp_yoy,2000,2,,2000Q4,rolling_1y,1.0,,T0_0|F0_0T0_4|F0_5T0_9|F1_0T1_4|F1_5T1_9|F2_0T2_4|F2_5T2_9|F3_0T3_4|F3_5T3_9|F4_0T4_4|F4_5T4_9|F5_0,10.0,52,0.0,0.0035059417712132637,,0,7,0.0,0.1346153846153846,True
ecb,rgdp,real_gdp_yoy,2000,2,,2001Q4,rolling_2y,2.0,,T0_0|F0_0T0_4|F0_5T0_9|F1_0T1_4|F1_5T1_9|F2_0T2_4|F2_5T2_9|F3_0T3_4|F3_5T3_9|F4_0T4_4|F4_5T4_9|F5_0,3.0,50,0.4778518360075953,0.4778518360075953,0.4778518360075953,49,49,0.98,0.98,False
ecb,rgdp,real_gdp_yoy,2000,2,,2001Q4,rolling_2y,2.0,,T0_0|F0_0T0_4|F0_5T0_9|F1_0T1_4|F1_5T1_9|F2_0T2_4|F2_5T2_9|F3_0T3_4|F3_5T3_9|F4_0T4_4|F4_5T4_9|F5_0,4.0,50,0.043509483066007125,0.043509483066007125,0.043509483066007125,18,18,0.36,0.36,False
ecb,rgdp,real_gdp_yoy,2000,2,,2001Q4,rolling_2y,2.0,,T0_0|F0_0T0_4|F0_5T0_9|F1_0T1_4|F1_5T1_9|F2_0T2_4|F2_5T2_9|F3_0T3_4|F3_5T3_9|F4_0T4_4|F4_5T4_9|F5_0,5.0,50,0.0054,0.0054,0.0054,7,7,0.14,0.14,False
ecb,rgdp,real_gdp_yoy,2000,2,,2001Q4,rolling_2y,2.0,,T0_0|F0_0T0_4|F0_5T0_9|F1_0T1_4|F1_5T1_9|F2_0T2_4|F2_5T2_9|F3_0T3_4|F3_5T3_9|F4_0T4_4|F4_5T4_9|F5_0,10.0,50,0.0,0.0054,,0,7,0.0,0.14,True
ecb,rgdp,real_gdp_yoy,2000,3,2000,2000,current_year,0.0,,T0_0|F0_0T0_4|F0_5T0_9|F1_0T1_4|F1_5T1_9|F2_0T2_4|F2_5T2_9|F3_0T3_4|F3_5T3_9|F4_0T4_4|F4_5T4_9|F5_0,3.0,48,0.9138371907807343,0.9138371907807343,0.9138371907807343,48,48,1.0,1.0,False
ecb,rgdp,real_gdp_yoy,2000,3,2000,2000,current_year,0.0,,T0_0|F0_0T0_4|F0_5T0_9|F1_0T1_4|F1_5T1_9|F2_0T2_4|F2_5T2_9|F3_0T3_4|F3_5T3_9|F4_0T4_4|F4_5T4_9|F5_0,4.0,48,0.06016612702377217,0.06016612702377217,0.06016612702377217,20,20,0.4166666666666667,0.4166666666666667,False
ecb,rgdp,real_gdp_yoy,2000,3,2000,2000,current_year,0.0,,T0_0|F0_0T0_4|F0_5T0_9|F1_0T1_4|F1_5T1_9|F2_0T2_4|F2_5T2_9|F3_0T3_4|F3_5T3_9|F4_0T4_4|F4_5T4_9|F5_0,5.0,48,0.00267526752735086,0.00267526752735086,0.00267526752735086,1,1,0.020833333333333332,0.020833333333333332,False
ecb,rgdp,real_gdp_yoy,2000,3,2000,2000,current_year,0.0,,T0_0|F0_0T0_4|F0_5T0_9|F1_0T1_4|F1_5T1_9|F2_0T2_4|F2_5T2_9|F3_0T3_4|F3_5T3_9|F4_0T4_4|F4_5T4_9|F5_0,10.0,48,0.0,0.00267526752735086,,0,1,0.0,0.020833333333333332,True
ecb,rgdp,real_gdp_yoy,2000,3,2001,2001,next_year,1.0,,T0_0|F0_0T0_4|F0_5T0_9|F1_0T1_4|F1_5T1_9|F2_0T2_4|F2_5T2_9|F3_0T3_4|F3_5T3_9|F4_0T4_4|F4_5T4_9|F5_0,3.0,49,0.7272559177632654,0.7272559177632654,0.7272559177632654,49,49,1.0,1.0,False
ecb,rgdp,real_gdp_yoy,2000,3,2001,2001,next_year,1.0,,T0_0|F0_0T0_4|F0_5T0_9|F1_0T1_4|F1_5T1_9|F2_0T2_4|F2_5T2_9|F3_0T3_4|F3_5T3_9|F4_0T4_4|F4_5T4_9|F5_0,4.0,49,0.058529633534693884,0.058529633534693884,0.058529633534693884,21,21,0.42857142857142855,0.42857142857142855,False
ecb,rgdp,real_gdp_yoy,2000,3,2001,2001,next_year,1.0,,T0_0|F0_0T0_4|F0_5T0_9|F1_0T1_4|F1_5T1_9|F2_0T2_4|F2_5T2_9|F3_0T3_4|F3_5T3_9|F4_0T4_4|F4_5T4_9|F5_0,5.0,49,0.007551592065306123,0.007551592065306123,0.007551592065306123,4,4,0.08163265306122448,0.08163265306122448,False
ecb,rgdp,real_gdp_yoy,2000,3,2001,2001,next_year,1.0,,T0_0|F0_0T0_4|F0_5T0_9|F1_0T1_4|F1_5T1_9|F2_0T2_4|F2_5T2_9|F3_0T3_4|F3_5T3_9|F4_0T4_4|F4_5T4_9|F5_0,10.0,49,0.0,0.007551592065306123,,0,4,0.0,0.08163265306122448,True
ecb,rgdp,real_gdp_yoy,2000,3,2002,2002,year_after_next,2.0,,T0_0|F0_0T0_4|F0_5T0_9|F1_0T1_4|F1_5T1_9|F2_0T2_4|F2_5T2_9|F3_0T3_4|F3_5T3_9|F4_0T4_4|F4_5T4_9|F5_0,3.0,40,0.4868389039168342,0.4868389039168342,0.4868389039168342,38,38,0.95,0.95,False
ecb,rgdp,real_gdp_yoy,2000,3,2002,2002,year_after_next,2.0,,T0_0|F0_0T0_4|F0_5T0_9|F1_0T1_4|F1_5T1_9|F2_0T2_4|F2_5T2_9|F3_0T3_4|F3_5T3_9|F4_0T4_4|F4_5T4_9|F5_0,4.0,40,0.04849944566462393,0.04849944566462393,0.048499445664623934,15,15,0.375,0.375,False
ecb,rgdp,real_gdp_yoy,2000,3,2002,2002,year_after_next,2.0,,T0_0|F0_0T0_4|F0_5T0_9|F1_0T1_4|F1_5T1_9|F2_0T2_4|F2_5T2_9|F3_0T3_4|F3_5T3_9|F4_0T4_4|F4_5T4_9|F5_0,5.0,40,0.016870524106512054,0.016870524106512054,0.016870524106512054,5,5,0.125,0.125,False
ecb,rgdp,real_gdp_yoy,2000,3,2002,2002,year_after_next,2.0,,T0_0|F0_0T0_4|F0_5T0_9|F1_0T1_4|F1_5T1_9|F2_0T2_4|F2_5T2_9|F3_0T3_4|F3_5T3_9|F4_0T4_4|F4_5T4_9|F5_0,10.0,40,0.0,0.016870524106512054,,0,5,0.0,0.125,True
ecb,rgdp,real_gdp_yoy,2000,3,,2001Q1,rolling_1y,1.0,,T0_0|F0_0T0_4|F0_5T0_9|F1_0T1_4|F1_5T1_9|F2_0T2_4|F2_5T2_9|F3_0T3_4|F3_5T3_9|F4_0T4_4|F4_5T4_9|F5_0,3.0,47,0.7929862774593861,0.7929862774593861,0.7929862774593861,47,47,1.0,1.0,False
ecb,rgdp,real_gdp_yoy,2000,3,,2001Q1,rolling_1y,1.0,,T0_0|F0_0T0_4|F0_5T0_9|F1_0T1_4|F1_5T1_9|F2_0T2_4|F2_5T2_9|F3_0T3_4|F3_5T3_9|F4_0T4_4|F4_5T4_9|F5_0,4.0,47,0.08134633841670229,0.08134633841670229,0.08134633841670227,23,23,0.48936170212765956,0.48936170212765956,False
ecb,rgdp,real_gdp_yoy,2000,3,,2001Q1,rolling_1y,1.0,,T0_0|F0_0T0_4|F0_5T0_9|F1_0T1_4|F1_5T1_9|F2_0T2_4|F2_5T2_9|F3_0T3_4|F3_5T3_9|F4_0T4_4|F4_5T4_9|F5_0,5.0,47,0.007530107904194697,0.007530107904194697,0.007530107904194697,6,6,0.1276595744680851,0.1276595744680851,False
ecb,rgdp,real_gdp_yoy,2000,3,,2001Q1,rolling_1y,1.0,,T0_0|F0_0T0_4|F0_5T0_9|F1_0T1_4|F1_5T1_9|F2_0T2_4|F2_5T2_9|F3_0T3_4|F3_5T3_9|F4_0T4_4|F4_5T4_9|F5_0,10.0,47,0.0,0.007530107904194697,,0,6,0.0,0.1276595744680851,True
ecb,rgdp,real_gdp_yoy,2000,3,,2002Q1,rolling_2y,2.0,,T0_0|F0_0T0_4|F0_5T0_9|F1_0T1_4|F1_5T1_9|F2_0T2_4|F2_5T2_9|F3_0T3_4|F3_5T3_9|F4_0T4_4|F4_5T4_9|F5_0,3.0,40,0.5026543875700057,0.5026543875700057,0.5026543875700057,38,38,0.95,0.95,False
ecb,rgdp,real_gdp_yoy,2000,3,,2002Q1,rolling_2y,2.0,,T0_0|F0_0T0_4|F0_5T0_9|F1_0T1_4|F1_5T1_9|F2_0T2_4|F2_5T2_9|F3_0T3_4|F3_5T3_9|F4_0T4_4|F4_5T4_9|F5_0,4.0,40,0.047615401310070984,0.047615401310070984,0.047615401310070984,13,13,0.325,0.325,False
ecb,rgdp,real_gdp_yoy,2000,3,,2002Q1,rolling_2y,2.0,,T0_0|F0_0T0_4|F0_5T0_9|F1_0T1_4|F1_5T1_9|F2_0T2_4|F2_5T2_9|F3_0T3_4|F3_5T3_9|F4_0T4_4|F4_5T4_9|F5_0,5.0,40,0.014549999999999999,0.014549999999999999,0.014549999999999999,4,4,0.1,0.1,False
ecb,rgdp,real_gdp_yoy,2000,3,,2002Q1,rolling_2y,2.0,,T0_0|F0_0T0_4|F0_5T0_9|F1_0T1_4|F1_5T1_9|F2_0T2_4|F2_5T2_9|F3_0T3_4|F3_5T3_9|F4_0T4_4|F4_5T4_9|F5_0,10.0,40,0.0,0.014549999999999999,,0,4,0.0,0.1,True
ecb,rgdp,real_gdp_yoy,2000,4,2000,2000,current_year,0.0,,T0_0|F0_0T0_4|F0_5T0_9|F1_0T1_4|F1_5T1_9|F2_0T2_4|F2_5T2_9|F3_0T3_4|F3_5T3_9|F4_0T4_4|F4_5T4_9|F5_0,3.0,65,0.9390105174009372,0.9390105174009372,0.9390105174009372,65,65,1.0,1.0,False
ecb,rgdp,real_gdp_yoy,2000,4,2000,2000,current_year,0.0,,T0_0|F0_0T0_4|F0_5T0_9|F1_0T1_4|F1_5T1_9|F2_0T2_4|F2_5T2_9|F3_0T3_4|F3_5T3_9|F4_0T4_4|F4_5T4_9|F5_0,4.0,65,0.027485128558477498,0.027485128558477498,0.027485128558477498,15,15,0.23076923076923078,0.23076923076923078,False
ecb,rgdp,real_gdp_yoy,2000,4,2000,2000,current_year,0.0,,T0_0|F0_0T0_4|F0_5T0_9|F1_0T1_4|F1_5T1_9|F2_0T2_4|F2_5T2_9|F3_0T3_4|F3_5T3_9|F4_0T4_4|F4_5T4_9|F5_0,5.0,65,0.0022927662455538463,0.0022927662455538463,0.0022927662455538463,1,1,0.015384615384615385,0.015384615384615385,False
ecb,rgdp,real_gdp_yoy,2000,4,2000,2000,current_year,0.0,,T0_0|F0_0T0_4|F0_5T0_9|F1_0T1_4|F1_5T1_9|F2_0T2_4|F2_5T2_9|F3_0T3_4|F3_5T3_9|F4_0T4_4|F4_5T4_9|F5_0,10.0,65,0.0,0.0022927662455538463,,0,1,0.0,0.015384615384615385,True
ecb,rgdp,real_gdp_yoy,2000,4,2001,2001,next_year,1.0,,T0_0|F0_0T0_4|F0_5T0_9|F1_0T1_4|F1_5T1_9|F2_0T2_4|F2_5T2_9|F3_0T3_4|F3_5T3_9|F4_0T4_4|F4_5T4_9|F5_0,3.0,66,0.5760602729440143,0.5760602729440143,0.5760602729440143,66,66,1.0,1.0,False
ecb,rgdp,real_gdp_yoy,2000,4,2001,2001,next_year,1.0,,T0_0|F0_0T0_4|F0_5T0_9|F1_0T1_4|F1_5T1_9|F2_0T2_4|F2_5T2_9|F3_0T3_4|F3_5T3_9|F4_0T4_4|F4_5T4_9|F5_0,4.0,66,0.03478836683619858,0.03478836683619858,0.03478836683619858,18,18,0.2727272727272727,0.2727272727272727,False
ecb,rgdp,real_gdp_yoy,2000,4,2001,2001,next_year,1.0,,T0_0|F0_0T0_4|F0_5T0_9|F1_0T1_4|F1_5T1_9|F2_0T2_4|F2_5T2_9|F3_0T3_4|F3_5T3_9|F4_0T4_4|F4_5T4_9|F5_0,5.0,66,0.007381848487879091,0.007381848487879091,0.007381848487879091,5,5,0.07575757575757576,0.07575757575757576,False
ecb,rgdp,real_gdp_yoy,2000,4,2001,2001,next_year,1.0,,T0_0|F0_0T0_4|F0_5T0_9|F1_0T1_4|F1_5T1_9|F2_0T2_4|F2_5T2_9|F3_0T3_4|F3_5T3_9|F4_0T4_4|F4_5T4_9|F5_0,10.0,66,0.0,0.007381848487879091,,0,5,0.0,0.07575757575757576,True
ecb,rgdp,real_gdp_yoy,2000,4,2002,2002,year_after_next,2.0,,T0_0|F0_0T0_4|F0_5T0_9|F1_0T1_4|F1_5T1_9|F2_0T2_4|F2_5T2_9|F3_0T3_4|F3_5T3_9|F4_0T4_4|F4_5T4_9|F5_0,3.0,59,0.43254537350255107,0.43254537350255107,0.43254537350255107,57,57,0.9661016949152542,0.9661016949152542,False
ecb,rgdp,real_gdp_yoy,2000,4,2002,2002,year_after_next,2.0,,T0_0|F0_0T0_4|F0_5T0_9|F1_0T1_4|F1_5T1_9|F2_0T2_4|F2_5T2_9|F3_0T3_4|F3_5T3_9|F4_0T4_4|F4_5T4_9|F5_0,4.0,59,0.03450778353359582,0.03450778353359582,0.03450778353359582,17,17,0.288135593220339,0.288135593220339,False
ecb,rgdp,real_gdp_yoy,2000,4,2002,2002,year_after_next,2.0,,T0_0|F0_0T0_4|F0_5T0_9|F1_0T1_4|F1_5T1_9|F2_0T2_4|F2_5T2_9|F3_0T3_4|F3_5T3_9|F4_0T4_4|F4_5T4_9|F5_0,5.0,59,0.01541037703217001,0.01541037703217001,0.01541037703217001,6,6,0.1016949152542373,0.1016949152542373,False
ecb,rgdp,real_gdp_yoy,2000,4,2002,2002,year_after_next,2.0,,T0_0|F0_0T0_4|F0_5T0_9|F1_0T1_4|F1_5T1_9|F2_0T2_4|F2_5T2_9|F3_0T3_4|F3_5T3_9|F4_0T4_4|F4_5T4_9|F5_0,10.0,59,0.0,0.01541037703217001,,0,6,0.0,0.1016949152542373,True
ecb,rgdp,real_gdp_yoy,2000,4,,2001Q2,rolling_1y,1.0,,T0_0|F0_0T0_4|F0_5T0_9|F1_0T1_4|F1_5T1_9|F2_0T2_4|F2_5T2_9|F3_0T3_4|F3_5T3_9|F4_0T4_4|F4_5T4_9|F5_0,3.0,58,0.5906817662725414,0.5906817662725414,0.5906817662725414,56,56,0.9655172413793104,0.9655172413793104,False
ecb,rgdp,real_gdp_yoy,2000,4,,2001Q2,rolling_1y,1.0,,T0_0|F0_0T0_4|F0_5T0_9|F1_0T1_4|F1_5T1_9|F2_0T2_4|F2_5T2_9|F3_0T3_4|F3_5T3_9|F4_0T4_4|F4_5T4_9|F5_0,4.0,58,0.023249531296284806,0.023249531296284806,0.023249531296284806,13,13,0.22413793103448276,0.22413793103448276,False
ecb,rgdp,real_gdp_yoy,2000,4,,2001Q2,rolling_1y,1.0,,T0_0|F0_0T0_4|F0_5T0_9|F1_0T1_4|F1_5T1_9|F2_0T2_4|F2_5T2_9|F3_0T3_4|F3_5T3_9|F4_0T4_4|F4_5T4_9|F5_0,5.0,58,0.001200068282690338,0.001200068282690338,0.001200068282690338,4,4,0.06896551724137931,0.06896551724137931,False
ecb,rgdp,real_gdp_yoy,2000,4,,2001Q2,rolling_1y,1.0,,T0_0|F0_0T0_4|F0_5T0_9|F1_0T1_4|F1_5T1_9|F2_0T2_4|F2_5T2_9|F3_0T3_4|F3_5T3_9|F4_0T4_4|F4_5T4_9|F5_0,10.0,58,0.0,0.001200068282690338,,0,4,0.0,0.06896551724137931,True
ecb,rgdp,real_gdp_yoy,2000,4,,2002Q2,rolling_2y,2.0,,T0_0|F0_0T0_4|F0_5T0_9|F1_0T1_4|F1_5T1_9|F2_0T2_4|F2_5T2_9|F3_0T3_4|F3_5T3_9|F4_0T4_4|F4_5T4_9|F5_0,3.0,50,0.41967179818809414,0.41967179818809414,0.4196717981880941,48,48,0.96,0.96,False
ecb,rgdp,real_gdp_yoy,2000,4,,2002Q2,rolling_2y,2.0,,T0_0|F0_0T0_4|F0_5T0_9|F1_0T1_4|F1_5T1_9|F2_0T2_4|F2_5T2_9|F3_0T3_4|F3_5T3_9|F4_0T4_4|F4_5T4_9|F5_0,4.0,50,0.020132541276458183,0.020132541276458183,0.020132541276458183,15,15,0.3,0.3,False
ecb,rgdp,real_gdp_yoy,2000,4,,2002Q2,rolling_2y,2.0,,T0_0|F0_0T0_4|F0_5T0_9|F1_0T1_4|F1_5T1_9|F2_0T2_4|F2_5T2_9|F3_0T3_4|F3_5T3_9|F4_0T4_4|F4_5T4_9|F5_0,5.0,50,0.0022059240717595746,0.0022059240717595746,0.0022059240717595746,5,5,0.1,0.1,False
ecb,rgdp,real_gdp_yoy,2000,4,,2002Q2,rolling_2y,2.0,,T0_0|F0_0T0_4|F0_5T0_9|F1_0T1_4|F1_5T1_9|F2_0T2_4|F2_5T2_9|F3_0T3_4|F3_5T3_9|F4_0T4_4|F4_5T4_9|F5_0,10.0,50,0.0,0.0022059240717595746,,0,5,0.0,0.1,True
ecb,rgdp,real_gdp_yoy,2001,1,2001,2001,current_year,0.0,,T0_0|F0_0T0_4|F0_5T0_9|F1_0T1_4|F1_5T1_9|F2_0T2_4|F2_5T2_9|F3_0T3_4|F3_5T3_9|F4_0,3.0,58,0.22829196496539989,0.22829196496539989,0.22829196496539989,46,46,0.7931034482758621,0.7931034482758621,False
ecb,rgdp,real_gdp_yoy,2001,1,2001,2001,current_year,0.0,,T0_0|F0_0T0_4|F0_5T0_9|F1_0T1_4|F1_5T1_9|F2_0T2_4|F2_5T2_9|F3_0T3_4|F3_5T3_9|F4_0,4.0,58,0.002420759317311042,0.002420759317311042,0.002420759317311042,3,3,0.05172413793103448,0.05172413793103448,False
ecb,rgdp,real_gdp_yoy,2001,1,2001,2001,current_year,0.0,,T0_0|F0_0T0_4|F0_5T0_9|F1_0T1_4|F1_5T1_9|F2_0T2_4|F2_5T2_9|F3_0T3_4|F3_5T3_9|F4_0,5.0,58,0.0,0.002420759317311042,,0,3,0.0,0.05172413793103448,True
ecb,rgdp,real_gdp_yoy,2001,1,2001,2001,current_year,0.0,,T0_0|F0_0T0_4|F0_5T0_9|F1_0T1_4|F1_5T1_9|F2_0T2_4|F2_5T2_9|F3_0T3_4|F3_5T3_9|F4_0,10.0,58,0.0,0.002420759317311042,,0,3,0.0,0.05172413793103448,True
ecb,rgdp,real_gdp_yoy,2001,1,2002,2002,next_year,1.0,,T0_0|F0_0T0_4|F0_5T0_9|F1_0T1_4|F1_5T1_9|F2_0T2_4|F2_5T2_9|F3_0T3_4|F3_5T3_9|F4_0,3.0,55,0.2979566246714762,0.2979566246714762,0.2979566246714762,47,47,0.8545454545454545,0.8545454545454545,False
ecb,rgdp,real_gdp_yoy,2001,1,2002,2002,next_year,1.0,,T0_0|F0_0T0_4|F0_5T0_9|F1_0T1_4|F1_5T1_9|F2_0T2_4|F2_5T2_9|F3_0T3_4|F3_5T3_9|F4_0,4.0,55,0.007964526182347964,0.007964526182347964,0.007964526182347964,8,8,0.14545454545454545,0.14545454545454545,False
ecb,rgdp,real_gdp_yoy,2001,1,2002,2002,next_year,1.0,,T0_0|F0_0T0_4|F0_5T0_9|F1_0T1_4|F1_5T1_9|F2_0T2_4|F2_5T2_9|F3_0T3_4|F3_5T3_9|F4_0,5.0,55,0.0,0.007964526182347964,,0,8,0.0,0.14545454545454545,True
ecb,rgdp,real_gdp_yoy,2001,1,2002,2002,next_year,1.0,,T0_0|F0_0T0_4|F0_5T0_9|F1_0T1_4|F1_5T1_9|F2_0T2_4|F2_5T2_9|F3_0T3_4|F3_5T3_9|F4_0,10.0,55,0.0,0.007964526182347964,,0,8,0.0,0.14545454545454545,True
ecb,rgdp,real_gdp_yoy,2001,1,2005,2005,longer_term,4.0,,T0_0|F0_0T0_4|F0_5T0_9|F1_0T1_4|F1_5T1_9|F2_0T2_4|F2_5T2_9|F3_0T3_4|F3_5T3_9|F4_0,3.0,40,0.2800263157894671,0.2800263157894671,0.2800263157894671,34,34,0.85,0.85,False
ecb,rgdp,real_gdp_yoy,2001,1,2005,2005,longer_term,4.0,,T0_0|F0_0T0_4|F0_5T0_9|F1_0T1_4|F1_5T1_9|F2_0T2_4|F2_5T2_9|F3_0T3_4|F3_5T3_9|F4_0,4.0,40,0.00975,0.00975,0.00975,8,8,0.2,0.2,False
ecb,rgdp,real_gdp_yoy,2001,1,2005,2005,longer_term,4.0,,T0_0|F0_0T0_4|F0_5T0_9|F1_0T1_4|F1_5T1_9|F2_0T2_4|F2_5T2_9|F3_0T3_4|F3_5T3_9|F4_0,5.0,40,0.0,0.00975,,0,8,0.0,0.2,True
ecb,rgdp,real_gdp_yoy,2001,1,2005,2005,longer_term,4.0,,T0_0|F0_0T0_4|F0_5T0_9|F1_0T1_4|F1_5T1_9|F2_0T2_4|F2_5T2_9|F3_0T3_4|F3_5T3_9|F4_0,10.0,40,0.0,0.00975,,0,8,0.0,0.2,True
ecb,rgdp,real_gdp_yoy,2001,1,,2001Q3,rolling_1y,1.0,,T0_0|F0_0T0_4|F0_5T0_9|F1_0T1_4|F1_5T1_9|F2_0T2_4|F2_5T2_9|F3_0T3_4|F3_5T3_9|F4_0,3.0,51,0.24315061568800908,0.24315061568800908,0.24315061568800908,42,42,0.8235294117647058,0.8235294117647058,False
ecb,rgdp,real_gdp_yoy,2001,1,,2001Q3,rolling_1y,1.0,,T0_0|F0_0T0_4|F0_5T0_9|F1_0T1_4|F1_5T1_9|F2_0T2_4|F2_5T2_9|F3_0T3_4|F3_5T3_9|F4_0,4.0,51,0.008759920249722887,0.008759920249722887,0.008759920249722887,5,5,0.09803921568627451,0.09803921568627451,False
ecb,rgdp,real_gdp_yoy,2001,1,,2001Q3,rolling_1y,1.0,,T0_0|F0_0T0_4|F0_5T0_9|F1_0T1_4|F1_5T1_9|F2_0T2_4|F2_5T2_9|F3_0T3_4|F3_5T3_9|F4_0,5.0,51,0.0,0.008759920249722887,,0,5,0.0,0.09803921568627451,True
ecb,rgdp,real_gdp_yoy,2001,1,,2001Q3,rolling_1y,1.0,,T0_0|F0_0T0_4|F0_5T0_9|F1_0T1_4|F1_5T1_9|F2_0T2_4|F2_5T2_9|F3_0T3_4|F3_5T3_9|F4_0,10.0,51,0.0,0.008759920249722887,,0,5,0.0,0.09803921568627451,True
ecb,rgdp,real_gdp_yoy,2001,1,,2002Q3,rolling_2y,2.0,,T0_0|F0_0T0_4|F0_5T0_9|F1_0T1_4|F1_5T1_9|F2_0T2_4|F2_5T2_9|F3_0T3_4|F3_5T3_9|F4_0,3.0,50,0.3022539012481768,0.3022539012481768,0.3022539012481768,45,45,0.9,0.9,False
ecb,rgdp,real_gdp_yoy,2001,1,,2002Q3,rolling_2y,2.0,,T0_0|F0_0T0_4|F0_5T0_9|F1_0T1_4|F1_5T1_9|F2_0T2_4|F2_5T2_9|F3_0T3_4|F3_5T3_9|F4_0,4.0,50,0.011033749668036608,0.011033749668036608,0.011033749668036608,8,8,0.16,0.16,False
ecb,rgdp,real_gdp_yoy,2001,1,,2002Q3,rolling_2y,2.0,,T0_0|F0_0T0_4|F0_5T0_9|F1_0T1_4|F1_5T1_9|F2_0T2_4|F2_5T2_9|F3_0T3_4|F3_5T3_9|F4_0,5.0,50,0.0,0.011033749668036608,,0,8,0.0,0.16,True
ecb,rgdp,real_gdp_yoy,2001,1,,2002Q3,rolling_2y,2.0,,T0_0|F0_0T0_4|F0_5T0_9|F1_0T1_4|F1_5T1_9|F2_0T2_4|F2_5T2_9|F3_0T3_4|F3_5T3_9|F4_0,10.0,50,0.0,0.011033749668036608,,0,8,0.0,0.16,True
ecb,rgdp,real_gdp_yoy,2001,1,,2005Q3,longer_term,5.0,,T0_0|F0_0T0_4|F0_5T0_9|F1_0T1_4|F1_5T1_9|F2_0T2_4|F2_5T2_9|F3_0T3_4|F3_5T3_9|F4_0,3.0,31,0.31755451246711885,0.31755451246711885,0.31755451246711885,28,28,0.9032258064516129,0.9032258064516129,False
ecb,rgdp,real_gdp_yoy,2001,1,,2005Q3,longer_term,5.0,,T0_0|F0_0T0_4|F0_5T0_9|F1_0T1_4|F1_5T1_9|F2_0T2_4|F2_5T2_9|F3_0T3_4|F3_5T3_9|F4_0,4.0,31,0.01476913345983871,0.01476913345983871,0.01476913345983871,8,8,0.25806451612903225,0.25806451612903225,False
ecb,rgdp,real_gdp_yoy,2001,1,,2005Q3,longer_term,5.0,,T0_0|F0_0T0_4|F0_5T0_9|F1_0T1_4|F1_5T1_9|F2_0T2_4|F2_5T2_9|F3_0T3_4|F3_5T3_9|F4_0,5.0,31,0.0,0.01476913345983871,,0,8,0.0,0.25806451612903225,True
ecb,rgdp,real_gdp_yoy,2001,1,,2005Q3,longer_term,5.0,,T0_0|F0_0T0_4|F0_5T0_9|F1_0T1_4|F1_5T1_9|F2_0T2_4|F2_5T2_9|F3_0T3_4|F3_5T3_9|F4_0,10.0,31,0.0,0.01476913345983871,,0,8,0.0,0.25806451612903225,True
ecb,rgdp,real_gdp_yoy,2001,2,2001,2001,current_year,0.0,,T0_0|F0_0T0_4|F0_5T0_9|F1_0T1_4|F1_5T1_9|F2_0T2_4|F2_5T2_9|F3_0T3_4|F3_5T3_9|F4_0,3.0,59,0.06240426725014843,0.06240426725014843,0.06240426725014843,26,26,0.4406779661016949,0.4406779661016949,False
ecb,rgdp,real_gdp_yoy,2001,2,2001,2001,current_year,0.0,,T0_0|F0_0T0_4|F0_5T0_9|F1_0T1_4|F1_5T1_9|F2_0T2_4|F2_5T2_9|F3_0T3_4|F3_5T3_9|F4_0,4.0,59,0.0011355932203389828,0.0011355932203389828,0.0011355932203389828,2,2,0.03389830508474576,0.03389830508474576,False
ecb,rgdp,real_gdp_yoy,2001,2,2001,2001,current_year,0.0,,T0_0|F0_0T0_4|F0_5T0_9|F1_0T1_4|F1_5T1_9|F2_0T2_4|F2_5T2_9|F3_0T3_4|F3_5T3_9|F4_0,5.0,59,0.0,0.0011355932203389828,,0,2,0.0,0.03389830508474576,True
ecb,rgdp,real_gdp_yoy,2001,2,2001,2001,current_year,0.0,,T0_0|F0_0T0_4|F0_5T0_9|F1_0T1_4|F1_5T1_9|F2_0T2_4|F2_5T2_9|F3_0T3_4|F3_5T3_9|F4_0,10.0,59,0.0,0.0011355932203389828,,0,2,0.0,0.03389830508474576,True
ecb,rgdp,real_gdp_yoy,2001,2,2002,2002,next_year,1.0,,T0_0|F0_0T0_4|F0_5T0_9|F1_0T1_4|F1_5T1_9|F2_0T2_4|F2_5T2_9|F3_0T3_4|F3_5T3_9|F4_0,3.0,57,0.19397543859649122,0.19397543859649122,0.19397543859649122,47,47,0.8245614035087719,0.8245614035087719,False
ecb,rgdp,real_gdp_yoy,2001,2,2002,2002,next_year,1.0,,T0_0|F0_0T0_4|F0_5T0_9|F1_0T1_4|F1_5T1_9|F2_0T2_4|F2_5T2_9|F3_0T3_4|F3_5T3_9|F4_0,4.0,57,0.005649122807017543,0.005649122807017543,0.005649122807017543,5,5,0.08771929824561403,0.08771929824561403,False
ecb,rgdp,real_gdp_yoy,2001,2,2002,2002,next_year,1.0,,T0_0|F0_0T0_4|F0_5T0_9|F1_0T1_4|F1_5T1_9|F2_0T2_4|F2_5T2_9|F3_0T3_4|F3_5T3_9|F4_0,5.0,57,0.0,0.005649122807017543,,0,5,0.0,0.08771929824561403,True
ecb,rgdp,real_gdp_yoy,2001,2,2002,2002,next_year,1.0,,T0_0|F0_0T0_4|F0_5T0_9|F1_0T1_4|F1_5T1_9|F2_0T2_4|F2_5T2_9|F3_0T3_4|F3_5T3_9|F4_0,10.0,57,0.0,0.005649122807017543,,0,5,0.0,0.08771929824561403,True
ecb,rgdp,real_gdp_yoy,2001,2,2005,2005,longer_term,4.0,,T0_0|F0_0T0_4|F0_5T0_9|F1_0T1_4|F1_5T1_9|F2_0T2_4|F2_5T2_9|F3_0T3_4|F3_5T3_9|F4_0,3.0,41,0.2390250438370732,0.2390250438370732,0.23902504383707315,37,37,0.9024390243902439,0.9024390243902439,False
ecb,rgdp,real_gdp_yoy,2001,2,2005,2005,longer_term,4.0,,T0_0|F0_0T0_4|F0_5T0_9|F1_0T1_4|F1_5T1_9|F2_0T2_4|F2_5T2_9|F3_0T3_4|F3_5T3_9|F4_0,4.0,41,0.024642621103731707,0.024642621103731707,0.024642621103731707,9,9,0.21951219512195122,0.21951219512195122,False
ecb,rgdp,real_gdp_yoy,2001,2,2005,2005,longer_term,4.0,,T0_0|F0_0T0_4|F0_5T0_9|F1_0T1_4|F1_5T1_9|F2_0T2_4|F2_5T2_9|F3_0T3_4|F3_5T3_9|F4_0,5.0,41,0.0,0.024642621103731707,,0,9,0.0,0.21951219512195122,True
ecb,rgdp,real_gdp_yoy,2001,2,2005,2005,longer_term,4.0,,T0_0|F0_0T0_4|F0_5T0_9|F1_0T1_4|F1_5T1_9|F2_0T2_4|F2_5T2_9|F3_0T3_4|F3_5T3_9|F4_0,10.0,41,0.0,0.024642621103731707,,0,9,0.0,0.21951219512195122,True
ecb,rgdp,real_gdp_yoy,2001,2,,2001Q4,rolling_1y,1.0,,T0_0|F0_0T0_4|F0_5T0_9|F1_0T1_4|F1_5T1_9|F2_0T2_4|F2_5T2_9|F3_0T3_4|F3_5T3_9|F4_0,3.0,50,0.08376,0.08376,0.08376,25,25,0.5,0.5,False
ecb,rgdp,real_gdp_yoy,2001,2,,2001Q4,rolling_1y,1.0,,T0_0|F0_0T0_4|F0_5T0_9|F1_0T1_4|F1_5T1_9|F2_0T2_4|F2_5T2_9|F3_0T3_4|F3_5T3_9|F4_0,4.0,50,0.001,0.001,0.001,1,1,0.02,0.02,False
ecb,rgdp,real_gdp_yoy,2001,2,,2001Q4,rolling_1y,1.0,,T0_0|F0_0T0_4|F0_5T0_9|F1_0T1_4|F1_5T1_9|F2_0T2_4|F2_5T2_9|F3_0T3_4|F3_5T3_9|F4_0,5.0,50,0.0,0.001,,0,1,0.0,0.02,True
ecb,rgdp,real_gdp_yoy,2001,2,,2001Q4,rolling_1y,1.0,,T0_0|F0_0T0_4|F0_5T0_9|F1_0T1_4|F1_5T1_9|F2_0T2_4|F2_5T2_9|F3_0T3_4|F3_5T3_9|F4_0,10.0,50,0.0,0.001,,0,1,0.0,0.02,True
ecb,rgdp,real_gdp_yoy,2001,2,,2002Q4,rolling_2y,2.0,,T0_0|F0_0T0_4|F0_5T0_9|F1_0T1_4|F1_5T1_9|F2_0T2_4|F2_5T2_9|F3_0T3_4|F3_5T3_9|F4_0,3.0,49,0.2623469387755102,0.2623469387755102,0.2623469387755102,41,41,0.8367346938775511,0.8367346938775511,False
ecb,rgdp,real_gdp_yoy,2001,2,,2002Q4,rolling_2y,2.0,,T0_0|F0_0T0_4|F0_5T0_9|F1_0T1_4|F1_5T1_9|F2_0T2_4|F2_5T2_9|F3_0T3_4|F3_5T3_9|F4_0,4.0,49,0.017622448979591837,0.017622448979591837,0.017622448979591837,6,6,0.12244897959183673,0.12244897959183673,False
ecb,rgdp,real_gdp_yoy,2001,2,,2002Q4,rolling_2y,2.0,,T0_0|F0_0T0_4|F0_5T0_9|F1_0T1_4|F1_5T1_9|F2_0T2_4|F2_5T2_9|F3_0T3_4|F3_5T3_9|F4_0,5.0,49,0.0,0.017622448979591837,,0,6,0.0,0.12244897959183673,True
ecb,rgdp,real_gdp_yoy,2001,2,,2002Q4,rolling_2y,2.0,,T0_0|F0_0T0_4|F0_5T0_9|F1_0T1_4|F1_5T1_9|F2_0T2_4|F2_5T2_9|F3_0T3_4|F3_5T3_9|F4_0,10.0,49,0.0,0.017622448979591837,,0,6,0.0,0.12244897959183673,True
ecb,rgdp,real_gdp_yoy,2001,3,2001,2001,current_year,0.0,,T0_0|F0_0T0_4|F0_5T0_9|F1_0T1_4|F1_5T1_9|F2_0T2_4|F2_5T2_9|F3_0T3_4|F3_5T3_9|F4_0,3.0,48,0.0163026579875,0.0163026579875,0.0163026579875,6,6,0.125,0.125,False
ecb,rgdp,real_gdp_yoy,2001,3,2001,2001,current_year,0.0,,T0_0|F0_0T0_4|F0_5T0_9|F1_0T1_4|F1_5T1_9|F2_0T2_4|F2_5T2_9|F3_0T3_4|F3_5T3_9|F4_0,4.0,48,0.00020833333333333335,0.00020833333333333335,0.00020833333333333335,1,1,0.020833333333333332,0.020833333333333332,False
ecb,rgdp,real_gdp_yoy,2001,3,2001,2001,current_year,0.0,,T0_0|F0_0T0_4|F0_5T0_9|F1_0T1_4|F1_5T1_9|F2_0T2_4|F2_5T2_9|F3_0T3_4|F3_5T3_9|F4_0,5.0,48,0.0,0.00020833333333333335,,0,1,0.0,0.020833333333333332,True
ecb,rgdp,real_gdp_yoy,2001,3,2001,2001,current_year,0.0,,T0_0|F0_0T0_4|F0_5T0_9|F1_0T1_4|F1_5T1_9|F2_0T2_4|F2_5T2_9|F3_0T3_4|F3_5T3_9|F4_0,10.0,48,0.0,0.00020833333333333335,,0,1,0.0,0.020833333333333332,True
ecb,rgdp,real_gdp_yoy,2001,3,2002,2002,next_year,1.0,,T0_0|F0_0T0_4|F0_5T0_9|F1_0T1_4|F1_5T1_9|F2_0T2_4|F2_5T2_9|F3_0T3_4|F3_5T3_9|F4_0,3.0,46,0.06924216251956661,0.06924216251956661,0.06924216251956658,26,26,0.5652173913043478,0.5652173913043478,False
ecb,rgdp,real_gdp_yoy,2001,3,2002,2002,next_year,1.0,,T0_0|F0_0T0_4|F0_5T0_9|F1_0T1_4|F1_5T1_9|F2_0T2_4|F2_5T2_9|F3_0T3_4|F3_5T3_9|F4_0,4.0,46,0.004433082049796261,0.004433082049796261,0.004433082049796261,4,4,0.08695652173913043,0.08695652173913043,False
ecb,rgdp,real_gdp_yoy,2001,3,2002,2002,next_year,1.0,,T0_0|F0_0T0_4|F0_5T0_9|F1_0T1_4|F1_5T1_9|F2_0T2_4|F2_5T2_9|F3_0T3_4|F3_5T3_9|F4_0,5.0,46,0.0,0.004433082049796261,,0,4,0.0,0.08695652173913043,True
ecb,rgdp,real_gdp_yoy,2001,3,2002,2002,next_year,1.0,,T0_0|F0_0T0_4|F0_5T0_9|F1_0T1_4|F1_5T1_9|F2_0T2_4|F2_5T2_9|F3_0T3_4|F3_5T3_9|F4_0,10.0,46,0.0,0.004433082049796261,,0,4,0.0,0.08695652173913043,True
ecb,rgdp,real_gdp_yoy,2001,3,2003,2003,year_after_next,2.0,,T0_0|F0_0T0_4|F0_5T0_9|F1_0T1_4|F1_5T1_9|F2_0T2_4|F2_5T2_9|F3_0T3_4|F3_5T3_9|F4_0,3.0,37,0.14359640501717316,0.14359640501717316,0.14359640501717316,28,28,0.7567567567567568,0.7567567567567568,False
ecb,rgdp,real_gdp_yoy,2001,3,2003,2003,year_after_next,2.0,,T0_0|F0_0T0_4|F0_5T0_9|F1_0T1_4|F1_5T1_9|F2_0T2_4|F2_5T2_9|F3_0T3_4|F3_5T3_9|F4_0,4.0,37,0.004054054054054054,0.004054054054054054,0.004054054054054054,2,2,0.05405405405405406,0.05405405405405406,False
ecb,rgdp,real_gdp_yoy,2001,3,2003,2003,year_after_next,2.0,,T0_0|F0_0T0_4|F0_5T0_9|F1_0T1_4|F1_5T1_9|F2_0T2_4|F2_5T2_9|F3_0T3_4|F3_5T3_9|F4_0,5.0,37,0.0,0.004054054054054054,,0,2,0.0,0.05405405405405406,True
ecb,rgdp,real_gdp_yoy,2001,3,2003,2003,year_after_next,2.0,,T0_0|F0_0T0_4|F0_5T0_9|F1_0T1_4|F1_5T1_9|F2_0T2_4|F2_5T2_9|F3_0T3_4|F3_5T3_9|F4_0,10.0,37,0.0,0.004054054054054054,,0,2,0.0,0.05405405405405406,True
ecb,rgdp,real_gdp_yoy,2001,3,2006,2006,longer_term,5.0,,T0_0|F0_0T0_4|F0_5T0_9|F1_0T1_4|F1_5T1_9|F2_0T2_4|F2_5T2_9|F3_0T3_4|F3_5T3_9|F4_0,3.0,31,0.19348484848484848,0.19348484848484848,0.19348484848484848,28,28,0.9032258064516129,0.9032258064516129,False
ecb,rgdp,real_gdp_yoy,2001,3,2006,2006,longer_term,5.0,,T0_0|F0_0T0_4|F0_5T0_9|F1_0T1_4|F1_5T1_9|F2_0T2_4|F2_5T2_9|F3_0T3_4|F3_5T3_9|F4_0,4.0,31,0.024226132290648423,0.024226132290648423,0.024226132290648423,10,10,0.3225806451612903,0.3225806451612903,False
ecb,rgdp,real_gdp_yoy,2001,3,2006,2006,longer_term,5.0,,T0_0|F0_0T0_4|F0_5T0_9|F1_0T1_4|F1_5T1_9|F2_0T2_4|F2_5T2_9|F3_0T3_4|F3_5T3_9|F4_0,5.0,31,0.0,0.024226132290648423,,0,10,0.0,0.3225806451612903,True
ecb,rgdp,real_gdp_yoy,2001,3,2006,2006,longer_term,5.0,,T0_0|F0_0T0_4|F0_5T0_9|F1_0T1_4|F1_5T1_9|F2_0T2_4|F2_5T2_9|F3_0T3_4|F3_5T3_9|F4_0,10.0,31,0.0,0.024226132290648423,,0,10,0.0,0.3225806451612903,True
ecb,rgdp,real_gdp_yoy,2001,3,,2002Q1,rolling_1y,1.0,,T0_0|F0_0T0_4|F0_5T0_9|F1_0T1_4|F1_5T1_9|F2_0T2_4|F2_5T2_9|F3_0T3_4|F3_5T3_9|F4_0,3.0,37,0.026000108324324325,0.026000108324324325,0.026000108324324325,8,8,0.21621621621621623,0.21621621621621623,False
ecb,rgdp,real_gdp_yoy,2001,3,,2002Q1,rolling_1y,1.0,,T0_0|F0_0T0_4|F0_5T0_9|F1_0T1_4|F1_5T1_9|F2_0T2_4|F2_5T2_9|F3_0T3_4|F3_5T3_9|F4_0,4.0,37,0.0024324324324324323,0.0024324324324324323,0.0024324324324324323,2,2,0.05405405405405406,0.05405405405405406,False
ecb,rgdp,real_gdp_yoy,2001,3,,2002Q1,rolling_1y,1.0,,T0_0|F0_0T0_4|F0_5T0_9|F1_0T1_4|F1_5T1_9|F2_0T2_4|F2_5T2_9|F3_0T3_4|F3_5T3_9|F4_0,5.0,37,0.0,0.0024324324324324323,,0,2,0.0,0.05405405405405406,True
ecb,rgdp,real_gdp_yoy,2001,3,,2002Q1,rolling_1y,1.0,,T0_0|F0_0T0_4|F0_5T0_9|F1_0T1_4|F1_5T1_9|F2_0T2_4|F2_5T2_9|F3_0T3_4|F3_5T3_9|F4_0,10.0,37,0.0,0.0024324324324324323,,0,2,0.0,0.05405405405405406,True
ecb,rgdp,real_gdp_yoy,2001,3,,2003Q1,rolling_2y,2.0,,T0_0|F0_0T0_4|F0_5T0_9|F1_0T1_4|F1_5T1_9|F2_0T2_4|F2_5T2_9|F3_0T3_4|F3_5T3_9|F4_0,3.0,30,0.15999966699999998,0.15999966699999998,0.15999966699999998,24,24,0.8,0.8,False
ecb,rgdp,real_gdp_yoy,2001,3,,2003Q1,rolling_2y,2.0,,T0_0|F0_0T0_4|F0_5T0_9|F1_0T1_4|F1_5T1_9|F2_0T2_4|F2_5T2_9|F3_0T3_4|F3_5T3_9|F4_0,4.0,30,0.007333333333333333,0.007333333333333333,0.007333333333333333,3,3,0.1,0.1,False
ecb,rgdp,real_gdp_yoy,2001,3,,2003Q1,rolling_2y,2.0,,T0_0|F0_0T0_4|F0_5T0_9|F1_0T1_4|F1_5T1_9|F2_0T2_4|F2_5T2_9|F3_0T3_4|F3_5T3_9|F4_0,5.0,30,0.0,0.007333333333333333,,0,3,0.0,0.1,True
ecb,rgdp,real_gdp_yoy,2001,3,,2003Q1,rolling_2y,2.0,,T0_0|F0_0T0_4|F0_5T0_9|F1_0T1_4|F1_5T1_9|F2_0T2_4|F2_5T2_9|F3_0T3_4|F3_5T3_9|F4_0,10.0,30,0.0,0.007333333333333333,,0,3,0.0,0.1,True
ecb,rgdp,real_gdp_yoy,2001,4,2001,2001,current_year,0.0,,T0_0|F0_0T0_4|F0_5T0_9|F1_0T1_4|F1_5T1_9|F2_0T2_4|F2_5T2_9|F3_0T3_4|F3_5T3_9|F4_0,3.0,52,0.0020134821173340405,0.0020134821173340405,0.0020134821173340405,5,5,0.09615384615384616,0.09615384615384616,False
ecb,rgdp,real_gdp_yoy,2001,4,2001,2001,current_year,0.0,,T0_0|F0_0T0_4|F0_5T0_9|F1_0T1_4|F1_5T1_9|F2_0T2_4|F2_5T2_9|F3_0T3_4|F3_5T3_9|F4_0,4.0,52,0.0001923076923076923,0.0001923076923076923,0.0001923076923076923,1,1,0.019230769230769232,0.019230769230769232,False
ecb,rgdp,real_gdp_yoy,2001,4,2001,2001,current_year,0.0,,T0_0|F0_0T0_4|F0_5T0_9|F1_0T1_4|F1_5T1_9|F2_0T2_4|F2_5T2_9|F3_0T3_4|F3_5T3_9|F4_0,5.0,52,0.0,0.0001923076923076923,,0,1,0.0,0.019230769230769232,True
ecb,rgdp,real_gdp_yoy,2001,4,2001,2001,current_year,0.0,,T0_0|F0_0T0_4|F0_5T0_9|F1_0T1_4|F1_5T1_9|F2_0T2_4|F2_5T2_9|F3_0T3_4|F3_5T3_9|F4_0,10.0,52,0.0,0.0001923076923076923,,0,1,0.0,0.019230769230769232,True
ecb,rgdp,real_gdp_yoy,2001,4,2002,2002,next_year,1.0,,T0_0|F0_0T0_4|F0_5T0_9|F1_0T1_4|F1_5T1_9|F2_0T2_4|F2_5T2_9|F3_0T3_4|F3_5T3_9|F4_0,3.0,52,0.010505574135000558,0.010505574135000558,0.010505574135000558,6,6,0.11538461538461539,0.11538461538461539,False
ecb,rgdp,real_gdp_yoy,2001,4,2002,2002,next_year,1.0,,T0_0|F0_0T0_4|F0_5T0_9|F1_0T1_4|F1_5T1_9|F2_0T2_4|F2_5T2_9|F3_0T3_4|F3_5T3_9|F4_0,4.0,52,0.002384801188603865,0.002384801188603865,0.002384801188603865,3,3,0.057692307692307696,0.057692307692307696,False
ecb,rgdp,real_gdp_yoy,2001,4,2002,2002,next_year,1.0,,T0_0|F0_0T0_4|F0_5T0_9|F1_0T1_4|F1_5T1_9|F2_0T2_4|F2_5T2_9|F3_0T3_4|F3_5T3_9|F4_0,5.0,52,0.0,0.002384801188603865,,0,3,0.0,0.057692307692307696,True
ecb,rgdp,real_gdp_yoy,2001,4,2002,2002,next_year,1.0,,T0_0|F0_0T0_4|F0_5T0_9|F1_0T1_4|F1_5T1_9|F2_0T2_4|F2_5T2_9|F3_0T3_4|F3_5T3_9|F4_0,10.0,52,0.0,0.002384801188603865,,0,3,0.0,0.057692307692307696,True
ecb,rgdp,real_gdp_yoy,2001,4,2003,2003,year_after_next,2.0,,T0_0|F0_0T0_4|F0_5T0_9|F1_0T1_4|F1_5T1_9|F2_0T2_4|F2_5T2_9|F3_0T3_4|F3_5T3_9|F4_0,3.0,46,0.11354687962088879,0.11354687962088879,0.11354687962088879,30,30,0.6521739130434783,0.6521739130434783,False
ecb,rgdp,real_gdp_yoy,2001,4,2003,2003,year_after_next,2.0,,T0_0|F0_0T0_4|F0_5T0_9|F1_0T1_4|F1_5T1_9|F2_0T2_4|F2_5T2_9|F3_0T3_4|F3_5T3_9|F4_0,4.0,46,0.009148181010780836,0.009148181010780836,0.009148181010780836,5,5,0.10869565217391304,0.10869565217391304,False
ecb,rgdp,real_gdp_yoy,2001,4,2003,2003,year_after_next,2.0,,T0_0|F0_0T0_4|F0_5T0_9|F1_0T1_4|F1_5T1_9|F2_0T2_4|F2_5T2_9|F3_0T3_4|F3_5T3_9|F4_0,5.0,46,0.0,0.009148181010780836,,0,5,0.0,0.10869565217391304,True
ecb,rgdp,real_gdp_yoy,2001,4,2003,2003,year_after_next,2.0,,T0_0|F0_0T0_4|F0_5T0_9|F1_0T1_4|F1_5T1_9|F2_0T2_4|F2_5T2_9|F3_0T3_4|F3_5T3_9|F4_0,10.0,46,0.0,0.009148181010780836,,0,5,0.0,0.10869565217391304,True
ecb,rgdp,real_gdp_yoy,2001,4,2006,2006,longer_term,5.0,,T0_0|F0_0T0_4|F0_5T0_9|F1_0T1_4|F1_5T1_9|F2_0T2_4|F2_5T2_9|F3_0T3_4|F3_5T3_9|F4_0,3.0,34,0.19034507862550964,0.19034507862550964,0.19034507862550964,28,28,0.8235294117647058,0.8235294117647058,False
ecb,rgdp,real_gdp_yoy,2001,4,2006,2006,longer_term,5.0,,T0_0|F0_0T0_4|F0_5T0_9|F1_0T1_4|F1_5T1_9|F2_0T2_4|F2_5T2_9|F3_0T3_4|F3_5T3_9|F4_0,4.0,34,0.023206173558532325,0.023206173558532325,0.023206173558532325,11,11,0.3235294117647059,0.3235294117647059,False
ecb,rgdp,real_gdp_yoy,2001,4,2006,2006,longer_term,5.0,,T0_0|F0_0T0_4|F0_5T0_9|F1_0T1_4|F1_5T1_9|F2_0T2_4|F2_5T2_9|F3_0T3_4|F3_5T3_9|F4_0,5.0,34,0.0,0.023206173558532325,,0,11,0.0,0.3235294117647059,True
ecb,rgdp,real_gdp_yoy,2001,4,2006,2006,longer_term,5.0,,T0_0|F0_0T0_4|F0_5T0_9|F1_0T1_4|F1_5T1_9|F2_0T2_4|F2_5T2_9|F3_0T3_4|F3_5T3_9|F4_0,10.0,34,0.0,0.023206173558532325,,0,11,0.0,0.3235294117647059,True
ecb,rgdp,real_gdp_yoy,2001,4,,2002Q2,rolling_1y,1.0,,T0_0|F0_0T0_4|F0_5T0_9|F1_0T1_4|F1_5T1_9|F2_0T2_4|F2_5T2_9|F3_0T3_4|F3_5T3_9|F4_0,3.0,39,0.0026645872205128206,0.0026645872205128206,0.0026645872205128206,4,4,0.10256410256410256,0.10256410256410256,False
ecb,rgdp,real_gdp_yoy,2001,4,,2002Q2,rolling_1y,1.0,,T0_0|F0_0T0_4|F0_5T0_9|F1_0T1_4|F1_5T1_9|F2_0T2_4|F2_5T2_9|F3_0T3_4|F3_5T3_9|F4_0,4.0,39,0.0001282051282051282,0.0001282051282051282,0.0001282051282051282,1,1,0.02564102564102564,0.02564102564102564,False
ecb,rgdp,real_gdp_yoy,2001,4,,2002Q2,rolling_1y,1.0,,T0_0|F0_0T0_4|F0_5T0_9|F1_0T1_4|F1_5T1_9|F2_0T2_4|F2_5T2_9|F3_0T3_4|F3_5T3_9|F4_0,5.0,39,0.0,0.0001282051282051282,,0,1,0.0,0.02564102564102564,True
ecb,rgdp,real_gdp_yoy,2001,4,,2002Q2,rolling_1y,1.0,,T0_0|F0_0T0_4|F0_5T0_9|F1_0T1_4|F1_5T1_9|F2_0T2_4|F2_5T2_9|F3_0T3_4|F3_5T3_9|F4_0,10.0,39,0.0,0.0001282051282051282,,0,1,0.0,0.02564102564102564,True
ecb,rgdp,real_gdp_yoy,2001,4,,2003Q2,rolling_2y,2.0,,T0_0|F0_0T0_4|F0_5T0_9|F1_0T1_4|F1_5T1_9|F2_0T2_4|F2_5T2_9|F3_0T3_4|F3_5T3_9|F4_0,3.0,35,0.13507763664935063,0.13507763664935063,0.13507763664935063,23,23,0.6571428571428571,0.6571428571428571,False
ecb,rgdp,real_gdp_yoy,2001,4,,2003Q2,rolling_2y,2.0,,T0_0|F0_0T0_4|F0_5T0_9|F1_0T1_4|F1_5T1_9|F2_0T2_4|F2_5T2_9|F3_0T3_4|F3_5T3_9|F4_0,4.0,35,0.010880230880230882,0.010880230880230882,0.010880230880230882,4,4,0.11428571428571428,0.11428571428571428,False
ecb,rgdp,real_gdp_yoy,2001,4,,2003Q2,rolling_2y,2.0,,T0_0|F0_0T0_4|F0_5T0_9|F1_0T1_4|F1_5T1_9|F2_0T2_4|F2_5T2_9|F3_0T3_4|F3_5T3_9|F4_0,5.0,35,0.0,0.010880230880230882,,0,4,0.0,0.11428571428571428,True
ecb,rgdp,real_gdp_yoy,2001,4,,2003Q2,rolling_2y,2.0,,T0_0|F0_0T0_4|F0_5T0_9|F1_0T1_4|F1_5T1_9|F2_0T2_4|F2_5T2_9|F3_0T3_4|F3_5T3_9|F4_0,10.0,35,0.0,0.010880230880230882,,0,4,0.0,0.11428571428571428,True
ecb,rgdp,real_gdp_yoy,2002,1,2002,2002,current_year,0.0,,T0_0|F0_0T0_4|F0_5T0_9|F1_0T1_4|F1_5T1_9|F2_0T2_4|F2_5T2_9|F3_0T3_4|F3_5T3_9|F4_0,3.0,53,0.005153390579190416,0.005153390579190416,0.005153390579190416,5,5,0.09433962264150944,0.09433962264150944,False
ecb,rgdp,real_gdp_yoy,2002,1,2002,2002,current_year,0.0,,T0_0|F0_0T0_4|F0_5T0_9|F1_0T1_4|F1_5T1_9|F2_0T2_4|F2_5T2_9|F3_0T3_4|F3_5T3_9|F4_0,4.0,53,0.0008704897207525738,0.0008704897207525738,0.0008704897207525738,4,4,0.07547169811320754,0.07547169811320754,False
ecb,rgdp,real_gdp_yoy,2002,1,2002,2002,current_year,0.0,,T0_0|F0_0T0_4|F0_5T0_9|F1_0T1_4|F1_5T1_9|F2_0T2_4|F2_5T2_9|F3_0T3_4|F3_5T3_9|F4_0,5.0,53,0.0,0.0008704897207525738,,0,4,0.0,0.07547169811320754,True
ecb,rgdp,real_gdp_yoy,2002,1,2002,2002,current_year,0.0,,T0_0|F0_0T0_4|F0_5T0_9|F1_0T1_4|F1_5T1_9|F2_0T2_4|F2_5T2_9|F3_0T3_4|F3_5T3_9|F4_0,10.0,53,0.0,0.0008704897207525738,,0,4,0.0,0.07547169811320754,True
ecb,rgdp,real_gdp_yoy,2002,1,2003,2003,next_year,1.0,,T0_0|F0_0T0_4|F0_5T0_9|F1_0T1_4|F1_5T1_9|F2_0T2_4|F2_5T2_9|F3_0T3_4|F3_5T3_9|F4_0,3.0,51,0.1688598286698694,0.1688598286698694,0.1688598286698694,37,37,0.7254901960784313,0.7254901960784313,False
ecb,rgdp,real_gdp_yoy,2002,1,2003,2003,next_year,1.0,,T0_0|F0_0T0_4|F0_5T0_9|F1_0T1_4|F1_5T1_9|F2_0T2_4|F2_5T2_9|F3_0T3_4|F3_5T3_9|F4_0,4.0,51,0.011833629290481757,0.011833629290481757,0.011833629290481757,8,8,0.1568627450980392,0.1568627450980392,False
ecb,rgdp,real_gdp_yoy,2002,1,2003,2003,next_year,1.0,,T0_0|F0_0T0_4|F0_5T0_9|F1_0T1_4|F1_5T1_9|F2_0T2_4|F2_5T2_9|F3_0T3_4|F3_5T3_9|F4_0,5.0,51,0.0,0.011833629290481757,,0,8,0.0,0.1568627450980392,True
ecb,rgdp,real_gdp_yoy,2002,1,2003,2003,next_year,1.0,,T0_0|F0_0T0_4|F0_5T0_9|F1_0T1_4|F1_5T1_9|F2_0T2_4|F2_5T2_9|F3_0T3_4|F3_5T3_9|F4_0,10.0,51,0.0,0.011833629290481757,,0,8,0.0,0.1568627450980392,True
ecb,rgdp,real_gdp_yoy,2002,1,2006,2006,longer_term,4.0,,T0_0|F0_0T0_4|F0_5T0_9|F1_0T1_4|F1_5T1_9|F2_0T2_4|F2_5T2_9|F3_0T3_4|F3_5T3_9|F4_0,3.0,35,0.18860984972240386,0.18860984972240386,0.18860984972240386,27,27,0.7714285714285715,0.7714285714285715,False
ecb,rgdp,real_gdp_yoy,2002,1,2006,2006,longer_term,4.0,,T0_0|F0_0T0_4|F0_5T0_9|F1_0T1_4|F1_5T1_9|F2_0T2_4|F2_5T2_9|F3_0T3_4|F3_5T3_9|F4_0,4.0,35,0.012850960594313668,0.012850960594313668,0.012850960594313668,8,8,0.22857142857142856,0.22857142857142856,False
ecb,rgdp,real_gdp_yoy,2002,1,2006,2006,longer_term,4.0,,T0_0|F0_0T0_4|F0_5T0_9|F1_0T1_4|F1_5T1_9|F2_0T2_4|F2_5T2_9|F3_0T3_4|F3_5T3_9|F4_0,5.0,35,0.0,0.012850960594313668,,0,8,0.0,0.22857142857142856,True
ecb,rgdp,real_gdp_yoy,2002,1,2006,2006,longer_term,4.0,,T0_0|F0_0T0_4|F0_5T0_9|F1_0T1_4|F1_5T1_9|F2_0T2_4|F2_5T2_9|F3_0T3_4|F3_5T3_9|F4_0,10.0,35,0.0,0.012850960594313668,,0,8,0.0,0.22857142857142856,True
ecb,rgdp,real_gdp_yoy,2002,1,,2002Q3,rolling_1y,1.0,,T0_0|F0_0T0_4|F0_5T0_9|F1_0T1_4|F1_5T1_9|F2_0T2_4|F2_5T2_9|F3_0T3_4|F3_5T3_9|F4_0,3.0,42,0.020952435485714287,0.020952435485714287,0.020952435485714287,8,8,0.19047619047619047,0.19047619047619047,False
ecb,rgdp,real_gdp_yoy,2002,1,,2002Q3,rolling_1y,1.0,,T0_0|F0_0T0_4|F0_5T0_9|F1_0T1_4|F1_5T1_9|F2_0T2_4|F2_5T2_9|F3_0T3_4|F3_5T3_9|F4_0,4.0,42,0.0002380952380952381,0.0002380952380952381,0.0002380952380952381,1,1,0.023809523809523808,0.023809523809523808,False
ecb,rgdp,real_gdp_yoy,2002,1,,2002Q3,rolling_1y,1.0,,T0_0|F0_0T0_4|F0_5T0_9|F1_0T1_4|F1_5T1_9|F2_0T2_4|F2_5T2_9|F3_0T3_4|F3_5T3_9|F4_0,5.0,42,0.0,0.0002380952380952381,,0,1,0.0,0.023809523809523808,True
ecb,rgdp,real_gdp_yoy,2002,1,,2002Q3,rolling_1y,1.0,,T0_0|F0_0T0_4|F0_5T0_9|F1_0T1_4|F1_5T1_9|F2_0T2_4|F2_5T2_9|F3_0T3_4|F3_5T3_9|F4_0,10.0,42,0.0,0.0002380952380952381,,0,1,0.0,0.023809523809523808,True
ecb,rgdp,real_gdp_yoy,2002,1,,2003Q3,rolling_2y,2.0,,T0_0|F0_0T0_4|F0_5T0_9|F1_0T1_4|F1_5T1_9|F2_0T2_4|F2_5T2_9|F3_0T3_4|F3_5T3_9|F4_0,3.0,41,0.23772106746116237,0.23772106746116237,0.23772106746116237,35,35,0.8536585365853658,0.8536585365853658,False
ecb,rgdp,real_gdp_yoy,2002,1,,2003Q3,rolling_2y,2.0,,T0_0|F0_0T0_4|F0_5T0_9|F1_0T1_4|F1_5T1_9|F2_0T2_4|F2_5T2_9|F3_0T3_4|F3_5T3_9|F4_0,4.0,41,0.010000222158536609,0.010000222158536609,0.010000222158536609,6,6,0.14634146341463414,0.14634146341463414,False
ecb,rgdp,real_gdp_yoy,2002,1,,2003Q3,rolling_2y,2.0,,T0_0|F0_0T0_4|F0_5T0_9|F1_0T1_4|F1_5T1_9|F2_0T2_4|F2_5T2_9|F3_0T3_4|F3_5T3_9|F4_0,5.0,41,0.0,0.010000222158536609,,0,6,0.0,0.14634146341463414,True
ecb,rgdp,real_gdp_yoy,2002,1,,2003Q3,rolling_2y,2.0,,T0_0|F0_0T0_4|F0_5T0_9|F1_0T1_4|F1_5T1_9|F2_0T2_4|F2_5T2_9|F3_0T3_4|F3_5T3_9|F4_0,10.0,41,0.0,0.010000222158536609,,0,6,0.0,0.14634146341463414,True
ecb,rgdp,real_gdp_yoy,2002,2,2002,2002,current_year,0.0,,T0_0|F0_0T0_4|F0_5T0_9|F1_0T1_4|F1_5T1_9|F2_0T2_4|F2_5T2_9|F3_0T3_4|F3_5T3_9|F4_0,3.0,56,0.0029812706061969965,0.0029812706061969965,0.0029812706061969965,6,6,0.10714285714285714,0.10714285714285714,False
ecb,rgdp,real_gdp_yoy,2002,2,2002,2002,current_year,0.0,,T0_0|F0_0T0_4|F0_5T0_9|F1_0T1_4|F1_5T1_9|F2_0T2_4|F2_5T2_9|F3_0T3_4|F3_5T3_9|F4_0,4.0,56,0.000377427431964306,0.000377427431964306,0.000377427431964306,3,3,0.05357142857142857,0.05357142857142857,False
ecb,rgdp,real_gdp_yoy,2002,2,2002,2002,current_year,0.0,,T0_0|F0_0T0_4|F0_5T0_9|F1_0T1_4|F1_5T1_9|F2_0T2_4|F2_5T2_9|F3_0T3_4|F3_5T3_9|F4_0,5.0,56,0.0,0.000377427431964306,,0,3,0.0,0.05357142857142857,True
ecb,rgdp,real_gdp_yoy,2002,2,2002,2002,current_year,0.0,,T0_0|F0_0T0_4|F0_5T0_9|F1_0T1_4|F1_5T1_9|F2_0T2_4|F2_5T2_9|F3_0T3_4|F3_5T3_9|F4_0,10.0,56,0.0,0.000377427431964306,,0,3,0.0,0.05357142857142857,True
ecb,rgdp,real_gdp_yoy,2002,2,2003,2003,next_year,1.0,,T0_0|F0_0T0_4|F0_5T0_9|F1_0T1_4|F1_5T1_9|F2_0T2_4|F2_5T2_9|F3_0T3_4|F3_5T3_9|F4_0,3.0,55,0.18781923575564666,0.18781923575564666,0.18781923575564666,42,42,0.7636363636363637,0.7636363636363637,False
ecb,rgdp,real_gdp_yoy,2002,2,2003,2003,next_year,1.0,,T0_0|F0_0T0_4|F0_5T0_9|F1_0T1_4|F1_5T1_9|F2_0T2_4|F2_5T2_9|F3_0T3_4|F3_5T3_9|F4_0,4.0,55,0.006077561177547714,0.006077561177547714,0.006077561177547714,4,4,0.07272727272727272,0.07272727272727272,False
ecb,rgdp,real_gdp_yoy,2002,2,2003,2003,next_year,1.0,,T0_0|F0_0T0_4|F0_5T0_9|F1_0T1_4|F1_5T1_9|F2_0T2_4|F2_5T2_9|F3_0T3_4|F3_5T3_9|F4_0,5.0,55,0.0,0.006077561177547714,,0,4,0.0,0.07272727272727272,True
ecb,rgdp,real_gdp_yoy,2002,2,2003,2003,next_year,1.0,,T0_0|F0_0T0_4|F0_5T0_9|F1_0T1_4|F1_5T1_9|F2_0T2_4|F2_5T2_9|F3_0T3_4|F3_5T3_9|F4_0,10.0,55,0.0,0.006077561177547714,,0,4,0.0,0.07272727272727272,True
ecb,rgdp,real_gdp_yoy,2002,2,2006,2006,longer_term,4.0,,T0_0|F0_0T0_4|F0_5T0_9|F1_0T1_4|F1_5T1_9|F2_0T2_4|F2_5T2_9|F3_0T3_4|F3_5T3_9|F4_0,3.0,38,0.16196934644302632,0.16196934644302632,0.16196934644302632,30,30,0.7894736842105263,0.7894736842105263,False
ecb,rgdp,real_gdp_yoy,2002,2,2006,2006,longer_term,4.0,,T0_0|F0_0T0_4|F0_5T0_9|F1_0T1_4|F1_5T1_9|F2_0T2_4|F2_5T2_9|F3_0T3_4|F3_5T3_9|F4_0,4.0,38,0.009736842105263158,0.009736842105263158,0.009736842105263158,8,8,0.21052631578947367,0.21052631578947367,False
ecb,rgdp,real_gdp_yoy,2002,2,2006,2006,longer_term,4.0,,T0_0|F0_0T0_4|F0_5T0_9|F1_0T1_4|F1_5T1_9|F2_0T2_4|F2_5T2_9|F3_0T3_4|F3_5T3_9|F4_0,5.0,38,0.0,0.009736842105263158,,0,8,0.0,0.21052631578947367,True
ecb,rgdp,real_gdp_yoy,2002,2,2006,2006,longer_term,4.0,,T0_0|F0_0T0_4|F0_5T0_9|F1_0T1_4|F1_5T1_9|F2_0T2_4|F2_5T2_9|F3_0T3_4|F3_5T3_9|F4_0,10.0,38,0.0,0.009736842105263158,,0,8,0.0,0.21052631578947367,True
ecb,rgdp,real_gdp_yoy,2002,2,,2002Q4,rolling_1y,1.0,,T0_0|F0_0T0_4|F0_5T0_9|F1_0T1_4|F1_5T1_9|F2_0T2_4|F2_5T2_9|F3_0T3_4|F3_5T3_9|F4_0,3.0,46,0.1032608695652174,0.1032608695652174,0.1032608695652174,22,22,0.4782608695652174,0.4782608695652174,False
ecb,rgdp,real_gdp_yoy,2002,2,,2002Q4,rolling_1y,1.0,,T0_0|F0_0T0_4|F0_5T0_9|F1_0T1_4|F1_5T1_9|F2_0T2_4|F2_5T2_9|F3_0T3_4|F3_5T3_9|F4_0,4.0,46,0.004130434782608695,0.004130434782608695,0.004130434782608695,3,3,0.06521739130434782,0.06521739130434782,False
ecb,rgdp,real_gdp_yoy,2002,2,,2002Q4,rolling_1y,1.0,,T0_0|F0_0T0_4|F0_5T0_9|F1_0T1_4|F1_5T1_9|F2_0T2_4|F2_5T2_9|F3_0T3_4|F3_5T3_9|F4_0,5.0,46,0.0,0.004130434782608695,,0,3,0.0,0.06521739130434782,True
ecb,rgdp,real_gdp_yoy,2002,2,,2002Q4,rolling_1y,1.0,,T0_0|F0_0T0_4|F0_5T0_9|F1_0T1_4|F1_5T1_9|F2_0T2_4|F2_5T2_9|F3_0T3_4|F3_5T3_9|F4_0,10.0,46,0.0,0.004130434782608695,,0,3,0.0,0.06521739130434782,True
ecb,rgdp,real_gdp_yoy,2002,2,,2003Q4,rolling_2y,2.0,,T0_0|F0_0T0_4|F0_5T0_9|F1_0T1_4|F1_5T1_9|F2_0T2_4|F2_5T2_9|F3_0T3_4|F3_5T3_9|F4_0,3.0,45,0.16719766081871112,0.16719766081871112,0.16719766081871112,34,34,0.7555555555555555,0.7555555555555555,False
ecb,rgdp,real_gdp_yoy,2002,2,,2003Q4,rolling_2y,2.0,,T0_0|F0_0T0_4|F0_5T0_9|F1_0T1_4|F1_5T1_9|F2_0T2_4|F2_5T2_9|F3_0T3_4|F3_5T3_9|F4_0,4.0,45,0.003777777777777778,0.003777777777777778,0.003777777777777778,3,3,0.06666666666666667,0.06666666666666667,False
ecb,rgdp,real_gdp_yoy,2002,2,,2003Q4,rolling_2y,2.0,,T0_0|F0_0T0_4|F0_5T0_9|F1_0T1_4|F1_5T1_9|F2_0T2_4|F2_5T2_9|F3_0T3_4|F3_5T3_9|F4_0,5.0,45,0.0,0.003777777777777778,,0,3,0.0,0.06666666666666667,True
ecb,rgdp,real_gdp_yoy,2002,2,,2003Q4,rolling_2y,2.0,,T0_0|F0_0T0_4|F0_5T0_9|F1_0T1_4|F1_5T1_9|F2_0T2_4|F2_5T2_9|F3_0T3_4|F3_5T3_9|F4_0,10.0,45,0.0,0.003777777777777778,,0,3,0.0,0.06666666666666667,True
ecb,rgdp,real_gdp_yoy,2002,3,2002,2002,current_year,0.0,,T0_0|F0_0T0_4|F0_5T0_9|F1_0T1_4|F1_5T1_9|F2_0T2_4|F2_5T2_9|F3_0T3_4|F3_5T3_9|F4_0,3.0,53,0.00011851579245070434,0.00011851579245070434,0.00011851579245070434,4,4,0.07547169811320754,0.07547169811320754,False
ecb,rgdp,real_gdp_yoy,2002,3,2002,2002,current_year,0.0,,T0_0|F0_0T0_4|F0_5T0_9|F1_0T1_4|F1_5T1_9|F2_0T2_4|F2_5T2_9|F3_0T3_4|F3_5T3_9|F4_0,4.0,53,6.081132075467366e-07,6.081132075467366e-07,6.081132075467366e-07,3,3,0.05660377358490566,0.05660377358490566,False
ecb,rgdp,real_gdp_yoy,2002,3,2002,2002,current_year,0.0,,T0_0|F0_0T0_4|F0_5T0_9|F1_0T1_4|F1_5T1_9|F2_0T2_4|F2_5T2_9|F3_0T3_4|F3_5T3_9|F4_0,5.0,53,0.0,6.081132075467366e-07,,0,3,0.0,0.05660377358490566,True
ecb,rgdp,real_gdp_yoy,2002,3,2002,2002,current_year,0.0,,T0_0|F0_0T0_4|F0_5T0_9|F1_0T1_4|F1_5T1_9|F2_0T2_4|F2_5T2_9|F3_0T3_4|F3_5T3_9|F4_0,10.0,53,0.0,6.081132075467366e-07,,0,3,0.0,0.05660377358490566,True
ecb,rgdp,real_gdp_yoy,2002,3,2003,2003,next_year,1.0,,T0_0|F0_0T0_4|F0_5T0_9|F1_0T1_4|F1_5T1_9|F2_0T2_4|F2_5T2_9|F3_0T3_4|F3_5T3_9|F4_0,3.0,52,0.15125738078073334,0.15125738078073334,0.15125738078073334,37,37,0.7115384615384616,0.7115384615384616,False
ecb,rgdp,real_gdp_yoy,2002,3,2003,2003,next_year,1.0,,T0_0|F0_0T0_4|F0_5T0_9|F1_0T1_4|F1_5T1_9|F2_0T2_4|F2_5T2_9|F3_0T3_4|F3_5T3_9|F4_0,4.0,52,0.006682451239633443,0.006682451239633443,0.006682451239633443,7,7,0.1346153846153846,0.1346153846153846,False
ecb,rgdp,real_gdp_yoy,2002,3,2003,2003,next_year,1.0,,T0_0|F0_0T0_4|F0_5T0_9|F1_0T1_4|F1_5T1_9|F2_0T2_4|F2_5T2_9|F3_0T3_4|F3_5T3_9|F4_0,5.0,52,0.0,0.006682451239633443,,0,7,0.0,0.1346153846153846,True
ecb,rgdp,real_gdp_yoy,2002,3,2003,2003,next_year,1.0,,T0_0|F0_0T0_4|F0_5T0_9|F1_0T1_4|F1_5T1_9|F2_0T2_4|F2_5T2_9|F3_0T3_4|F3_5T3_9|F4_0,10.0,52,0.0,0.006682451239633443,,0,7,0.0,0.1346153846153846,True
ecb,rgdp,real_gdp_yoy,2002,3,2004,2004,year_after_next,2.0,,T0_0|F0_0T0_4|F0_5T0_9|F1_0T1_4|F1_5T1_9|F2_0T2_4|F2_5T2_9|F3_0T3_4|F3_5T3_9|F4_0,3.0,44,0.19864666511405335,0.19864666511405335,0.19864666511405335,36,36,0.8181818181818182,0.8181818181818182,False
ecb,rgdp,real_gdp_yoy,2002,3,2004,2004,year_after_next,2.0,,T0_0|F0_0T0_4|F0_5T0_9|F1_0T1_4|F1_5T1_9|F2_0T2_4|F2_5T2_9|F3_0T3_4|F3_5T3_9|F4_0,4.0,44,0.01323788720062975,0.01323788720062975,0.01323788720062975,8,8,0.18181818181818182,0.18181818181818182,False
ecb,rgdp,real_gdp_yoy,2002,3,2004,2004,year_after_next,2.0,,T0_0|F0_0T0_4|F0_5T0_9|F1_0T1_4|F1_5T1_9|F2_0T2_4|F2_5T2_9|F3_0T3_4|F3_5T3_9|F4_0,5.0,44,0.0,0.01323788720062975,,0,8,0.0,0.18181818181818182,True
ecb,rgdp,real_gdp_yoy,2002,3,2004,2004,year_after_next,2.0,,T0_0|F0_0T0_4|F0_5T0_9|F1_0T1_4|F1_5T1_9|F2_0T2_4|F2_5T2_9|F3_0T3_4|F3_5T3_9|F4_0,10.0,44,0.0,0.01323788720062975,,0,8,0.0,0.18181818181818182,True
ecb,rgdp,real_gdp_yoy,2002,3,2007,2007,longer_term,5.0,,T0_0|F0_0T0_4|F0_5T0_9|F1_0T1_4|F1_5T1_9|F2_0T2_4|F2_5T2_9|F3_0T3_4|F3_5T3_9|F4_0,3.0,37,0.15954840587328462,0.15954840587328462,0.15954840587328462,28,28,0.7567567567567568,0.7567567567567568,False
ecb,rgdp,real_gdp_yoy,2002,3,2007,2007,longer_term,5.0,,T0_0|F0_0T0_4|F0_5T0_9|F1_0T1_4|F1_5T1_9|F2_0T2_4|F2_5T2_9|F3_0T3_4|F3_5T3_9|F4_0,4.0,37,0.010882656988984869,0.010882656988984869,0.010882656988984869,8,8,0.21621621621621623,0.21621621621621623,False
ecb,rgdp,real_gdp_yoy,2002,3,2007,2007,longer_term,5.0,,T0_0|F0_0T0_4|F0_5T0_9|F1_0T1_4|F1_5T1_9|F2_0T2_4|F2_5T2_9|F3_0T3_4|F3_5T3_9|F4_0,5.0,37,0.0,0.010882656988984869,,0,8,0.0,0.21621621621621623,True
ecb,rgdp,real_gdp_yoy,2002,3,2007,2007,longer_term,5.0,,T0_0|F0_0T0_4|F0_5T0_9|F1_0T1_4|F1_5T1_9|F2_0T2_4|F2_5T2_9|F3_0T3_4|F3_5T3_9|F4_0,10.0,37,0.0,0.010882656988984869,,0,8,0.0,0.21621621621621623,True
ecb,rgdp,real_gdp_yoy,2002,3,,2003Q1,rolling_1y,1.0,,T0_0|F0_0T0_4|F0_5T0_9|F1_0T1_4|F1_5T1_9|F2_0T2_4|F2_5T2_9|F3_0T3_4|F3_5T3_9|F4_0,3.0,46,0.17039408931896333,0.17039408931896333,0.17039408931896333,33,33,0.717391304347826,0.717391304347826,False
ecb,rgdp,real_gdp_yoy,2002,3,,2003Q1,rolling_1y,1.0,,T0_0|F0_0T0_4|F0_5T0_9|F1_0T1_4|F1_5T1_9|F2_0T2_4|F2_5T2_9|F3_0T3_4|F3_5T3_9|F4_0,4.0,46,0.005426309913140457,0.005426309913140457,0.005426309913140457,7,7,0.15217391304347827,0.15217391304347827,False
ecb,rgdp,real_gdp_yoy,2002,3,,2003Q1,rolling_1y,1.0,,T0_0|F0_0T0_4|F0_5T0_9|F1_0T1_4|F1_5T1_9|F2_0T2_4|F2_5T2_9|F3_0T3_4|F3_5T3_9|F4_0,5.0,46,0.0,0.005426309913140457,,0,7,0.0,0.15217391304347827,True
ecb,rgdp,real_gdp_yoy,2002,3,,2003Q1,rolling_1y,1.0,,T0_0|F0_0T0_4|F0_5T0_9|F1_0T1_4|F1_5T1_9|F2_0T2_4|F2_5T2_9|F3_0T3_4|F3_5T3_9|F4_0,10.0,46,0.0,0.005426309913140457,,0,7,0.0,0.15217391304347827,True
ecb,rgdp,real_gdp_yoy,2002,3,,2004Q1,rolling_2y,2.0,,T0_0|F0_0T0_4|F0_5T0_9|F1_0T1_4|F1_5T1_9|F2_0T2_4|F2_5T2_9|F3_0T3_4|F3_5T3_9|F4_0,3.0,40,0.17322686623895417,0.17322686623895417,0.17322686623895417,31,31,0.775,0.775,False
ecb,rgdp,real_gdp_yoy,2002,3,,2004Q1,rolling_2y,2.0,,T0_0|F0_0T0_4|F0_5T0_9|F1_0T1_4|F1_5T1_9|F2_0T2_4|F2_5T2_9|F3_0T3_4|F3_5T3_9|F4_0,4.0,40,0.015234985669998272,0.015234985669998272,0.015234985669998272,8,8,0.2,0.2,False
ecb,rgdp,real_gdp_yoy,2002,3,,2004Q1,rolling_2y,2.0,,T0_0|F0_0T0_4|F0_5T0_9|F1_0T1_4|F1_5T1_9|F2_0T2_4|F2_5T2_9|F3_0T3_4|F3_5T3_9|F4_0,5.0,40,0.0,0.015234985669998272,,0,8,0.0,0.2,True
ecb,rgdp,real_gdp_yoy,2002,3,,2004Q1,rolling_2y,2.0,,T0_0|F0_0T0_4|F0_5T0_9|F1_0T1_4|F1_5T1_9|F2_0T2_4|F2_5T2_9|F3_0T3_4|F3_5T3_9|F4_0,10.0,40,0.0,0.015234985669998272,,0,8,0.0,0.2,True
ecb,rgdp,real_gdp_yoy,2002,4,2002,2002,current_year,0.0,,T0_0|F0_0T0_4|F0_5T0_9|F1_0T1_4|F1_5T1_9|F2_0T2_4|F2_5T2_9|F3_0T3_4|F3_5T3_9|F4_0,3.0,58,0.012103710358620741,0.012103710358620741,0.01210371035862074,4,4,0.06896551724137931,0.06896551724137931,False
ecb,rgdp,real_gdp_yoy,2002,4,2002,2002,current_year,0.0,,T0_0|F0_0T0_4|F0_5T0_9|F1_0T1_4|F1_5T1_9|F2_0T2_4|F2_5T2_9|F3_0T3_4|F3_5T3_9|F4_0,4.0,58,0.0008275862120689655,0.0008275862120689655,0.0008275862120689655,3,3,0.05172413793103448,0.05172413793103448,False
ecb,rgdp,real_gdp_yoy,2002,4,2002,2002,current_year,0.0,,T0_0|F0_0T0_4|F0_5T0_9|F1_0T1_4|F1_5T1_9|F2_0T2_4|F2_5T2_9|F3_0T3_4|F3_5T3_9|F4_0,5.0,58,0.0,0.0008275862120689655,,0,3,0.0,0.05172413793103448,True
ecb,rgdp,real_gdp_yoy,2002,4,2002,2002,current_year,0.0,,T0_0|F0_0T0_4|F0_5T0_9|F1_0T1_4|F1_5T1_9|F2_0T2_4|F2_5T2_9|F3_0T3_4|F3_5T3_9|F4_0,10.0,58,0.0,0.0008275862120689655,,0,3,0.0,0.05172413793103448,True
ecb,rgdp,real_gdp_yoy,2002,4,2003,2003,next_year,1.0,,T0_0|F0_0T0_4|F0_5T0_9|F1_0T1_4|F1_5T1_9|F2_0T2_4|F2_5T2_9|F3_0T3_4|F3_5T3_9|F4_0,3.0,57,0.031719193302456976,0.031719193302456976,0.031719193302456976,15,15,0.2631578947368421,0.2631578947368421,False
ecb,rgdp,real_gdp_yoy,2002,4,2003,2003,next_year,1.0,,T0_0|F0_0T0_4|F0_5T0_9|F1_0T1_4|F1_5T1_9|F2_0T2_4|F2_5T2_9|F3_0T3_4|F3_5T3_9|F4_0,4.0,57,0.0030476442861310346,0.0030476442861310346,0.0030476442861310346,6,6,0.10526315789473684,0.10526315789473684,False
ecb,rgdp,real_gdp_yoy,2002,4,2003,2003,next_year,1.0,,T0_0|F0_0T0_4|F0_5T0_9|F1_0T1_4|F1_5T1_9|F2_0T2_4|F2_5T2_9|F3_0T3_4|F3_5T3_9|F4_0,5.0,57,0.0,0.0030476442861310346,,0,6,0.0,0.10526315789473684,True
ecb,rgdp,real_gdp_yoy,2002,4,2003,2003,next_year,1.0,,T0_0|F0_0T0_4|F0_5T0_9|F1_0T1_4|F1_5T1_9|F2_0T2_4|F2_5T2_9|F3_0T3_4|F3_5T3_9|F4_0,10.0,57,0.0,0.0030476442861310346,,0,6,0.0,0.10526315789473684,True
ecb,rgdp,real_gdp_yoy,2002,4,2004,2004,year_after_next,2.0,,T0_0|F0_0T0_4|F0_5T0_9|F1_0T1_4|F1_5T1_9|F2_0T2_4|F2_5T2_9|F3_0T3_4|F3_5T3_9|F4_0,3.0,50,0.1214338341241483,0.1214338341241483,0.1214338341241483,32,32,0.64,0.64,False
ecb,rgdp,real_gdp_yoy,2002,4,2004,2004,year_after_next,2.0,,T0_0|F0_0T0_4|F0_5T0_9|F1_0T1_4|F1_5T1_9|F2_0T2_4|F2_5T2_9|F3_0T3_4|F3_5T3_9|F4_0,4.0,50,0.011238004390010018,0.011238004390010018,0.011238004390010018,8,8,0.16,0.16,False
ecb,rgdp,real_gdp_yoy,2002,4,2004,2004,year_after_next,2.0,,T0_0|F0_0T0_4|F0_5T0_9|F1_0T1_4|F1_5T1_9|F2_0T2_4|F2_5T2_9|F3_0T3_4|F3_5T3_9|F4_0,5.0,50,0.0,0.011238004390010018,,0,8,0.0,0.16,True
ecb,rgdp,real_gdp_yoy,2002,4,2004,2004,year_after_next,2.0,,T0_0|F0_0T0_4|F0_5T0_9|F1_0T1_4|F1_5T1_9|F2_0T2_4|F2_5T2_9|F3_0T3_4|F3_5T3_9|F4_0,10.0,50,0.0,0.011238004390010018,,0,8,0.0,0.16,True
ecb,rgdp,real_gdp_yoy,2002,4,2007,2007,longer_term,5.0,,T0_0|F0_0T0_4|F0_5T0_9|F1_0T1_4|F1_5T1_9|F2_0T2_4|F2_5T2_9|F3_0T3_4|F3_5T3_9|F4_0,3.0,39,0.13922978952609386,0.13922978952609386,0.13922978952609386,30,30,0.7692307692307693,0.7692307692307693,False
ecb,rgdp,real_gdp_yoy,2002,4,2007,2007,longer_term,5.0,,T0_0|F0_0T0_4|F0_5T0_9|F1_0T1_4|F1_5T1_9|F2_0T2_4|F2_5T2_9|F3_0T3_4|F3_5T3_9|F4_0,4.0,39,0.009907053661357506,0.009907053661357506,0.009907053661357506,10,10,0.2564102564102564,0.2564102564102564,False
ecb,rgdp,real_gdp_yoy,2002,4,2007,2007,longer_term,5.0,,T0_0|F0_0T0_4|F0_5T0_9|F1_0T1_4|F1_5T1_9|F2_0T2_4|F2_5T2_9|F3_0T3_4|F3_5T3_9|F4_0,5.0,39,0.0,0.009907053661357506,,0,10,0.0,0.2564102564102564,True
ecb,rgdp,real_gdp_yoy,2002,4,2007,2007,longer_term,5.0,,T0_0|F0_0T0_4|F0_5T0_9|F1_0T1_4|F1_5T1_9|F2_0T2_4|F2_5T2_9|F3_0T3_4|F3_5T3_9|F4_0,10.0,39,0.0,0.009907053661357506,,0,10,0.0,0.2564102564102564,True
ecb,rgdp,real_gdp_yoy,2002,4,,2003Q2,rolling_1y,1.0,,T0_0|F0_0T0_4|F0_5T0_9|F1_0T1_4|F1_5T1_9|F2_0T2_4|F2_5T2_9|F3_0T3_4|F3_5T3_9|F4_0,3.0,48,0.03721462073271362,0.03721462073271362,0.03721462073271363,13,13,0.2708333333333333,0.2708333333333333,False
ecb,rgdp,real_gdp_yoy,2002,4,,2003Q2,rolling_1y,1.0,,T0_0|F0_0T0_4|F0_5T0_9|F1_0T1_4|F1_5T1_9|F2_0T2_4|F2_5T2_9|F3_0T3_4|F3_5T3_9|F4_0,4.0,48,0.003370852979067073,0.003370852979067073,0.003370852979067073,6,6,0.125,0.125,False
ecb,rgdp,real_gdp_yoy,2002,4,,2003Q2,rolling_1y,1.0,,T0_0|F0_0T0_4|F0_5T0_9|F1_0T1_4|F1_5T1_9|F2_0T2_4|F2_5T2_9|F3_0T3_4|F3_5T3_9|F4_0,5.0,48,0.0,0.003370852979067073,,0,6,0.0,0.125,True
ecb,rgdp,real_gdp_yoy,2002,4,,2003Q2,rolling_1y,1.0,,T0_0|F0_0T0_4|F0_5T0_9|F1_0T1_4|F1_5T1_9|F2_0T2_4|F2_5T2_9|F3_0T3_4|F3_5T3_9|F4_0,10.0,48,0.0,0.003370852979067073,,0,6,0.0,0.125,True
ecb,rgdp,real_gdp_yoy,2002,4,,2004Q2,rolling_2y,2.0,,T0_0|F0_0T0_4|F0_5T0_9|F1_0T1_4|F1_5T1_9|F2_0T2_4|F2_5T2_9|F3_0T3_4|F3_5T3_9|F4_0,3.0,40,0.15083558288934878,0.15083558288934878,0.15083558288934878,25,25,0.625,0.625,False
ecb,rgdp,real_gdp_yoy,2002,4,,2004Q2,rolling_2y,2.0,,T0_0|F0_0T0_4|F0_5T0_9|F1_0T1_4|F1_5T1_9|F2_0T2_4|F2_5T2_9|F3_0T3_4|F3_5T3_9|F4_0,4.0,40,0.020540556152489516,0.020540556152489516,0.020540556152489516,10,10,0.25,0.25,False
ecb,rgdp,real_gdp_yoy,2002,4,,2004Q2,rolling_2y,2.0,,T0_0|F0_0T0_4|F0_5T0_9|F1_0T1_4|F1_5T1_9|F2_0T2_4|F2_5T2_9|F3_0T3_4|F3_5T3_9|F4_0,5.0,40,0.0,0.020540556152489516,,0,10,0.0,0.25,True
ecb,rgdp,real_gdp_yoy,2002,4,,2004Q2,rolling_2y,2.0,,T0_0|F0_0T0_4|F0_5T0_9|F1_0T1_4|F1_5T1_9|F2_0T2_4|F2_5T2_9|F3_0T3_4|F3_5T3_9|F4_0,10.0,40,0.0,0.020540556152489516,,0,10,0.0,0.25,True
ecb,rgdp,real_gdp_yoy,2003,1,2003,2003,current_year,0.0,,T0_0|F0_0T0_4|F0_5T0_9|F1_0T1_4|F1_5T1_9|F2_0T2_4|F2_5T2_9|F3_0T3_4|F3_5T3_9|F4_0,3.0,54,0.008826014383195146,0.008826014383195146,0.008826014383195146,11,11,0.2037037037037037,0.2037037037037037,False
ecb,rgdp,real_gdp_yoy,2003,1,2003,2003,current_year,0.0,,T0_0|F0_0T0_4|F0_5T0_9|F1_0T1_4|F1_5T1_9|F2_0T2_4|F2_5T2_9|F3_0T3_4|F3_5T3_9|F4_0,4.0,54,0.00031568798703709446,0.00031568798703709446,0.00031568798703709446,5,5,0.09259259259259259,0.09259259259259259,False
ecb,rgdp,real_gdp_yoy,2003,1,2003,2003,current_year,0.0,,T0_0|F0_0T0_4|F0_5T0_9|F1_0T1_4|F1_5T1_9|F2_0T2_4|F2_5T2_9|F3_0T3_4|F3_5T3_9|F4_0,5.0,54,0.0,0.00031568798703709446,,0,5,0.0,0.09259259259259259,True
ecb,rgdp,real_gdp_yoy,2003,1,2003,2003,current_year,0.0,,T0_0|F0_0T0_4|F0_5T0_9|F1_0T1_4|F1_5T1_9|F2_0T2_4|F2_5T2_9|F3_0T3_4|F3_5T3_9|F4_0,10.0,54,0.0,0.00031568798703709446,,0,5,0.0,0.09259259259259259,True
ecb,rgdp,real_gdp_yoy,2003,1,2004,2004,next_year,1.0,,T0_0|F0_0T0_4|F0_5T0_9|F1_0T1_4|F1_5T1_9|F2_0T2_4|F2_5T2_9|F3_0T3_4|F3_5T3_9|F4_0,3.0,52,0.07347240070961539,0.07347240070961539,0.07347240070961539,28,28,0.5384615384615384,0.5384615384615384,False
ecb,rgdp,real_gdp_yoy,2003,1,2004,2004,next_year,1.0,,T0_0|F0_0T0_4|F0_5T0_9|F1_0T1_4|F1_5T1_9|F2_0T2_4|F2_5T2_9|F3_0T3_4|F3_5T3_9|F4_0,4.0,52,0.006231868600000001,0.006231868600000001,0.006231868600000001,9,9,0.17307692307692307,0.17307692307692307,False
ecb,rgdp,real_gdp_yoy,2003,1,2004,2004,next_year,1.0,,T0_0|F0_0T0_4|F0_5T0_9|F1_0T1_4|F1_5T1_9|F2_0T2_4|F2_5T2_9|F3_0T3_4|F3_5T3_9|F4_0,5.0,52,0.0,0.006231868600000001,,0,9,0.0,0.17307692307692307,True
ecb,rgdp,real_gdp_yoy,2003,1,2004,2004,next_year,1.0,,T0_0|F0_0T0_4|F0_5T0_9|F1_0T1_4|F1_5T1_9|F2_0T2_4|F2_5T2_9|F3_0T3_4|F3_5T3_9|F4_0,10.0,52,0.0,0.006231868600000001,,0,9,0.0,0.17307692307692307,True
ecb,rgdp,real_gdp_yoy,2003,1,2007,2007,longer_term,4.0,,T0_0|F0_0T0_4|F0_5T0_9|F1_0T1_4|F1_5T1_9|F2_0T2_4|F2_5T2_9|F3_0T3_4|F3_5T3_9|F4_0,3.0,38,0.13683550727733124,0.13683550727733124,0.1368355072773312,27,27,0.7105263157894737,0.7105263157894737,False
ecb,rgdp,real_gdp_yoy,2003,1,2007,2007,longer_term,4.0,,T0_0|F0_0T0_4|F0_5T0_9|F1_0T1_4|F1_5T1_9|F2_0T2_4|F2_5T2_9|F3_0T3_4|F3_5T3_9|F4_0,4.0,38,0.007866439107807675,0.007866439107807675,0.007866439107807675,9,9,0.23684210526315788,0.23684210526315788,False
ecb,rgdp,real_gdp_yoy,2003,1,2007,2007,longer_term,4.0,,T0_0|F0_0T0_4|F0_5T0_9|F1_0T1_4|F1_5T1_9|F2_0T2_4|F2_5T2_9|F3_0T3_4|F3_5T3_9|F4_0,5.0,38,0.0,0.007866439107807675,,0,9,0.0,0.23684210526315788,True
ecb,rgdp,real_gdp_yoy,2003,1,2007,2007,longer_term,4.0,,T0_0|F0_0T0_4|F0_5T0_9|F1_0T1_4|F1_5T1_9|F2_0T2_4|F2_5T2_9|F3_0T3_4|F3_5T3_9|F4_0,10.0,38,0.0,0.007866439107807675,,0,9,0.0,0.23684210526315788,True
ecb,rgdp,real_gdp_yoy,2003,1,,2003Q3,rolling_1y,1.0,,T0_0|F0_0T0_4|F0_5T0_9|F1_0T1_4|F1_5T1_9|F2_0T2_4|F2_5T2_9|F3_0T3_4|F3_5T3_9|F4_0,3.0,47,0.015002622925791112,0.015002622925791112,0.015002622925791112,11,11,0.23404255319148937,0.23404255319148937,False
ecb,rgdp,real_gdp_yoy,2003,1,,2003Q3,rolling_1y,1.0,,T0_0|F0_0T0_4|F0_5T0_9|F1_0T1_4|F1_5T1_9|F2_0T2_4|F2_5T2_9|F3_0T3_4|F3_5T3_9|F4_0,4.0,47,0.0009644430851309087,0.0009644430851309087,0.0009644430851309087,6,6,0.1276595744680851,0.1276595744680851,False
ecb,rgdp,real_gdp_yoy,2003,1,,2003Q3,rolling_1y,1.0,,T0_0|F0_0T0_4|F0_5T0_9|F1_0T1_4|F1_5T1_9|F2_0T2_4|F2_5T2_9|F3_0T3_4|F3_5T3_9|F4_0,5.0,47,0.0,0.0009644430851309087,,0,6,0.0,0.1276595744680851,True
ecb,rgdp,real_gdp_yoy,2003,1,,2003Q3,rolling_1y,1.0,,T0_0|F0_0T0_4|F0_5T0_9|F1_0T1_4|F1_5T1_9|F2_0T2_4|F2_5T2_9|F3_0T3_4|F3_5T3_9|F4_0,10.0,47,0.0,0.0009644430851309087,,0,6,0.0,0.1276595744680851,True
ecb,rgdp,real_gdp_yoy,2003,1,,2004Q3,rolling_2y,2.0,,T0_0|F0_0T0_4|F0_5T0_9|F1_0T1_4|F1_5T1_9|F2_0T2_4|F2_5T2_9|F3_0T3_4|F3_5T3_9|F4_0,3.0,43,0.10151639010011765,0.10151639010011765,0.10151639010011765,28,28,0.6511627906976745,0.6511627906976745,False
ecb,rgdp,real_gdp_yoy,2003,1,,2004Q3,rolling_2y,2.0,,T0_0|F0_0T0_4|F0_5T0_9|F1_0T1_4|F1_5T1_9|F2_0T2_4|F2_5T2_9|F3_0T3_4|F3_5T3_9|F4_0,4.0,43,0.010136409650089852,0.010136409650089852,0.010136409650089852,9,9,0.20930232558139536,0.20930232558139536,False
ecb,rgdp,real_gdp_yoy,2003,1,,2004Q3,rolling_2y,2.0,,T0_0|F0_0T0_4|F0_5T0_9|F1_0T1_4|F1_5T1_9|F2_0T2_4|F2_5T2_9|F3_0T3_4|F3_5T3_9|F4_0,5.0,43,0.0,0.010136409650089852,,0,9,0.0,0.20930232558139536,True
ecb,rgdp,real_gdp_yoy,2003,1,,2004Q3,rolling_2y,2.0,,T0_0|F0_0T0_4|F0_5T0_9|F1_0T1_4|F1_5T1_9|F2_0T2_4|F2_5T2_9|F3_0T3_4|F3_5T3_9|F4_0,10.0,43,0.0,0.010136409650089852,,0,9,0.0,0.20930232558139536,True
ecb,rgdp,real_gdp_yoy,2003,2,2003,2003,current_year,0.0,,T0_0|F0_0T0_4|F0_5T0_9|F1_0T1_4|F1_5T1_9|F2_0T2_4|F2_5T2_9|F3_0T3_4|F3_5T3_9|F4_0,3.0,51,0.004217814276419376,0.004217814276419376,0.004217814276419376,6,6,0.11764705882352941,0.11764705882352941,False
ecb,rgdp,real_gdp_yoy,2003,2,2003,2003,current_year,0.0,,T0_0|F0_0T0_4|F0_5T0_9|F1_0T1_4|F1_5T1_9|F2_0T2_4|F2_5T2_9|F3_0T3_4|F3_5T3_9|F4_0,4.0,51,0.0002263264176448183,0.0002263264176448183,0.0002263264176448183,3,3,0.058823529411764705,0.058823529411764705,False
ecb,rgdp,real_gdp_yoy,2003,2,2003,2003,current_year,0.0,,T0_0|F0_0T0_4|F0_5T0_9|F1_0T1_4|F1_5T1_9|F2_0T2_4|F2_5T2_9|F3_0T3_4|F3_5T3_9|F4_0,5.0,51,0.0,0.0002263264176448183,,0,3,0.0,0.058823529411764705,True
ecb,rgdp,real_gdp_yoy,2003,2,2003,2003,current_year,0.0,,T0_0|F0_0T0_4|F0_5T0_9|F1_0T1_4|F1_5T1_9|F2_0T2_4|F2_5T2_9|F3_0T3_4|F3_5T3_9|F4_0,10.0,51,0.0,0.0002263264176448183,,0,3,0.0,0.058823529411764705,True
ecb,rgdp,real_gdp_yoy,2003,2,2004,2004,next_year,1.0,,T0_0|F0_0T0_4|F0_5T0_9|F1_0T1_4|F1_5T1_9|F2_0T2_4|F2_5T2_9|F3_0T3_4|F3_5T3_9|F4_0,3.0,50,0.04628535476421556,0.04628535476421556,0.04628535476421556,18,18,0.36,0.36,False
ecb,rgdp,real_gdp_yoy,2003,2,2004,2004,next_year,1.0,,T0_0|F0_0T0_4|F0_5T0_9|F1_0T1_4|F1_5T1_9|F2_0T2_4|F2_5T2_9|F3_0T3_4|F3_5T3_9|F4_0,4.0,50,0.004440309164123178,0.004440309164123178,0.004440309164123178,6,6,0.12,0.12,False
ecb,rgdp,real_gdp_yoy,2003,2,2004,2004,next_year,1.0,,T0_0|F0_0T0_4|F0_5T0_9|F1_0T1_4|F1_5T1_9|F2_0T2_4|F2_5T2_9|F3_0T3_4|F3_5T3_9|F4_0,5.0,50,0.0,0.004440309164123178,,0,6,0.0,0.12,True
ecb,rgdp,real_gdp_yoy,2003,2,2004,2004,next_year,1.0,,T0_0|F0_0T0_4|F0_5T0_9|F1_0T1_4|F1_5T1_9|F2_0T2_4|F2_5T2_9|F3_0T3_4|F3_5T3_9|F4_0,10.0,50,0.0,0.004440309164123178,,0,6,0.0,0.12,True
ecb,rgdp,real_gdp_yoy,2003,2,2007,2007,longer_term,4.0,,T0_0|F0_0T0_4|F0_5T0_9|F1_0T1_4|F1_5T1_9|F2_0T2_4|F2_5T2_9|F3_0T3_4|F3_5T3_9|F4_0,3.0,36,0.13491279393690794,0.13491279393690794,0.13491279393690794,26,26,0.7222222222222222,0.7222222222222222,False
ecb,rgdp,real_gdp_yoy,2003,2,2007,2007,longer_term,4.0,,T0_0|F0_0T0_4|F0_5T0_9|F1_0T1_4|F1_5T1_9|F2_0T2_4|F2_5T2_9|F3_0T3_4|F3_5T3_9|F4_0,4.0,36,0.009031539061236486,0.009031539061236486,0.009031539061236486,9,9,0.25,0.25,False
ecb,rgdp,real_gdp_yoy,2003,2,2007,2007,longer_term,4.0,,T0_0|F0_0T0_4|F0_5T0_9|F1_0T1_4|F1_5T1_9|F2_0T2_4|F2_5T2_9|F3_0T3_4|F3_5T3_9|F4_0,5.0,36,0.0,0.009031539061236486,,0,9,0.0,0.25,True
ecb,rgdp,real_gdp_yoy,2003,2,2007,2007,longer_term,4.0,,T0_0|F0_0T0_4|F0_5T0_9|F1_0T1_4|F1_5T1_9|F2_0T2_4|F2_5T2_9|F3_0T3_4|F3_5T3_9|F4_0,10.0,36,0.0,0.009031539061236486,,0,9,0.0,0.25,True
ecb,rgdp,real_gdp_yoy,2003,2,,2003Q4,rolling_1y,1.0,,T0_0|F0_0T0_4|F0_5T0_9|F1_0T1_4|F1_5T1_9|F2_0T2_4|F2_5T2_9|F3_0T3_4|F3_5T3_9|F4_0,3.0,45,0.01020005248,0.01020005248,0.01020005248,7,7,0.15555555555555556,0.15555555555555556,False
ecb,rgdp,real_gdp_yoy,2003,2,,2003Q4,rolling_1y,1.0,,T0_0|F0_0T0_4|F0_5T0_9|F1_0T1_4|F1_5T1_9|F2_0T2_4|F2_5T2_9|F3_0T3_4|F3_5T3_9|F4_0,4.0,45,0.0009489141133333332,0.0009489141133333332,0.0009489141133333332,3,3,0.06666666666666667,0.06666666666666667,False
ecb,rgdp,real_gdp_yoy,2003,2,,2003Q4,rolling_1y,1.0,,T0_0|F0_0T0_4|F0_5T0_9|F1_0T1_4|F1_5T1_9|F2_0T2_4|F2_5T2_9|F3_0T3_4|F3_5T3_9|F4_0,5.0,45,0.0,0.0009489141133333332,,0,3,0.0,0.06666666666666667,True
ecb,rgdp,real_gdp_yoy,2003,2,,2003Q4,rolling_1y,1.0,,T0_0|F0_0T0_4|F0_5T0_9|F1_0T1_4|F1_5T1_9|F2_0T2_4|F2_5T2_9|F3_0T3_4|F3_5T3_9|F4_0,10.0,45,0.0,0.0009489141133333332,,0,3,0.0,0.06666666666666667,True
ecb,rgdp,real_gdp_yoy,2003,2,,2004Q4,rolling_2y,2.0,,T0_0|F0_0T0_4|F0_5T0_9|F1_0T1_4|F1_5T1_9|F2_0T2_4|F2_5T2_9|F3_0T3_4|F3_5T3_9|F4_0,3.0,42,0.11743285437598676,0.11743285437598676,0.11743285437598679,24,24,0.5714285714285714,0.5714285714285714,False
ecb,rgdp,real_gdp_yoy,2003,2,,2004Q4,rolling_2y,2.0,,T0_0|F0_0T0_4|F0_5T0_9|F1_0T1_4|F1_5T1_9|F2_0T2_4|F2_5T2_9|F3_0T3_4|F3_5T3_9|F4_0,4.0,42,0.00908609622323432,0.00908609622323432,0.00908609622323432,7,7,0.16666666666666666,0.16666666666666666,False
ecb,rgdp,real_gdp_yoy,2003,2,,2004Q4,rolling_2y,2.0,,T0_0|F0_0T0_4|F0_5T0_9|F1_0T1_4|F1_5T1_9|F2_0T2_4|F2_5T2_9|F3_0T3_4|F3_5T3_9|F4_0,5.0,42,0.0,0.00908609622323432,,0,7,0.0,0.16666666666666666,True
ecb,rgdp,real_gdp_yoy,2003,2,,2004Q4,rolling_2y,2.0,,T0_0|F0_0T0_4|F0_5T0_9|F1_0T1_4|F1_5T1_9|F2_0T2_4|F2_5T2_9|F3_0T3_4|F3_5T3_9|F4_0,10.0,42,0.0,0.00908609622323432,,0,7,0.0,0.16666666666666666,True
ecb,rgdp,real_gdp_yoy,2003,3,2003,2003,current_year,0.0,,T0_0|F0_0T0_4|F0_5T0_9|F1_0T1_4|F1_5T1_9|F2_0T2_4|F2_5T2_9|F3_0T3_4|F3_5T3_9|F4_0,3.0,51,0.013695749334031157,0.013695749334031157,0.013695749334031157,5,5,0.09803921568627451,0.09803921568627451,False
ecb,rgdp,real_gdp_yoy,2003,3,2003,2003,current_year,0.0,,T0_0|F0_0T0_4|F0_5T0_9|F1_0T1_4|F1_5T1_9|F2_0T2_4|F2_5T2_9|F3_0T3_4|F3_5T3_9|F4_0,4.0,51,0.0037413566819788054,0.0037413566819788054,0.0037413566819788054,1,1,0.0196078431372549,0.0196078431372549,False
ecb,rgdp,real_gdp_yoy,2003,3,2003,2003,current_year,0.0,,T0_0|F0_0T0_4|F0_5T0_9|F1_0T1_4|F1_5T1_9|F2_0T2_4|F2_5T2_9|F3_0T3_4|F3_5T3_9|F4_0,5.0,51,0.0,0.0037413566819788054,,0,1,0.0,0.0196078431372549,True
ecb,rgdp,real_gdp_yoy,2003,3,2003,2003,current_year,0.0,,T0_0|F0_0T0_4|F0_5T0_9|F1_0T1_4|F1_5T1_9|F2_0T2_4|F2_5T2_9|F3_0T3_4|F3_5T3_9|F4_0,10.0,51,0.0,0.0037413566819788054,,0,1,0.0,0.0196078431372549,True
ecb,rgdp,real_gdp_yoy,2003,3,2004,2004,next_year,1.0,,T0_0|F0_0T0_4|F0_5T0_9|F1_0T1_4|F1_5T1_9|F2_0T2_4|F2_5T2_9|F3_0T3_4|F3_5T3_9|F4_0,3.0,50,0.020530666340191316,0.020530666340191316,0.020530666340191316,11,11,0.22,0.22,False
ecb,rgdp,real_gdp_yoy,2003,3,2004,2004,next_year,1.0,,T0_0|F0_0T0_4|F0_5T0_9|F1_0T1_4|F1_5T1_9|F2_0T2_4|F2_5T2_9|F3_0T3_4|F3_5T3_9|F4_0,4.0,50,0.0021479663540659804,0.0021479663540659804,0.0021479663540659804,5,5,0.1,0.1,False
ecb,rgdp,real_gdp_yoy,2003,3,2004,2004,next_year,1.0,,T0_0|F0_0T0_4|F0_5T0_9|F1_0T1_4|F1_5T1_9|F2_0T2_4|F2_5T2_9|F3_0T3_4|F3_5T3_9|F4_0,5.0,50,0.0,0.0021479663540659804,,0,5,0.0,0.1,True
ecb,rgdp,real_gdp_yoy,2003,3,2004,2004,next_year,1.0,,T0_0|F0_0T0_4|F0_5T0_9|F1_0T1_4|F1_5T1_9|F2_0T2_4|F2_5T2_9|F3_0T3_4|F3_5T3_9|F4_0,10.0,50,0.0,0.0021479663540659804,,0,5,0.0,0.1,True
ecb,rgdp,real_gdp_yoy,2003,3,2005,2005,year_after_next,2.0,,T0_0|F0_0T0_4|F0_5T0_9|F1_0T1_4|F1_5T1_9|F2_0T2_4|F2_5T2_9|F3_0T3_4|F3_5T3_9|F4_0,3.0,42,0.08336532481666667,0.08336532481666667,0.08336532481666667,29,29,0.6904761904761905,0.6904761904761905,False
ecb,rgdp,real_gdp_yoy,2003,3,2005,2005,year_after_next,2.0,,T0_0|F0_0T0_4|F0_5T0_9|F1_0T1_4|F1_5T1_9|F2_0T2_4|F2_5T2_9|F3_0T3_4|F3_5T3_9|F4_0,4.0,42,0.002870957516666666,0.002870957516666666,0.002870957516666666,6,6,0.14285714285714285,0.14285714285714285,False
ecb,rgdp,real_gdp_yoy,2003,3,2005,2005,year_after_next,2.0,,T0_0|F0_0T0_4|F0_5T0_9|F1_0T1_4|F1_5T1_9|F2_0T2_4|F2_5T2_9|F3_0T3_4|F3_5T3_9|F4_0,5.0,42,0.0,0.002870957516666666,,0,6,0.0,0.14285714285714285,True
ecb,rgdp,real_gdp_yoy,2003,3,2005,2005,year_after_next,2.0,,T0_0|F0_0T0_4|F0_5T0_9|F1_0T1_4|F1_5T1_9|F2_0T2_4|F2_5T2_9|F3_0T3_4|F3_5T3_9|F4_0,10.0,42,0.0,0.002870957516666666,,0,6,0.0,0.14285714285714285,True
ecb,rgdp,real_gdp_yoy,2003,3,2008,2008,longer_term,5.0,,T0_0|F0_0T0_4|F0_5T0_9|F1_0T1_4|F1_5T1_9|F2_0T2_4|F2_5T2_9|F3_0T3_4|F3_5T3_9|F4_0,3.0,37,0.13898042194340893,0.13898042194340893,0.13898042194340893,28,28,0.7567567567567568,0.7567567567567568,False
ecb,rgdp,real_gdp_yoy,2003,3,2008,2008,longer_term,5.0,,T0_0|F0_0T0_4|F0_5T0_9|F1_0T1_4|F1_5T1_9|F2_0T2_4|F2_5T2_9|F3_0T3_4|F3_5T3_9|F4_0,4.0,37,0.009328753124337905,0.009328753124337905,0.009328753124337905,10,10,0.2702702702702703,0.2702702702702703,False
ecb,rgdp,real_gdp_yoy,2003,3,2008,2008,longer_term,5.0,,T0_0|F0_0T0_4|F0_5T0_9|F1_0T1_4|F1_5T1_9|F2_0T2_4|F2_5T2_9|F3_0T3_4|F3_5T3_9|F4_0,5.0,37,0.0,0.009328753124337905,,0,10,0.0,0.2702702702702703,True
ecb,rgdp,real_gdp_yoy,2003,3,2008,2008,longer_term,5.0,,T0_0|F0_0T0_4|F0_5T0_9|F1_0T1_4|F1_5T1_9|F2_0T2_4|F2_5T2_9|F3_0T3_4|F3_5T3_9|F4_0,10.0,37,0.0,0.009328753124337905,,0,10,0.0,0.2702702702702703,True
ecb,rgdp,real_gdp_yoy,2003,3,,2004Q1,rolling_1y,1.0,,T0_0|F0_0T0_4|F0_5T0_9|F1_0T1_4|F1_5T1_9|F2_0T2_4|F2_5T2_9|F3_0T3_4|F3_5T3_9|F4_0,3.0,43,0.007876603118816489,0.007876603118816489,0.00787660311881649,6,6,0.13953488372093023,0.13953488372093023,False
ecb,rgdp,real_gdp_yoy,2003,3,,2004Q1,rolling_1y,1.0,,T0_0|F0_0T0_4|F0_5T0_9|F1_0T1_4|F1_5T1_9|F2_0T2_4|F2_5T2_9|F3_0T3_4|F3_5T3_9|F4_0,4.0,43,0.0002902219069790721,0.0002902219069790721,0.0002902219069790721,4,4,0.09302325581395349,0.09302325581395349,False
ecb,rgdp,real_gdp_yoy,2003,3,,2004Q1,rolling_1y,1.0,,T0_0|F0_0T0_4|F0_5T0_9|F1_0T1_4|F1_5T1_9|F2_0T2_4|F2_5T2_9|F3_0T3_4|F3_5T3_9|F4_0,5.0,43,0.0,0.0002902219069790721,,0,4,0.0,0.09302325581395349,True
ecb,rgdp,real_gdp_yoy,2003,3,,2004Q1,rolling_1y,1.0,,T0_0|F0_0T0_4|F0_5T0_9|F1_0T1_4|F1_5T1_9|F2_0T2_4|F2_5T2_9|F3_0T3_4|F3_5T3_9|F4_0,10.0,43,0.0,0.0002902219069790721,,0,4,0.0,0.09302325581395349,True
ecb,rgdp,real_gdp_yoy,2003,3,,2005Q1,rolling_2y,2.0,,T0_0|F0_0T0_4|F0_5T0_9|F1_0T1_4|F1_5T1_9|F2_0T2_4|F2_5T2_9|F3_0T3_4|F3_5T3_9|F4_0,3.0,37,0.09010882975958957,0.09010882975958957,0.09010882975958957,23,23,0.6216216216216216,0.6216216216216216,False
ecb,rgdp,real_gdp_yoy,2003,3,,2005Q1,rolling_2y,2.0,,T0_0|F0_0T0_4|F0_5T0_9|F1_0T1_4|F1_5T1_9|F2_0T2_4|F2_5T2_9|F3_0T3_4|F3_5T3_9|F4_0,4.0,37,0.00762122160811624,0.00762122160811624,0.00762122160811624,6,6,0.16216216216216217,0.16216216216216217,False
ecb,rgdp,real_gdp_yoy,2003,3,,2005Q1,rolling_2y,2.0,,T0_0|F0_0T0_4|F0_5T0_9|F1_0T1_4|F1_5T1_9|F2_0T2_4|F2_5T2_9|F3_0T3_4|F3_5T3_9|F4_0,5.0,37,0.0,0.00762122160811624,,0,6,0.0,0.16216216216216217,True
ecb,rgdp,real_gdp_yoy,2003,3,,2005Q1,rolling_2y,2.0,,T0_0|F0_0T0_4|F0_5T0_9|F1_0T1_4|F1_5T1_9|F2_0T2_4|F2_5T2_9|F3_0T3_4|F3_5T3_9|F4_0,10.0,37,0.0,0.00762122160811624,,0,6,0.0,0.16216216216216217,True
ecb,rgdp,real_gdp_yoy,2003,4,2003,2003,current_year,0.0,,T0_0|F0_0T0_4|F0_5T0_9|F1_0T1_4|F1_5T1_9|F2_0T2_4|F2_5T2_9|F3_0T3_4|F3_5T3_9|F4_0,3.0,59,0.0013729886033886946,0.0013729886033886946,0.0013729886033886946,5,5,0.0847457627118644,0.0847457627118644,False
ecb,rgdp,real_gdp_yoy,2003,4,2003,2003,current_year,0.0,,T0_0|F0_0T0_4|F0_5T0_9|F1_0T1_4|F1_5T1_9|F2_0T2_4|F2_5T2_9|F3_0T3_4|F3_5T3_9|F4_0,4.0,59,0.0003389830644067797,0.0003389830644067797,0.0003389830644067797,2,2,0.03389830508474576,0.03389830508474576,False
ecb,rgdp,real_gdp_yoy,2003,4,2003,2003,current_year,0.0,,T0_0|F0_0T0_4|F0_5T0_9|F1_0T1_4|F1_5T1_9|F2_0T2_4|F2_5T2_9|F3_0T3_4|F3_5T3_9|F4_0,5.0,59,0.0,0.0003389830644067797,,0,2,0.0,0.03389830508474576,True
ecb,rgdp,real_gdp_yoy,2003,4,2003,2003,current_year,0.0,,T0_0|F0_0T0_4|F0_5T0_9|F1_0T1_4|F1_5T1_9|F2_0T2_4|F2_5T2_9|F3_0T3_4|F3_5T3_9|F4_0,10.0,59,0.0,0.0003389830644067797,,0,2,0.0,0.03389830508474576,True
ecb,rgdp,real_gdp_yoy,2003,4,2004,2004,next_year,1.0,,T0_0|F0_0T0_4|F0_5T0_9|F1_0T1_4|F1_5T1_9|F2_0T2_4|F2_5T2_9|F3_0T3_4|F3_5T3_9|F4_0,3.0,59,0.01511830763898305,0.01511830763898305,0.01511830763898305,11,11,0.1864406779661017,0.1864406779661017,False
ecb,rgdp,real_gdp_yoy,2003,4,2004,2004,next_year,1.0,,T0_0|F0_0T0_4|F0_5T0_9|F1_0T1_4|F1_5T1_9|F2_0T2_4|F2_5T2_9|F3_0T3_4|F3_5T3_9|F4_0,4.0,59,0.0019219792881355927,0.0019219792881355927,0.0019219792881355927,5,5,0.0847457627118644,0.0847457627118644,False
ecb,rgdp,real_gdp_yoy,2003,4,2004,2004,next_year,1.0,,T0_0|F0_0T0_4|F0_5T0_9|F1_0T1_4|F1_5T1_9|F2_0T2_4|F2_5T2_9|F3_0T3_4|F3_5T3_9|F4_0,5.0,59,0.0,0.0019219792881355927,,0,5,0.0,0.0847457627118644,True
ecb,rgdp,real_gdp_yoy,2003,4,2004,2004,next_year,1.0,,T0_0|F0_0T0_4|F0_5T0_9|F1_0T1_4|F1_5T1_9|F2_0T2_4|F2_5T2_9|F3_0T3_4|F3_5T3_9|F4_0,10.0,59,0.0,0.0019219792881355927,,0,5,0.0,0.0847457627118644,True
ecb,rgdp,real_gdp_yoy,2003,4,2005,2005,year_after_next,2.0,,T0_0|F0_0T0_4|F0_5T0_9|F1_0T1_4|F1_5T1_9|F2_0T2_4|F2_5T2_9|F3_0T3_4|F3_5T3_9|F4_0,3.0,52,0.08317855198486403,0.08317855198486403,0.08317855198486403,29,29,0.5576923076923077,0.5576923076923077,False
ecb,rgdp,real_gdp_yoy,2003,4,2005,2005,year_after_next,2.0,,T0_0|F0_0T0_4|F0_5T0_9|F1_0T1_4|F1_5T1_9|F2_0T2_4|F2_5T2_9|F3_0T3_4|F3_5T3_9|F4_0,4.0,52,0.005948778601994058,0.005948778601994058,0.005948778601994058,7,7,0.1346153846153846,0.1346153846153846,False
ecb,rgdp,real_gdp_yoy,2003,4,2005,2005,year_after_next,2.0,,T0_0|F0_0T0_4|F0_5T0_9|F1_0T1_4|F1_5T1_9|F2_0T2_4|F2_5T2_9|F3_0T3_4|F3_5T3_9|F4_0,5.0,52,0.0,0.005948778601994058,,0,7,0.0,0.1346153846153846,True
ecb,rgdp,real_gdp_yoy,2003,4,2005,2005,year_after_next,2.0,,T0_0|F0_0T0_4|F0_5T0_9|F1_0T1_4|F1_5T1_9|F2_0T2_4|F2_5T2_9|F3_0T3_4|F3_5T3_9|F4_0,10.0,52,0.0,0.005948778601994058,,0,7,0.0,0.1346153846153846,True
ecb,rgdp,real_gdp_yoy,2003,4,2008,2008,longer_term,5.0,,T0_0|F0_0T0_4|F0_5T0_9|F1_0T1_4|F1_5T1_9|F2_0T2_4|F2_5T2_9|F3_0T3_4|F3_5T3_9|F4_0,3.0,36,0.13429908374157734,0.13429908374157734,0.13429908374157734,27,27,0.75,0.75,False
ecb,rgdp,real_gdp_yoy,2003,4,2008,2008,longer_term,5.0,,T0_0|F0_0T0_4|F0_5T0_9|F1_0T1_4|F1_5T1_9|F2_0T2_4|F2_5T2_9|F3_0T3_4|F3_5T3_9|F4_0,4.0,36,0.004596546791679373,0.004596546791679373,0.004596546791679373,6,6,0.16666666666666666,0.16666666666666666,False
ecb,rgdp,real_gdp_yoy,2003,4,2008,2008,longer_term,5.0,,T0_0|F0_0T0_4|F0_5T0_9|F1_0T1_4|F1_5T1_9|F2_0T2_4|F2_5T2_9|F3_0T3_4|F3_5T3_9|F4_0,5.0,36,0.0,0.004596546791679373,,0,6,0.0,0.16666666666666666,True
ecb,rgdp,real_gdp_yoy,2003,4,2008,2008,longer_term,5.0,,T0_0|F0_0T0_4|F0_5T0_9|F1_0T1_4|F1_5T1_9|F2_0T2_4|F2_5T2_9|F3_0T3_4|F3_5T3_9|F4_0,10.0,36,0.0,0.004596546791679373,,0,6,0.0,0.16666666666666666,True
ecb,rgdp,real_gdp_yoy,2003,4,,2004Q2,rolling_1y,1.0,,T0_0|F0_0T0_4|F0_5T0_9|F1_0T1_4|F1_5T1_9|F2_0T2_4|F2_5T2_9|F3_0T3_4|F3_5T3_9|F4_0,3.0,48,0.029016414784943878,0.029016414784943878,0.029016414784943878,13,13,0.2708333333333333,0.2708333333333333,False
ecb,rgdp,real_gdp_yoy,2003,4,,2004Q2,rolling_1y,1.0,,T0_0|F0_0T0_4|F0_5T0_9|F1_0T1_4|F1_5T1_9|F2_0T2_4|F2_5T2_9|F3_0T3_4|F3_5T3_9|F4_0,4.0,48,0.005646483723837346,0.005646483723837346,0.005646483723837346,5,5,0.10416666666666667,0.10416666666666667,False
ecb,rgdp,real_gdp_yoy,2003,4,,2004Q2,rolling_1y,1.0,,T0_0|F0_0T0_4|F0_5T0_9|F1_0T1_4|F1_5T1_9|F2_0T2_4|F2_5T2_9|F3_0T3_4|F3_5T3_9|F4_0,5.0,48,0.0,0.005646483723837346,,0,5,0.0,0.10416666666666667,True
ecb,rgdp,real_gdp_yoy,2003,4,,2004Q2,rolling_1y,1.0,,T0_0|F0_0T0_4|F0_5T0_9|F1_0T1_4|F1_5T1_9|F2_0T2_4|F2_5T2_9|F3_0T3_4|F3_5T3_9|F4_0,10.0,48,0.0,0.005646483723837346,,0,5,0.0,0.10416666666666667,True
ecb,rgdp,real_gdp_yoy,2003,4,,2005Q2,rolling_2y,2.0,,T0_0|F0_0T0_4|F0_5T0_9|F1_0T1_4|F1_5T1_9|F2_0T2_4|F2_5T2_9|F3_0T3_4|F3_5T3_9|F4_0,3.0,41,0.10201886543648576,0.10201886543648576,0.10201886543648576,25,25,0.6097560975609756,0.6097560975609756,False
ecb,rgdp,real_gdp_yoy,2003,4,,2005Q2,rolling_2y,2.0,,T0_0|F0_0T0_4|F0_5T0_9|F1_0T1_4|F1_5T1_9|F2_0T2_4|F2_5T2_9|F3_0T3_4|F3_5T3_9|F4_0,4.0,41,0.011107746840422749,0.011107746840422749,0.011107746840422749,7,7,0.17073170731707318,0.17073170731707318,False
ecb,rgdp,real_gdp_yoy,2003,4,,2005Q2,rolling_2y,2.0,,T0_0|F0_0T0_4|F0_5T0_9|F1_0T1_4|F1_5T1_9|F2_0T2_4|F2_5T2_9|F3_0T3_4|F3_5T3_9|F4_0,5.0,41,0.0,0.011107746840422749,,0,7,0.0,0.17073170731707318,True
ecb,rgdp,real_gdp_yoy,2003,4,,2005Q2,rolling_2y,2.0,,T0_0|F0_0T0_4|F0_5T0_9|F1_0T1_4|F1_5T1_9|F2_0T2_4|F2_5T2_9|F3_0T3_4|F3_5T3_9|F4_0,10.0,41,0.0,0.011107746840422749,,0,7,0.0,0.17073170731707318,True
ecb,rgdp,real_gdp_yoy,2004,1,2004,2004,current_year,0.0,,T0_0|F0_0T0_4|F0_5T0_9|F1_0T1_4|F1_5T1_9|F2_0T2_4|F2_5T2_9|F3_0T3_4|F3_5T3_9|F4_0,3.0,59,0.020845346950549966,0.020845346950549966,0.020845346950549966,15,15,0.2542372881355932,0.2542372881355932,False
ecb,rgdp,real_gdp_yoy,2004,1,2004,2004,current_year,0.0,,T0_0|F0_0T0_4|F0_5T0_9|F1_0T1_4|F1_5T1_9|F2_0T2_4|F2_5T2_9|F3_0T3_4|F3_5T3_9|F4_0,4.0,59,0.0019505478169327055,0.0019505478169327055,0.0019505478169327055,5,5,0.0847457627118644,0.0847457627118644,False
ecb,rgdp,real_gdp_yoy,2004,1,2004,2004,current_year,0.0,,T0_0|F0_0T0_4|F0_5T0_9|F1_0T1_4|F1_5T1_9|F2_0T2_4|F2_5T2_9|F3_0T3_4|F3_5T3_9|F4_0,5.0,59,0.0,0.0019505478169327055,,0,5,0.0,0.0847457627118644,True
ecb,rgdp,real_gdp_yoy,2004,1,2004,2004,current_year,0.0,,T0_0|F0_0T0_4|F0_5T0_9|F1_0T1_4|F1_5T1_9|F2_0T2_4|F2_5T2_9|F3_0T3_4|F3_5T3_9|F4_0,10.0,59,0.0,0.0019505478169327055,,0,5,0.0,0.0847457627118644,True
ecb,rgdp,real_gdp_yoy,2004,1,2005,2005,next_year,1.0,,T0_0|F0_0T0_4|F0_5T0_9|F1_0T1_4|F1_5T1_9|F2_0T2_4|F2_5T2_9|F3_0T3_4|F3_5T3_9|F4_0,3.0,57,0.07432342846346138,0.07432342846346138,0.07432342846346138,35,35,0.6140350877192983,0.6140350877192983,False
ecb,rgdp,real_gdp_yoy,2004,1,2005,2005,next_year,1.0,,T0_0|F0_0T0_4|F0_5T0_9|F1_0T1_4|F1_5T1_9|F2_0T2_4|F2_5T2_9|F3_0T3_4|F3_5T3_9|F4_0,4.0,57,0.00696866248261282,0.00696866248261282,0.00696866248261282,7,7,0.12280701754385964,0.12280701754385964,False
ecb,rgdp,real_gdp_yoy,2004,1,2005,2005,next_year,1.0,,T0_0|F0_0T0_4|F0_5T0_9|F1_0T1_4|F1_5T1_9|F2_0T2_4|F2_5T2_9|F3_0T3_4|F3_5T3_9|F4_0,5.0,57,0.0,0.00696866248261282,,0,7,0.0,0.12280701754385964,True
ecb,rgdp,real_gdp_yoy,2004,1,2005,2005,next_year,1.0,,T0_0|F0_0T0_4|F0_5T0_9|F1_0T1_4|F1_5T1_9|F2_0T2_4|F2_5T2_9|F3_0T3_4|F3_5T3_9|F4_0,10.0,57,0.0,0.00696866248261282,,0,7,0.0,0.12280701754385964,True
ecb,rgdp,real_gdp_yoy,2004,1,2008,2008,longer_term,4.0,,T0_0|F0_0T0_4|F0_5T0_9|F1_0T1_4|F1_5T1_9|F2_0T2_4|F2_5T2_9|F3_0T3_4|F3_5T3_9|F4_0,3.0,38,0.13880256545868289,0.13880256545868289,0.13880256545868289,28,28,0.7368421052631579,0.7368421052631579,False
ecb,rgdp,real_gdp_yoy,2004,1,2008,2008,longer_term,4.0,,T0_0|F0_0T0_4|F0_5T0_9|F1_0T1_4|F1_5T1_9|F2_0T2_4|F2_5T2_9|F3_0T3_4|F3_5T3_9|F4_0,4.0,38,0.008849510710674425,0.008849510710674425,0.008849510710674425,10,10,0.2631578947368421,0.2631578947368421,False
ecb,rgdp,real_gdp_yoy,2004,1,2008,2008,longer_term,4.0,,T0_0|F0_0T0_4|F0_5T0_9|F1_0T1_4|F1_5T1_9|F2_0T2_4|F2_5T2_9|F3_0T3_4|F3_5T3_9|F4_0,5.0,38,0.0,0.008849510710674425,,0,10,0.0,0.2631578947368421,True
ecb,rgdp,real_gdp_yoy,2004,1,2008,2008,longer_term,4.0,,T0_0|F0_0T0_4|F0_5T0_9|F1_0T1_4|F1_5T1_9|F2_0T2_4|F2_5T2_9|F3_0T3_4|F3_5T3_9|F4_0,10.0,38,0.0,0.008849510710674425,,0,10,0.0,0.2631578947368421,True
ecb,rgdp,real_gdp_yoy,2004,1,,2004Q3,rolling_1y,1.0,,T0_0|F0_0T0_4|F0_5T0_9|F1_0T1_4|F1_5T1_9|F2_0T2_4|F2_5T2_9|F3_0T3_4|F3_5T3_9|F4_0,3.0,49,0.04225005207813976,0.04225005207813976,0.04225005207813976,20,20,0.40816326530612246,0.40816326530612246,False
ecb,rgdp,real_gdp_yoy,2004,1,,2004Q3,rolling_1y,1.0,,T0_0|F0_0T0_4|F0_5T0_9|F1_0T1_4|F1_5T1_9|F2_0T2_4|F2_5T2_9|F3_0T3_4|F3_5T3_9|F4_0,4.0,49,0.0008796009265840835,0.0008796009265840835,0.0008796009265840835,4,4,0.08163265306122448,0.08163265306122448,False
ecb,rgdp,real_gdp_yoy,2004,1,,2004Q3,rolling_1y,1.0,,T0_0|F0_0T0_4|F0_5T0_9|F1_0T1_4|F1_5T1_9|F2_0T2_4|F2_5T2_9|F3_0T3_4|F3_5T3_9|F4_0,5.0,49,0.0,0.0008796009265840835,,0,4,0.0,0.08163265306122448,True
ecb,rgdp,real_gdp_yoy,2004,1,,2004Q3,rolling_1y,1.0,,T0_0|F0_0T0_4|F0_5T0_9|F1_0T1_4|F1_5T1_9|F2_0T2_4|F2_5T2_9|F3_0T3_4|F3_5T3_9|F4_0,10.0,49,0.0,0.0008796009265840835,,0,4,0.0,0.08163265306122448,True
ecb,rgdp,real_gdp_yoy,2004,1,,2005Q3,rolling_2y,2.0,,T0_0|F0_0T0_4|F0_5T0_9|F1_0T1_4|F1_5T1_9|F2_0T2_4|F2_5T2_9|F3_0T3_4|F3_5T3_9|F4_0,3.0,47,0.0904475443772061,0.0904475443772061,0.0904475443772061,29,29,0.6170212765957447,0.6170212765957447,False
ecb,rgdp,real_gdp_yoy,2004,1,,2005Q3,rolling_2y,2.0,,T0_0|F0_0T0_4|F0_5T0_9|F1_0T1_4|F1_5T1_9|F2_0T2_4|F2_5T2_9|F3_0T3_4|F3_5T3_9|F4_0,4.0,47,0.008713368485202416,0.008713368485202416,0.008713368485202416,7,7,0.14893617021276595,0.14893617021276595,False
ecb,rgdp,real_gdp_yoy,2004,1,,2005Q3,rolling_2y,2.0,,T0_0|F0_0T0_4|F0_5T0_9|F1_0T1_4|F1_5T1_9|F2_0T2_4|F2_5T2_9|F3_0T3_4|F3_5T3_9|F4_0,5.0,47,0.0,0.008713368485202416,,0,7,0.0,0.14893617021276595,True
ecb,rgdp,real_gdp_yoy,2004,1,,2005Q3,rolling_2y,2.0,,T0_0|F0_0T0_4|F0_5T0_9|F1_0T1_4|F1_5T1_9|F2_0T2_4|F2_5T2_9|F3_0T3_4|F3_5T3_9|F4_0,10.0,47,0.0,0.008713368485202416,,0,7,0.0,0.14893617021276595,True
ecb,rgdp,real_gdp_yoy,2004,2,2004,2004,current_year,0.0,,T0_0|F0_0T0_4|F0_5T0_9|F1_0T1_4|F1_5T1_9|F2_0T2_4|F2_5T2_9|F3_0T3_4|F3_5T3_9|F4_0,3.0,62,0.010687995771279738,0.010687995771279738,0.010687995771279738,9,9,0.14516129032258066,0.14516129032258066,False
ecb,rgdp,real_gdp_yoy,2004,2,2004,2004,current_year,0.0,,T0_0|F0_0T0_4|F0_5T0_9|F1_0T1_4|F1_5T1_9|F2_0T2_4|F2_5T2_9|F3_0T3_4|F3_5T3_9|F4_0,4.0,62,0.0010671686355691302,0.0010671686355691302,0.0010671686355691302,5,5,0.08064516129032258,0.08064516129032258,False
ecb,rgdp,real_gdp_yoy,2004,2,2004,2004,current_year,0.0,,T0_0|F0_0T0_4|F0_5T0_9|F1_0T1_4|F1_5T1_9|F2_0T2_4|F2_5T2_9|F3_0T3_4|F3_5T3_9|F4_0,5.0,62,0.0,0.0010671686355691302,,0,5,0.0,0.08064516129032258,True
ecb,rgdp,real_gdp_yoy,2004,2,2004,2004,current_year,0.0,,T0_0|F0_0T0_4|F0_5T0_9|F1_0T1_4|F1_5T1_9|F2_0T2_4|F2_5T2_9|F3_0T3_4|F3_5T3_9|F4_0,10.0,62,0.0,0.0010671686355691302,,0,5,0.0,0.08064516129032258,True
ecb,rgdp,real_gdp_yoy,2004,2,2005,2005,next_year,1.0,,T0_0|F0_0T0_4|F0_5T0_9|F1_0T1_4|F1_5T1_9|F2_0T2_4|F2_5T2_9|F3_0T3_4|F3_5T3_9|F4_0,3.0,61,0.05735579175776587,0.05735579175776587,0.05735579175776587,28,28,0.45901639344262296,0.45901639344262296,False
ecb,rgdp,real_gdp_yoy,2004,2,2005,2005,next_year,1.0,,T0_0|F0_0T0_4|F0_5T0_9|F1_0T1_4|F1_5T1_9|F2_0T2_4|F2_5T2_9|F3_0T3_4|F3_5T3_9|F4_0,4.0,61,0.005062273962562432,0.005062273962562432,0.005062273962562432,5,5,0.08196721311475409,0.08196721311475409,False
ecb,rgdp,real_gdp_yoy,2004,2,2005,2005,next_year,1.0,,T0_0|F0_0T0_4|F0_5T0_9|F1_0T1_4|F1_5T1_9|F2_0T2_4|F2_5T2_9|F3_0T3_4|F3_5T3_9|F4_0,5.0,61,0.0,0.005062273962562432,,0,5,0.0,0.08196721311475409,True
ecb,rgdp,real_gdp_yoy,2004,2,2005,2005,next_year,1.0,,T0_0|F0_0T0_4|F0_5T0_9|F1_0T1_4|F1_5T1_9|F2_0T2_4|F2_5T2_9|F3_0T3_4|F3_5T3_9|F4_0,10.0,61,0.0,0.005062273962562432,,0,5,0.0,0.08196721311475409,True
ecb,rgdp,real_gdp_yoy,2004,2,2008,2008,longer_term,4.0,,T0_0|F0_0T0_4|F0_5T0_9|F1_0T1_4|F1_5T1_9|F2_0T2_4|F2_5T2_9|F3_0T3_4|F3_5T3_9|F4_0,3.0,41,0.12915254142980181,0.12915254142980181,0.12915254142980181,31,31,0.7560975609756098,0.7560975609756098,False
ecb,rgdp,real_gdp_yoy,2004,2,2008,2008,longer_term,4.0,,T0_0|F0_0T0_4|F0_5T0_9|F1_0T1_4|F1_5T1_9|F2_0T2_4|F2_5T2_9|F3_0T3_4|F3_5T3_9|F4_0,4.0,41,0.006990692385502303,0.006990692385502303,0.006990692385502303,9,9,0.21951219512195122,0.21951219512195122,False
ecb,rgdp,real_gdp_yoy,2004,2,2008,2008,longer_term,4.0,,T0_0|F0_0T0_4|F0_5T0_9|F1_0T1_4|F1_5T1_9|F2_0T2_4|F2_5T2_9|F3_0T3_4|F3_5T3_9|F4_0,5.0,41,0.0,0.006990692385502303,,0,9,0.0,0.21951219512195122,True
ecb,rgdp,real_gdp_yoy,2004,2,2008,2008,longer_term,4.0,,T0_0|F0_0T0_4|F0_5T0_9|F1_0T1_4|F1_5T1_9|F2_0T2_4|F2_5T2_9|F3_0T3_4|F3_5T3_9|F4_0,10.0,41,0.0,0.006990692385502303,,0,9,0.0,0.21951219512195122,True
ecb,rgdp,real_gdp_yoy,2004,2,,2004Q4,rolling_1y,1.0,,T0_0|F0_0T0_4|F0_5T0_9|F1_0T1_4|F1_5T1_9|F2_0T2_4|F2_5T2_9|F3_0T3_4|F3_5T3_9|F4_0,3.0,54,0.030727364911088937,0.030727364911088937,0.030727364911088937,20,20,0.37037037037037035,0.37037037037037035,False
ecb,rgdp,real_gdp_yoy,2004,2,,2004Q4,rolling_1y,1.0,,T0_0|F0_0T0_4|F0_5T0_9|F1_0T1_4|F1_5T1_9|F2_0T2_4|F2_5T2_9|F3_0T3_4|F3_5T3_9|F4_0,4.0,54,0.0007229798166666667,0.0007229798166666667,0.0007229798166666667,4,4,0.07407407407407407,0.07407407407407407,False
ecb,rgdp,real_gdp_yoy,2004,2,,2004Q4,rolling_1y,1.0,,T0_0|F0_0T0_4|F0_5T0_9|F1_0T1_4|F1_5T1_9|F2_0T2_4|F2_5T2_9|F3_0T3_4|F3_5T3_9|F4_0,5.0,54,0.0,0.0007229798166666667,,0,4,0.0,0.07407407407407407,True
ecb,rgdp,real_gdp_yoy,2004,2,,2004Q4,rolling_1y,1.0,,T0_0|F0_0T0_4|F0_5T0_9|F1_0T1_4|F1_5T1_9|F2_0T2_4|F2_5T2_9|F3_0T3_4|F3_5T3_9|F4_0,10.0,54,0.0,0.0007229798166666667,,0,4,0.0,0.07407407407407407,True
ecb,rgdp,real_gdp_yoy,2004,2,,2005Q4,rolling_2y,2.0,,T0_0|F0_0T0_4|F0_5T0_9|F1_0T1_4|F1_5T1_9|F2_0T2_4|F2_5T2_9|F3_0T3_4|F3_5T3_9|F4_0,3.0,52,0.08788087411346154,0.08788087411346154,0.08788087411346154,30,30,0.5769230769230769,0.5769230769230769,False
ecb,rgdp,real_gdp_yoy,2004,2,,2005Q4,rolling_2y,2.0,,T0_0|F0_0T0_4|F0_5T0_9|F1_0T1_4|F1_5T1_9|F2_0T2_4|F2_5T2_9|F3_0T3_4|F3_5T3_9|F4_0,4.0,52,0.006470149824999999,0.006470149824999999,0.006470149824999999,7,7,0.1346153846153846,0.1346153846153846,False
ecb,rgdp,real_gdp_yoy,2004,2,,2005Q4,rolling_2y,2.0,,T0_0|F0_0T0_4|F0_5T0_9|F1_0T1_4|F1_5T1_9|F2_0T2_4|F2_5T2_9|F3_0T3_4|F3_5T3_9|F4_0,5.0,52,0.0,0.006470149824999999,,0,7,0.0,0.1346153846153846,True
ecb,rgdp,real_gdp_yoy,2004,2,,2005Q4,rolling_2y,2.0,,T0_0|F0_0T0_4|F0_5T0_9|F1_0T1_4|F1_5T1_9|F2_0T2_4|F2_5T2_9|F3_0T3_4|F3_5T3_9|F4_0,10.0,52,0.0,0.006470149824999999,,0,7,0.0,0.1346153846153846,True
ecb,rgdp,real_gdp_yoy,2004,3,2004,2004,current_year,0.0,,T0_0|F0_0T0_4|F0_5T0_9|F1_0T1_4|F1_5T1_9|F2_0T2_4|F2_5T2_9|F3_0T3_4|F3_5T3_9|F4_0,3.0,56,0.007899160303571429,0.007899160303571429,0.007899160303571429,7,7,0.125,0.125,False
ecb,rgdp,real_gdp_yoy,2004,3,2004,2004,current_year,0.0,,T0_0|F0_0T0_4|F0_5T0_9|F1_0T1_4|F1_5T1_9|F2_0T2_4|F2_5T2_9|F3_0T3_4|F3_5T3_9|F4_0,4.0,56,0.0005444360892857143,0.0005444360892857143,0.0005444360892857143,3,3,0.05357142857142857,0.05357142857142857,False
ecb,rgdp,real_gdp_yoy,2004,3,2004,2004,current_year,0.0,,T0_0|F0_0T0_4|F0_5T0_9|F1_0T1_4|F1_5T1_9|F2_0T2_4|F2_5T2_9|F3_0T3_4|F3_5T3_9|F4_0,5.0,56,0.0,0.0005444360892857143,,0,3,0.0,0.05357142857142857,True
ecb,rgdp,real_gdp_yoy,2004,3,2004,2004,current_year,0.0,,T0_0|F0_0T0_4|F0_5T0_9|F1_0T1_4|F1_5T1_9|F2_0T2_4|F2_5T2_9|F3_0T3_4|F3_5T3_9|F4_0,10.0,56,0.0,0.0005444360892857143,,0,3,0.0,0.05357142857142857,True
ecb,rgdp,real_gdp_yoy,2004,3,2005,2005,next_year,1.0,,T0_0|F0_0T0_4|F0_5T0_9|F1_0T1_4|F1_5T1_9|F2_0T2_4|F2_5T2_9|F3_0T3_4|F3_5T3_9|F4_0,3.0,56,0.04087836313121364,0.04087836313121364,0.04087836313121364,23,23,0.4107142857142857,0.4107142857142857,False
ecb,rgdp,real_gdp_yoy,2004,3,2005,2005,next_year,1.0,,T0_0|F0_0T0_4|F0_5T0_9|F1_0T1_4|F1_5T1_9|F2_0T2_4|F2_5T2_9|F3_0T3_4|F3_5T3_9|F4_0,4.0,56,0.004489688313973581,0.004489688313973581,0.004489688313973581,3,3,0.05357142857142857,0.05357142857142857,False
ecb,rgdp,real_gdp_yoy,2004,3,2005,2005,next_year,1.0,,T0_0|F0_0T0_4|F0_5T0_9|F1_0T1_4|F1_5T1_9|F2_0T2_4|F2_5T2_9|F3_0T3_4|F3_5T3_9|F4_0,5.0,56,0.0,0.004489688313973581,,0,3,0.0,0.05357142857142857,True
ecb,rgdp,real_gdp_yoy,2004,3,2005,2005,next_year,1.0,,T0_0|F0_0T0_4|F0_5T0_9|F1_0T1_4|F1_5T1_9|F2_0T2_4|F2_5T2_9|F3_0T3_4|F3_5T3_9|F4_0,10.0,56,0.0,0.004489688313973581,,0,3,0.0,0.05357142857142857,True
ecb,rgdp,real_gdp_yoy,2004,3,2006,2006,year_after_next,2.0,,T0_0|F0_0T0_4|F0_5T0_9|F1_0T1_4|F1_5T1_9|F2_0T2_4|F2_5T2_9|F3_0T3_4|F3_5T3_9|F4_0,3.0,46,0.06397903579782609,0.06397903579782609,0.06397903579782609,25,25,0.5434782608695652,0.5434782608695652,False
ecb,rgdp,real_gdp_yoy,2004,3,2006,2006,year_after_next,2.0,,T0_0|F0_0T0_4|F0_5T0_9|F1_0T1_4|F1_5T1_9|F2_0T2_4|F2_5T2_9|F3_0T3_4|F3_5T3_9|F4_0,4.0,46,0.006358630752173913,0.006358630752173913,0.006358630752173913,4,4,0.08695652173913043,0.08695652173913043,False
ecb,rgdp,real_gdp_yoy,2004,3,2006,2006,year_after_next,2.0,,T0_0|F0_0T0_4|F0_5T0_9|F1_0T1_4|F1_5T1_9|F2_0T2_4|F2_5T2_9|F3_0T3_4|F3_5T3_9|F4_0,5.0,46,0.0,0.006358630752173913,,0,4,0.0,0.08695652173913043,True
ecb,rgdp,real_gdp_yoy,2004,3,2006,2006,year_after_next,2.0,,T0_0|F0_0T0_4|F0_5T0_9|F1_0T1_4|F1_5T1_9|F2_0T2_4|F2_5T2_9|F3_0T3_4|F3_5T3_9|F4_0,10.0,46,0.0,0.006358630752173913,,0,4,0.0,0.08695652173913043,True
ecb,rgdp,real_gdp_yoy,2004,3,2009,2009,longer_term,5.0,,T0_0|F0_0T0_4|F0_5T0_9|F1_0T1_4|F1_5T1_9|F2_0T2_4|F2_5T2_9|F3_0T3_4|F3_5T3_9|F4_0,3.0,40,0.120875,0.120875,0.120875,29,29,0.725,0.725,False
ecb,rgdp,real_gdp_yoy,2004,3,2009,2009,longer_term,5.0,,T0_0|F0_0T0_4|F0_5T0_9|F1_0T1_4|F1_5T1_9|F2_0T2_4|F2_5T2_9|F3_0T3_4|F3_5T3_9|F4_0,4.0,40,0.006500000000000001,0.006500000000000001,0.006500000000000001,8,8,0.2,0.2,False
ecb,rgdp,real_gdp_yoy,2004,3,2009,2009,longer_term,5.0,,T0_0|F0_0T0_4|F0_5T0_9|F1_0T1_4|F1_5T1_9|F2_0T2_4|F2_5T2_9|F3_0T3_4|F3_5T3_9|F4_0,5.0,40,0.0,0.006500000000000001,,0,8,0.0,0.2,True
ecb,rgdp,real_gdp_yoy,2004,3,2009,2009,longer_term,5.0,,T0_0|F0_0T0_4|F0_5T0_9|F1_0T1_4|F1_5T1_9|F2_0T2_4|F2_5T2_9|F3_0T3_4|F3_5T3_9|F4_0,10.0,40,0.0,0.006500000000000001,,0,8,0.0,0.2,True
ecb,rgdp,real_gdp_yoy,2004,3,,2005Q1,rolling_1y,1.0,,T0_0|F0_0T0_4|F0_5T0_9|F1_0T1_4|F1_5T1_9|F2_0T2_4|F2_5T2_9|F3_0T3_4|F3_5T3_9|F4_0,3.0,48,0.03109767174375,0.03109767174375,0.03109767174375,20,20,0.4166666666666667,0.4166666666666667,False
ecb,rgdp,real_gdp_yoy,2004,3,,2005Q1,rolling_1y,1.0,,T0_0|F0_0T0_4|F0_5T0_9|F1_0T1_4|F1_5T1_9|F2_0T2_4|F2_5T2_9|F3_0T3_4|F3_5T3_9|F4_0,4.0,48,0.00024791797291666667,0.00024791797291666667,0.00024791797291666667,2,2,0.041666666666666664,0.041666666666666664,False
ecb,rgdp,real_gdp_yoy,2004,3,,2005Q1,rolling_1y,1.0,,T0_0|F0_0T0_4|F0_5T0_9|F1_0T1_4|F1_5T1_9|F2_0T2_4|F2_5T2_9|F3_0T3_4|F3_5T3_9|F4_0,5.0,48,0.0,0.00024791797291666667,,0,2,0.0,0.041666666666666664,True
ecb,rgdp,real_gdp_yoy,2004,3,,2005Q1,rolling_1y,1.0,,T0_0|F0_0T0_4|F0_5T0_9|F1_0T1_4|F1_5T1_9|F2_0T2_4|F2_5T2_9|F3_0T3_4|F3_5T3_9|F4_0,10.0,48,0.0,0.00024791797291666667,,0,2,0.0,0.041666666666666664,True
ecb,rgdp,real_gdp_yoy,2004,3,,2006Q1,rolling_2y,2.0,,T0_0|F0_0T0_4|F0_5T0_9|F1_0T1_4|F1_5T1_9|F2_0T2_4|F2_5T2_9|F3_0T3_4|F3_5T3_9|F4_0,3.0,40,0.08775,0.08775,0.08775,24,24,0.6,0.6,False
ecb,rgdp,real_gdp_yoy,2004,3,,2006Q1,rolling_2y,2.0,,T0_0|F0_0T0_4|F0_5T0_9|F1_0T1_4|F1_5T1_9|F2_0T2_4|F2_5T2_9|F3_0T3_4|F3_5T3_9|F4_0,4.0,40,0.002,0.002,0.002,3,3,0.075,0.075,False
ecb,rgdp,real_gdp_yoy,2004,3,,2006Q1,rolling_2y,2.0,,T0_0|F0_0T0_4|F0_5T0_9|F1_0T1_4|F1_5T1_9|F2_0T2_4|F2_5T2_9|F3_0T3_4|F3_5T3_9|F4_0,5.0,40,0.0,0.002,,0,3,0.0,0.075,True
ecb,rgdp,real_gdp_yoy,2004,3,,2006Q1,rolling_2y,2.0,,T0_0|F0_0T0_4|F0_5T0_9|F1_0T1_4|F1_5T1_9|F2_0T2_4|F2_5T2_9|F3_0T3_4|F3_5T3_9|F4_0,10.0,40,0.0,0.002,,0,3,0.0,0.075,True
ecb,rgdp,real_gdp_yoy,2004,4,2004,2004,current_year,0.0,,T0_0|F0_0T0_4|F0_5T0_9|F1_0T1_4|F1_5T1_9|F2_0T2_4|F2_5T2_9|F3_0T3_4|F3_5T3_9|F4_0,3.0,58,0.0091997552810158,0.0091997552810158,0.009199755281015798,7,7,0.1206896551724138,0.1206896551724138,False
ecb,rgdp,real_gdp_yoy,2004,4,2004,2004,current_year,0.0,,T0_0|F0_0T0_4|F0_5T0_9|F1_0T1_4|F1_5T1_9|F2_0T2_4|F2_5T2_9|F3_0T3_4|F3_5T3_9|F4_0,4.0,58,0.0004975342431032538,0.0004975342431032538,0.0004975342431032538,4,4,0.06896551724137931,0.06896551724137931,False
ecb,rgdp,real_gdp_yoy,2004,4,2004,2004,current_year,0.0,,T0_0|F0_0T0_4|F0_5T0_9|F1_0T1_4|F1_5T1_9|F2_0T2_4|F2_5T2_9|F3_0T3_4|F3_5T3_9|F4_0,5.0,58,0.0,0.0004975342431032538,,0,4,0.0,0.06896551724137931,True
ecb,rgdp,real_gdp_yoy,2004,4,2004,2004,current_year,0.0,,T0_0|F0_0T0_4|F0_5T0_9|F1_0T1_4|F1_5T1_9|F2_0T2_4|F2_5T2_9|F3_0T3_4|F3_5T3_9|F4_0,10.0,58,0.0,0.0004975342431032538,,0,4,0.0,0.06896551724137931,True
ecb,rgdp,real_gdp_yoy,2004,4,2005,2005,next_year,1.0,,T0_0|F0_0T0_4|F0_5T0_9|F1_0T1_4|F1_5T1_9|F2_0T2_4|F2_5T2_9|F3_0T3_4|F3_5T3_9|F4_0,3.0,58,0.029755748253534296,0.029755748253534296,0.029755748253534296,16,16,0.27586206896551724,0.27586206896551724,False
ecb,rgdp,real_gdp_yoy,2004,4,2005,2005,next_year,1.0,,T0_0|F0_0T0_4|F0_5T0_9|F1_0T1_4|F1_5T1_9|F2_0T2_4|F2_5T2_9|F3_0T3_4|F3_5T3_9|F4_0,4.0,58,0.004405986343103677,0.004405986343103677,0.004405986343103677,4,4,0.06896551724137931,0.06896551724137931,False
ecb,rgdp,real_gdp_yoy,2004,4,2005,2005,next_year,1.0,,T0_0|F0_0T0_4|F0_5T0_9|F1_0T1_4|F1_5T1_9|F2_0T2_4|F2_5T2_9|F3_0T3_4|F3_5T3_9|F4_0,5.0,58,0.0,0.004405986343103677,,0,4,0.0,0.06896551724137931,True
ecb,rgdp,real_gdp_yoy,2004,4,2005,2005,next_year,1.0,,T0_0|F0_0T0_4|F0_5T0_9|F1_0T1_4|F1_5T1_9|F2_0T2_4|F2_5T2_9|F3_0T3_4|F3_5T3_9|F4_0,10.0,58,0.0,0.004405986343103677,,0,4,0.0,0.06896551724137931,True
ecb,rgdp,real_gdp_yoy,2004,4,2006,2006,year_after_next,2.0,,T0_0|F0_0T0_4|F0_5T0_9|F1_0T1_4|F1_5T1_9|F2_0T2_4|F2_5T2_9|F3_0T3_4|F3_5T3_9|F4_0,3.0,49,0.0588432548185095,0.0588432548185095,0.0588432548185095,27,27,0.5510204081632653,0.5510204081632653,False
ecb,rgdp,real_gdp_yoy,2004,4,2006,2006,year_after_next,2.0,,T0_0|F0_0T0_4|F0_5T0_9|F1_0T1_4|F1_5T1_9|F2_0T2_4|F2_5T2_9|F3_0T3_4|F3_5T3_9|F4_0,4.0,49,0.007173832793304687,0.007173832793304687,0.007173832793304687,6,6,0.12244897959183673,0.12244897959183673,False
ecb,rgdp,real_gdp_yoy,2004,4,2006,2006,year_after_next,2.0,,T0_0|F0_0T0_4|F0_5T0_9|F1_0T1_4|F1_5T1_9|F2_0T2_4|F2_5T2_9|F3_0T3_4|F3_5T3_9|F4_0,5.0,49,0.0,0.007173832793304687,,0,6,0.0,0.12244897959183673,True
ecb,rgdp,real_gdp_yoy,2004,4,2006,2006,year_after_next,2.0,,T0_0|F0_0T0_4|F0_5T0_9|F1_0T1_4|F1_5T1_9|F2_0T2_4|F2_5T2_9|F3_0T3_4|F3_5T3_9|F4_0,10.0,49,0.0,0.007173832793304687,,0,6,0.0,0.12244897959183673,True
ecb,rgdp,real_gdp_yoy,2004,4,2009,2009,longer_term,5.0,,T0_0|F0_0T0_4|F0_5T0_9|F1_0T1_4|F1_5T1_9|F2_0T2_4|F2_5T2_9|F3_0T3_4|F3_5T3_9|F4_0,3.0,40,0.09614391777979811,0.09614391777979811,0.09614391777979811,26,26,0.65,0.65,False
ecb,rgdp,real_gdp_yoy,2004,4,2009,2009,longer_term,5.0,,T0_0|F0_0T0_4|F0_5T0_9|F1_0T1_4|F1_5T1_9|F2_0T2_4|F2_5T2_9|F3_0T3_4|F3_5T3_9|F4_0,4.0,40,0.005508424519999158,0.005508424519999158,0.005508424519999158,9,9,0.225,0.225,False
ecb,rgdp,real_gdp_yoy,2004,4,2009,2009,longer_term,5.0,,T0_0|F0_0T0_4|F0_5T0_9|F1_0T1_4|F1_5T1_9|F2_0T2_4|F2_5T2_9|F3_0T3_4|F3_5T3_9|F4_0,5.0,40,0.0,0.005508424519999158,,0,9,0.0,0.225,True
ecb,rgdp,real_gdp_yoy,2004,4,2009,2009,longer_term,5.0,,T0_0|F0_0T0_4|F0_5T0_9|F1_0T1_4|F1_5T1_9|F2_0T2_4|F2_5T2_9|F3_0T3_4|F3_5T3_9|F4_0,10.0,40,0.0,0.005508424519999158,,0,9,0.0,0.225,True
ecb,rgdp,real_gdp_yoy,2004,4,,2005Q2,rolling_1y,1.0,,T0_0|F0_0T0_4|F0_5T0_9|F1_0T1_4|F1_5T1_9|F2_0T2_4|F2_5T2_9|F3_0T3_4|F3_5T3_9|F4_0,3.0,50,0.024223739949888648,0.024223739949888648,0.024223739949888648,15,15,0.3,0.3,False
ecb,rgdp,real_gdp_yoy,2004,4,,2005Q2,rolling_1y,1.0,,T0_0|F0_0T0_4|F0_5T0_9|F1_0T1_4|F1_5T1_9|F2_0T2_4|F2_5T2_9|F3_0T3_4|F3_5T3_9|F4_0,4.0,50,0.0010899698159998182,0.0010899698159998182,0.0010899698159998182,3,3,0.06,0.06,False
ecb,rgdp,real_gdp_yoy,2004,4,,2005Q2,rolling_1y,1.0,,T0_0|F0_0T0_4|F0_5T0_9|F1_0T1_4|F1_5T1_9|F2_0T2_4|F2_5T2_9|F3_0T3_4|F3_5T3_9|F4_0,5.0,50,0.0,0.0010899698159998182,,0,3,0.0,0.06,True
ecb,rgdp,real_gdp_yoy,2004,4,,2005Q2,rolling_1y,1.0,,T0_0|F0_0T0_4|F0_5T0_9|F1_0T1_4|F1_5T1_9|F2_0T2_4|F2_5T2_9|F3_0T3_4|F3_5T3_9|F4_0,10.0,50,0.0,0.0010899698159998182,,0,3,0.0,0.06,True
ecb,rgdp,real_gdp_yoy,2004,4,,2006Q2,rolling_2y,2.0,,T0_0|F0_0T0_4|F0_5T0_9|F1_0T1_4|F1_5T1_9|F2_0T2_4|F2_5T2_9|F3_0T3_4|F3_5T3_9|F4_0,3.0,41,0.05745748076077865,0.05745748076077865,0.05745748076077865,21,21,0.5121951219512195,0.5121951219512195,False
ecb,rgdp,real_gdp_yoy,2004,4,,2006Q2,rolling_2y,2.0,,T0_0|F0_0T0_4|F0_5T0_9|F1_0T1_4|F1_5T1_9|F2_0T2_4|F2_5T2_9|F3_0T3_4|F3_5T3_9|F4_0,4.0,41,0.001959438556096739,0.001959438556096739,0.001959438556096739,4,4,0.0975609756097561,0.0975609756097561,False
ecb,rgdp,real_gdp_yoy,2004,4,,2006Q2,rolling_2y,2.0,,T0_0|F0_0T0_4|F0_5T0_9|F1_0T1_4|F1_5T1_9|F2_0T2_4|F2_5T2_9|F3_0T3_4|F3_5T3_9|F4_0,5.0,41,0.0,0.001959438556096739,,0,4,0.0,0.0975609756097561,True
ecb,rgdp,real_gdp_yoy,2004,4,,2006Q2,rolling_2y,2.0,,T0_0|F0_0T0_4|F0_5T0_9|F1_0T1_4|F1_5T1_9|F2_0T2_4|F2_5T2_9|F3_0T3_4|F3_5T3_9|F4_0,10.0,41,0.0,0.001959438556096739,,0,4,0.0,0.0975609756097561,True
ecb,rgdp,real_gdp_yoy,2005,1,2005,2005,current_year,0.0,,T0_0|F0_0T0_4|F0_5T0_9|F1_0T1_4|F1_5T1_9|F2_0T2_4|F2_5T2_9|F3_0T3_4|F3_5T3_9|F4_0,3.0,58,0.016472292597958543,0.016472292597958543,0.016472292597958543,10,10,0.1724137931034483,0.1724137931034483,False
ecb,rgdp,real_gdp_yoy,2005,1,2005,2005,current_year,0.0,,T0_0|F0_0T0_4|F0_5T0_9|F1_0T1_4|F1_5T1_9|F2_0T2_4|F2_5T2_9|F3_0T3_4|F3_5T3_9|F4_0,4.0,58,0.0019535492896056886,0.0019535492896056886,0.0019535492896056886,5,5,0.08620689655172414,0.08620689655172414,False
ecb,rgdp,real_gdp_yoy,2005,1,2005,2005,current_year,0.0,,T0_0|F0_0T0_4|F0_5T0_9|F1_0T1_4|F1_5T1_9|F2_0T2_4|F2_5T2_9|F3_0T3_4|F3_5T3_9|F4_0,5.0,58,0.0,0.0019535492896056886,,0,5,0.0,0.08620689655172414,True
ecb,rgdp,real_gdp_yoy,2005,1,2005,2005,current_year,0.0,,T0_0|F0_0T0_4|F0_5T0_9|F1_0T1_4|F1_5T1_9|F2_0T2_4|F2_5T2_9|F3_0T3_4|F3_5T3_9|F4_0,10.0,58,0.0,0.0019535492896056886,,0,5,0.0,0.08620689655172414,True
ecb,rgdp,real_gdp_yoy,2005,1,2006,2006,next_year,1.0,,T0_0|F0_0T0_4|F0_5T0_9|F1_0T1_4|F1_5T1_9|F2_0T2_4|F2_5T2_9|F3_0T3_4|F3_5T3_9|F4_0,3.0,55,0.04730728107673703,0.04730728107673703,0.04730728107673703,26,26,0.4727272727272727,0.4727272727272727,False
ecb,rgdp,real_gdp_yoy,2005,1,2006,2006,next_year,1.0,,T0_0|F0_0T0_4|F0_5T0_9|F1_0T1_4|F1_5T1_9|F2_0T2_4|F2_5T2_9|F3_0T3_4|F3_5T3_9|F4_0,4.0,55,0.0058253502274310635,0.0058253502274310635,0.0058253502274310635,6,6,0.10909090909090909,0.10909090909090909,False
ecb,rgdp,real_gdp_yoy,2005,1,2006,2006,next_year,1.0,,T0_0|F0_0T0_4|F0_5T0_9|F1_0T1_4|F1_5T1_9|F2_0T2_4|F2_5T2_9|F3_0T3_4|F3_5T3_9|F4_0,5.0,55,0.0,0.0058253502274310635,,0,6,0.0,0.10909090909090909,True
ecb,rgdp,real_gdp_yoy,2005,1,2006,2006,next_year,1.0,,T0_0|F0_0T0_4|F0_5T0_9|F1_0T1_4|F1_5T1_9|F2_0T2_4|F2_5T2_9|F3_0T3_4|F3_5T3_9|F4_0,10.0,55,0.0,0.0058253502274310635,,0,6,0.0,0.10909090909090909,True
ecb,rgdp,real_gdp_yoy,2005,1,2009,2009,longer_term,4.0,,T0_0|F0_0T0_4|F0_5T0_9|F1_0T1_4|F1_5T1_9|F2_0T2_4|F2_5T2_9|F3_0T3_4|F3_5T3_9|F4_0,3.0,41,0.09184772466321767,0.09184772466321767,0.09184772466321767,27,27,0.6585365853658537,0.6585365853658537,False
ecb,rgdp,real_gdp_yoy,2005,1,2009,2009,longer_term,4.0,,T0_0|F0_0T0_4|F0_5T0_9|F1_0T1_4|F1_5T1_9|F2_0T2_4|F2_5T2_9|F3_0T3_4|F3_5T3_9|F4_0,4.0,41,0.005983828799999178,0.005983828799999178,0.005983828799999178,10,10,0.24390243902439024,0.24390243902439024,False
ecb,rgdp,real_gdp_yoy,2005,1,2009,2009,longer_term,4.0,,T0_0|F0_0T0_4|F0_5T0_9|F1_0T1_4|F1_5T1_9|F2_0T2_4|F2_5T2_9|F3_0T3_4|F3_5T3_9|F4_0,5.0,41,0.0,0.005983828799999178,,0,10,0.0,0.24390243902439024,True
ecb,rgdp,real_gdp_yoy,2005,1,2009,2009,longer_term,4.0,,T0_0|F0_0T0_4|F0_5T0_9|F1_0T1_4|F1_5T1_9|F2_0T2_4|F2_5T2_9|F3_0T3_4|F3_5T3_9|F4_0,10.0,41,0.0,0.005983828799999178,,0,10,0.0,0.24390243902439024,True
ecb,rgdp,real_gdp_yoy,2005,1,,2005Q3,rolling_1y,1.0,,T0_0|F0_0T0_4|F0_5T0_9|F1_0T1_4|F1_5T1_9|F2_0T2_4|F2_5T2_9|F3_0T3_4|F3_5T3_9|F4_0,3.0,51,0.017108340768953286,0.017108340768953286,0.017108340768953286,13,13,0.2549019607843137,0.2549019607843137,False
ecb,rgdp,real_gdp_yoy,2005,1,,2005Q3,rolling_1y,1.0,,T0_0|F0_0T0_4|F0_5T0_9|F1_0T1_4|F1_5T1_9|F2_0T2_4|F2_5T2_9|F3_0T3_4|F3_5T3_9|F4_0,4.0,51,0.0004294796862782351,0.0004294796862782351,0.0004294796862782351,4,4,0.0784313725490196,0.0784313725490196,False
ecb,rgdp,real_gdp_yoy,2005,1,,2005Q3,rolling_1y,1.0,,T0_0|F0_0T0_4|F0_5T0_9|F1_0T1_4|F1_5T1_9|F2_0T2_4|F2_5T2_9|F3_0T3_4|F3_5T3_9|F4_0,5.0,51,0.0,0.0004294796862782351,,0,4,0.0,0.0784313725490196,True
ecb,rgdp,real_gdp_yoy,2005,1,,2005Q3,rolling_1y,1.0,,T0_0|F0_0T0_4|F0_5T0_9|F1_0T1_4|F1_5T1_9|F2_0T2_4|F2_5T2_9|F3_0T3_4|F3_5T3_9|F4_0,10.0,51,0.0,0.0004294796862782351,,0,4,0.0,0.0784313725490196,True
ecb,rgdp,real_gdp_yoy,2005,1,,2006Q3,rolling_2y,2.0,,T0_0|F0_0T0_4|F0_5T0_9|F1_0T1_4|F1_5T1_9|F2_0T2_4|F2_5T2_9|F3_0T3_4|F3_5T3_9|F4_0,3.0,48,0.04995257223232357,0.04995257223232357,0.04995257223232356,24,24,0.5,0.5,False
ecb,rgdp,real_gdp_yoy,2005,1,,2006Q3,rolling_2y,2.0,,T0_0|F0_0T0_4|F0_5T0_9|F1_0T1_4|F1_5T1_9|F2_0T2_4|F2_5T2_9|F3_0T3_4|F3_5T3_9|F4_0,4.0,48,0.0018611859457951317,0.0018611859457951317,0.0018611859457951317,5,5,0.10416666666666667,0.10416666666666667,False
ecb,rgdp,real_gdp_yoy,2005,1,,2006Q3,rolling_2y,2.0,,T0_0|F0_0T0_4|F0_5T0_9|F1_0T1_4|F1_5T1_9|F2_0T2_4|F2_5T2_9|F3_0T3_4|F3_5T3_9|F4_0,5.0,48,0.0,0.0018611859457951317,,0,5,0.0,0.10416666666666667,True
ecb,rgdp,real_gdp_yoy,2005,1,,2006Q3,rolling_2y,2.0,,T0_0|F0_0T0_4|F0_5T0_9|F1_0T1_4|F1_5T1_9|F2_0T2_4|F2_5T2_9|F3_0T3_4|F3_5T3_9|F4_0,10.0,48,0.0,0.0018611859457951317,,0,5,0.0,0.10416666666666667,True
ecb,rgdp,real_gdp_yoy,2005,2,2005,2005,current_year,0.0,,T0_0|F0_0T0_4|F0_5T0_9|F1_0T1_4|F1_5T1_9|F2_0T2_4|F2_5T2_9|F3_0T3_4|F3_5T3_9|F4_0,3.0,58,0.011045933608620691,0.011045933608620691,0.011045933608620691,7,7,0.1206896551724138,0.1206896551724138,False
ecb,rgdp,real_gdp_yoy,2005,2,2005,2005,current_year,0.0,,T0_0|F0_0T0_4|F0_5T0_9|F1_0T1_4|F1_5T1_9|F2_0T2_4|F2_5T2_9|F3_0T3_4|F3_5T3_9|F4_0,4.0,58,0.0010762452931034482,0.0010762452931034482,0.0010762452931034482,3,3,0.05172413793103448,0.05172413793103448,False
ecb,rgdp,real_gdp_yoy,2005,2,2005,2005,current_year,0.0,,T0_0|F0_0T0_4|F0_5T0_9|F1_0T1_4|F1_5T1_9|F2_0T2_4|F2_5T2_9|F3_0T3_4|F3_5T3_9|F4_0,5.0,58,0.0,0.0010762452931034482,,0,3,0.0,0.05172413793103448,True
ecb,rgdp,real_gdp_yoy,2005,2,2005,2005,current_year,0.0,,T0_0|F0_0T0_4|F0_5T0_9|F1_0T1_4|F1_5T1_9|F2_0T2_4|F2_5T2_9|F3_0T3_4|F3_5T3_9|F4_0,10.0,58,0.0,0.0010762452931034482,,0,3,0.0,0.05172413793103448,True
ecb,rgdp,real_gdp_yoy,2005,2,2006,2006,next_year,1.0,,T0_0|F0_0T0_4|F0_5T0_9|F1_0T1_4|F1_5T1_9|F2_0T2_4|F2_5T2_9|F3_0T3_4|F3_5T3_9|F4_0,3.0,57,0.031211005554385964,0.031211005554385964,0.031211005554385964,17,17,0.2982456140350877,0.2982456140350877,False
ecb,rgdp,real_gdp_yoy,2005,2,2006,2006,next_year,1.0,,T0_0|F0_0T0_4|F0_5T0_9|F1_0T1_4|F1_5T1_9|F2_0T2_4|F2_5T2_9|F3_0T3_4|F3_5T3_9|F4_0,4.0,57,0.0043740178403508774,0.0043740178403508774,0.0043740178403508774,4,4,0.07017543859649122,0.07017543859649122,False
ecb,rgdp,real_gdp_yoy,2005,2,2006,2006,next_year,1.0,,T0_0|F0_0T0_4|F0_5T0_9|F1_0T1_4|F1_5T1_9|F2_0T2_4|F2_5T2_9|F3_0T3_4|F3_5T3_9|F4_0,5.0,57,0.0,0.0043740178403508774,,0,4,0.0,0.07017543859649122,True
ecb,rgdp,real_gdp_yoy,2005,2,2006,2006,next_year,1.0,,T0_0|F0_0T0_4|F0_5T0_9|F1_0T1_4|F1_5T1_9|F2_0T2_4|F2_5T2_9|F3_0T3_4|F3_5T3_9|F4_0,10.0,57,0.0,0.0043740178403508774,,0,4,0.0,0.07017543859649122,True
ecb,rgdp,real_gdp_yoy,2005,2,2009,2009,longer_term,4.0,,T0_0|F0_0T0_4|F0_5T0_9|F1_0T1_4|F1_5T1_9|F2_0T2_4|F2_5T2_9|F3_0T3_4|F3_5T3_9|F4_0,3.0,41,0.08453436807294899,0.08453436807294899,0.08453436807294899,24,24,0.5853658536585366,0.5853658536585366,False
ecb,rgdp,real_gdp_yoy,2005,2,2009,2009,longer_term,4.0,,T0_0|F0_0T0_4|F0_5T0_9|F1_0T1_4|F1_5T1_9|F2_0T2_4|F2_5T2_9|F3_0T3_4|F3_5T3_9|F4_0,4.0,41,0.0066629711755654105,0.0066629711755654105,0.0066629711755654105,9,9,0.21951219512195122,0.21951219512195122,False
ecb,rgdp,real_gdp_yoy,2005,2,2009,2009,longer_term,4.0,,T0_0|F0_0T0_4|F0_5T0_9|F1_0T1_4|F1_5T1_9|F2_0T2_4|F2_5T2_9|F3_0T3_4|F3_5T3_9|F4_0,5.0,41,0.0,0.0066629711755654105,,0,9,0.0,0.21951219512195122,True
ecb,rgdp,real_gdp_yoy,2005,2,2009,2009,longer_term,4.0,,T0_0|F0_0T0_4|F0_5T0_9|F1_0T1_4|F1_5T1_9|F2_0T2_4|F2_5T2_9|F3_0T3_4|F3_5T3_9|F4_0,10.0,41,0.0,0.0066629711755654105,,0,9,0.0,0.21951219512195122,True
ecb,rgdp,real_gdp_yoy,2005,2,,2005Q4,rolling_1y,1.0,,T0_0|F0_0T0_4|F0_5T0_9|F1_0T1_4|F1_5T1_9|F2_0T2_4|F2_5T2_9|F3_0T3_4|F3_5T3_9|F4_0,3.0,49,0.014107200049165823,0.014107200049165823,0.014107200049165823,10,10,0.20408163265306123,0.20408163265306123,False
ecb,rgdp,real_gdp_yoy,2005,2,,2005Q4,rolling_1y,1.0,,T0_0|F0_0T0_4|F0_5T0_9|F1_0T1_4|F1_5T1_9|F2_0T2_4|F2_5T2_9|F3_0T3_4|F3_5T3_9|F4_0,4.0,49,0.0003530543714434687,0.0003530543714434687,0.0003530543714434687,2,2,0.04081632653061224,0.04081632653061224,False
ecb,rgdp,real_gdp_yoy,2005,2,,2005Q4,rolling_1y,1.0,,T0_0|F0_0T0_4|F0_5T0_9|F1_0T1_4|F1_5T1_9|F2_0T2_4|F2_5T2_9|F3_0T3_4|F3_5T3_9|F4_0,5.0,49,0.0,0.0003530543714434687,,0,2,0.0,0.04081632653061224,True
ecb,rgdp,real_gdp_yoy,2005,2,,2005Q4,rolling_1y,1.0,,T0_0|F0_0T0_4|F0_5T0_9|F1_0T1_4|F1_5T1_9|F2_0T2_4|F2_5T2_9|F3_0T3_4|F3_5T3_9|F4_0,10.0,49,0.0,0.0003530543714434687,,0,2,0.0,0.04081632653061224,True
ecb,rgdp,real_gdp_yoy,2005,2,,2006Q4,rolling_2y,2.0,,T0_0|F0_0T0_4|F0_5T0_9|F1_0T1_4|F1_5T1_9|F2_0T2_4|F2_5T2_9|F3_0T3_4|F3_5T3_9|F4_0,3.0,47,0.03808634722782604,0.03808634722782604,0.03808634722782604,19,19,0.40425531914893614,0.40425531914893614,False
ecb,rgdp,real_gdp_yoy,2005,2,,2006Q4,rolling_2y,2.0,,T0_0|F0_0T0_4|F0_5T0_9|F1_0T1_4|F1_5T1_9|F2_0T2_4|F2_5T2_9|F3_0T3_4|F3_5T3_9|F4_0,4.0,47,0.0016974969829859972,0.0016974969829859972,0.0016974969829859972,4,4,0.0851063829787234,0.0851063829787234,False
ecb,rgdp,real_gdp_yoy,2005,2,,2006Q4,rolling_2y,2.0,,T0_0|F0_0T0_4|F0_5T0_9|F1_0T1_4|F1_5T1_9|F2_0T2_4|F2_5T2_9|F3_0T3_4|F3_5T3_9|F4_0,5.0,47,0.0,0.0016974969829859972,,0,4,0.0,0.0851063829787234,True
ecb,rgdp,real_gdp_yoy,2005,2,,2006Q4,rolling_2y,2.0,,T0_0|F0_0T0_4|F0_5T0_9|F1_0T1_4|F1_5T1_9|F2_0T2_4|F2_5T2_9|F3_0T3_4|F3_5T3_9|F4_0,10.0,47,0.0,0.0016974969829859972,,0,4,0.0,0.0851063829787234,True
ecb,rgdp,real_gdp_yoy,2005,3,2005,2005,current_year,0.0,,T0_0|F0_0T0_4|F0_5T0_9|F1_0T1_4|F1_5T1_9|F2_0T2_4|F2_5T2_9|F3_0T3_4|F3_5T3_9|F4_0,3.0,46,0.004992363993333048,0.004992363993333048,0.004992363993333048,3,3,0.06521739130434782,0.06521739130434782,False
ecb,rgdp,real_gdp_yoy,2005,3,2005,2005,current_year,0.0,,T0_0|F0_0T0_4|F0_5T0_9|F1_0T1_4|F1_5T1_9|F2_0T2_4|F2_5T2_9|F3_0T3_4|F3_5T3_9|F4_0,4.0,46,0.00023992064346478245,0.00023992064346478245,0.00023992064346478245,2,2,0.043478260869565216,0.043478260869565216,False
ecb,rgdp,real_gdp_yoy,2005,3,2005,2005,current_year,0.0,,T0_0|F0_0T0_4|F0_5T0_9|F1_0T1_4|F1_5T1_9|F2_0T2_4|F2_5T2_9|F3_0T3_4|F3_5T3_9|F4_0,5.0,46,0.0,0.00023992064346478245,,0,2,0.0,0.043478260869565216,True
ecb,rgdp,real_gdp_yoy,2005,3,2005,2005,current_year,0.0,,T0_0|F0_0T0_4|F0_5T0_9|F1_0T1_4|F1_5T1_9|F2_0T2_4|F2_5T2_9|F3_0T3_4|F3_5T3_9|F4_0,10.0,46,0.0,0.00023992064346478245,,0,2,0.0,0.043478260869565216,True
ecb,rgdp,real_gdp_yoy,2005,3,2006,2006,next_year,1.0,,T0_0|F0_0T0_4|F0_5T0_9|F1_0T1_4|F1_5T1_9|F2_0T2_4|F2_5T2_9|F3_0T3_4|F3_5T3_9|F4_0,3.0,46,0.021822431319605325,0.021822431319605325,0.021822431319605325,9,9,0.1956521739130435,0.1956521739130435,False
ecb,rgdp,real_gdp_yoy,2005,3,2006,2006,next_year,1.0,,T0_0|F0_0T0_4|F0_5T0_9|F1_0T1_4|F1_5T1_9|F2_0T2_4|F2_5T2_9|F3_0T3_4|F3_5T3_9|F4_0,4.0,46,0.004690554104429505,0.004690554104429505,0.004690554104429505,4,4,0.08695652173913043,0.08695652173913043,False
ecb,rgdp,real_gdp_yoy,2005,3,2006,2006,next_year,1.0,,T0_0|F0_0T0_4|F0_5T0_9|F1_0T1_4|F1_5T1_9|F2_0T2_4|F2_5T2_9|F3_0T3_4|F3_5T3_9|F4_0,5.0,46,0.0,0.004690554104429505,,0,4,0.0,0.08695652173913043,True
ecb,rgdp,real_gdp_yoy,2005,3,2006,2006,next_year,1.0,,T0_0|F0_0T0_4|F0_5T0_9|F1_0T1_4|F1_5T1_9|F2_0T2_4|F2_5T2_9|F3_0T3_4|F3_5T3_9|F4_0,10.0,46,0.0,0.004690554104429505,,0,4,0.0,0.08695652173913043,True
ecb,rgdp,real_gdp_yoy,2005,3,2007,2007,year_after_next,2.0,,T0_0|F0_0T0_4|F0_5T0_9|F1_0T1_4|F1_5T1_9|F2_0T2_4|F2_5T2_9|F3_0T3_4|F3_5T3_9|F4_0,3.0,38,0.02995392832296513,0.02995392832296513,0.02995392832296513,14,14,0.3684210526315789,0.3684210526315789,False
ecb,rgdp,real_gdp_yoy,2005,3,2007,2007,year_after_next,2.0,,T0_0|F0_0T0_4|F0_5T0_9|F1_0T1_4|F1_5T1_9|F2_0T2_4|F2_5T2_9|F3_0T3_4|F3_5T3_9|F4_0,4.0,38,0.00393512973389596,0.00393512973389596,0.00393512973389596,3,3,0.07894736842105263,0.07894736842105263,False
ecb,rgdp,real_gdp_yoy,2005,3,2007,2007,year_after_next,2.0,,T0_0|F0_0T0_4|F0_5T0_9|F1_0T1_4|F1_5T1_9|F2_0T2_4|F2_5T2_9|F3_0T3_4|F3_5T3_9|F4_0,5.0,38,0.0,0.00393512973389596,,0,3,0.0,0.07894736842105263,True
ecb,rgdp,real_gdp_yoy,2005,3,2007,2007,year_after_next,2.0,,T0_0|F0_0T0_4|F0_5T0_9|F1_0T1_4|F1_5T1_9|F2_0T2_4|F2_5T2_9|F3_0T3_4|F3_5T3_9|F4_0,10.0,38,0.0,0.00393512973389596,,0,3,0.0,0.07894736842105263,True
ecb,rgdp,real_gdp_yoy,2005,3,2010,2010,longer_term,5.0,,T0_0|F0_0T0_4|F0_5T0_9|F1_0T1_4|F1_5T1_9|F2_0T2_4|F2_5T2_9|F3_0T3_4|F3_5T3_9|F4_0,3.0,30,0.06883333333333333,0.06883333333333333,0.06883333333333333,17,17,0.5666666666666667,0.5666666666666667,False
ecb,rgdp,real_gdp_yoy,2005,3,2010,2010,longer_term,5.0,,T0_0|F0_0T0_4|F0_5T0_9|F1_0T1_4|F1_5T1_9|F2_0T2_4|F2_5T2_9|F3_0T3_4|F3_5T3_9|F4_0,4.0,30,0.004333333333333333,0.004333333333333333,0.004333333333333333,3,3,0.1,0.1,False
ecb,rgdp,real_gdp_yoy,2005,3,2010,2010,longer_term,5.0,,T0_0|F0_0T0_4|F0_5T0_9|F1_0T1_4|F1_5T1_9|F2_0T2_4|F2_5T2_9|F3_0T3_4|F3_5T3_9|F4_0,5.0,30,0.0,0.004333333333333333,,0,3,0.0,0.1,True
ecb,rgdp,real_gdp_yoy,2005,3,2010,2010,longer_term,5.0,,T0_0|F0_0T0_4|F0_5T0_9|F1_0T1_4|F1_5T1_9|F2_0T2_4|F2_5T2_9|F3_0T3_4|F3_5T3_9|F4_0,10.0,30,0.0,0.004333333333333333,,0,3,0.0,0.1,True
ecb,rgdp,real_gdp_yoy,2005,3,,2006Q1,rolling_1y,1.0,,T0_0|F0_0T0_4|F0_5T0_9|F1_0T1_4|F1_5T1_9|F2_0T2_4|F2_5T2_9|F3_0T3_4|F3_5T3_9|F4_0,3.0,35,0.011499507922857144,0.011499507922857144,0.011499507922857144,4,4,0.11428571428571428,0.11428571428571428,False
ecb,rgdp,real_gdp_yoy,2005,3,,2006Q1,rolling_1y,1.0,,T0_0|F0_0T0_4|F0_5T0_9|F1_0T1_4|F1_5T1_9|F2_0T2_4|F2_5T2_9|F3_0T3_4|F3_5T3_9|F4_0,4.0,35,0.0002085737228571429,0.0002085737228571429,0.0002085737228571429,1,1,0.02857142857142857,0.02857142857142857,False
ecb,rgdp,real_gdp_yoy,2005,3,,2006Q1,rolling_1y,1.0,,T0_0|F0_0T0_4|F0_5T0_9|F1_0T1_4|F1_5T1_9|F2_0T2_4|F2_5T2_9|F3_0T3_4|F3_5T3_9|F4_0,5.0,35,0.0,0.0002085737228571429,,0,1,0.0,0.02857142857142857,True
ecb,rgdp,real_gdp_yoy,2005,3,,2006Q1,rolling_1y,1.0,,T0_0|F0_0T0_4|F0_5T0_9|F1_0T1_4|F1_5T1_9|F2_0T2_4|F2_5T2_9|F3_0T3_4|F3_5T3_9|F4_0,10.0,35,0.0,0.0002085737228571429,,0,1,0.0,0.02857142857142857,True
ecb,rgdp,real_gdp_yoy,2005,3,,2007Q1,rolling_2y,2.0,,T0_0|F0_0T0_4|F0_5T0_9|F1_0T1_4|F1_5T1_9|F2_0T2_4|F2_5T2_9|F3_0T3_4|F3_5T3_9|F4_0,3.0,30,0.04416666666666667,0.04416666666666667,0.044166666666666674,13,13,0.43333333333333335,0.43333333333333335,False
ecb,rgdp,real_gdp_yoy,2005,3,,2007Q1,rolling_2y,2.0,,T0_0|F0_0T0_4|F0_5T0_9|F1_0T1_4|F1_5T1_9|F2_0T2_4|F2_5T2_9|F3_0T3_4|F3_5T3_9|F4_0,4.0,30,0.0023333333333333335,0.0023333333333333335,0.0023333333333333335,2,2,0.06666666666666667,0.06666666666666667,False
ecb,rgdp,real_gdp_yoy,2005,3,,2007Q1,rolling_2y,2.0,,T0_0|F0_0T0_4|F0_5T0_9|F1_0T1_4|F1_5T1_9|F2_0T2_4|F2_5T2_9|F3_0T3_4|F3_5T3_9|F4_0,5.0,30,0.0,0.0023333333333333335,,0,2,0.0,0.06666666666666667,True
ecb,rgdp,real_gdp_yoy,2005,3,,2007Q1,rolling_2y,2.0,,T0_0|F0_0T0_4|F0_5T0_9|F1_0T1_4|F1_5T1_9|F2_0T2_4|F2_5T2_9|F3_0T3_4|F3_5T3_9|F4_0,10.0,30,0.0,0.0023333333333333335,,0,2,0.0,0.06666666666666667,True
ecb,rgdp,real_gdp_yoy,2005,4,2005,2005,current_year,0.0,,T0_0|F0_0T0_4|F0_5T0_9|F1_0T1_4|F1_5T1_9|F2_0T2_4|F2_5T2_9|F3_0T3_4|F3_5T3_9|F4_0,3.0,54,0.0035054215239457534,0.0035054215239457534,0.0035054215239457534,4,4,0.07407407407407407,0.07407407407407407,False
ecb,rgdp,real_gdp_yoy,2005,4,2005,2005,current_year,0.0,,T0_0|F0_0T0_4|F0_5T0_9|F1_0T1_4|F1_5T1_9|F2_0T2_4|F2_5T2_9|F3_0T3_4|F3_5T3_9|F4_0,4.0,54,0.0003000614296181419,0.0003000614296181419,0.0003000614296181419,3,3,0.05555555555555555,0.05555555555555555,False
ecb,rgdp,real_gdp_yoy,2005,4,2005,2005,current_year,0.0,,T0_0|F0_0T0_4|F0_5T0_9|F1_0T1_4|F1_5T1_9|F2_0T2_4|F2_5T2_9|F3_0T3_4|F3_5T3_9|F4_0,5.0,54,0.0,0.0003000614296181419,,0,3,0.0,0.05555555555555555,True
ecb,rgdp,real_gdp_yoy,2005,4,2005,2005,current_year,0.0,,T0_0|F0_0T0_4|F0_5T0_9|F1_0T1_4|F1_5T1_9|F2_0T2_4|F2_5T2_9|F3_0T3_4|F3_5T3_9|F4_0,10.0,54,0.0,0.0003000614296181419,,0,3,0.0,0.05555555555555555,True
ecb,rgdp,real_gdp_yoy,2005,4,2006,2006,next_year,1.0,,T0_0|F0_0T0_4|F0_5T0_9|F1_0T1_4|F1_5T1_9|F2_0T2_4|F2_5T2_9|F3_0T3_4|F3_5T3_9|F4_0,3.0,54,0.016216716593050014,0.016216716593050014,0.016216716593050014,7,7,0.12962962962962962,0.12962962962962962,False
ecb,rgdp,real_gdp_yoy,2005,4,2006,2006,next_year,1.0,,T0_0|F0_0T0_4|F0_5T0_9|F1_0T1_4|F1_5T1_9|F2_0T2_4|F2_5T2_9|F3_0T3_4|F3_5T3_9|F4_0,4.0,54,0.0024238454353534954,0.0024238454353534954,0.0024238454353534954,3,3,0.05555555555555555,0.05555555555555555,False
ecb,rgdp,real_gdp_yoy,2005,4,2006,2006,next_year,1.0,,T0_0|F0_0T0_4|F0_5T0_9|F1_0T1_4|F1_5T1_9|F2_0T2_4|F2_5T2_9|F3_0T3_4|F3_5T3_9|F4_0,5.0,54,0.0,0.0024238454353534954,,0,3,0.0,0.05555555555555555,True
ecb,rgdp,real_gdp_yoy,2005,4,2006,2006,next_year,1.0,,T0_0|F0_0T0_4|F0_5T0_9|F1_0T1_4|F1_5T1_9|F2_0T2_4|F2_5T2_9|F3_0T3_4|F3_5T3_9|F4_0,10.0,54,0.0,0.0024238454353534954,,0,3,0.0,0.05555555555555555,True
ecb,rgdp,real_gdp_yoy,2005,4,2007,2007,year_after_next,2.0,,T0_0|F0_0T0_4|F0_5T0_9|F1_0T1_4|F1_5T1_9|F2_0T2_4|F2_5T2_9|F3_0T3_4|F3_5T3_9|F4_0,3.0,45,0.042301822448888894,0.042301822448888894,0.04230182244888889,19,19,0.4222222222222222,0.4222222222222222,False
ecb,rgdp,real_gdp_yoy,2005,4,2007,2007,year_after_next,2.0,,T0_0|F0_0T0_4|F0_5T0_9|F1_0T1_4|F1_5T1_9|F2_0T2_4|F2_5T2_9|F3_0T3_4|F3_5T3_9|F4_0,4.0,45,0.0038341643888888887,0.0038341643888888887,0.0038341643888888887,3,3,0.06666666666666667,0.06666666666666667,False
ecb,rgdp,real_gdp_yoy,2005,4,2007,2007,year_after_next,2.0,,T0_0|F0_0T0_4|F0_5T0_9|F1_0T1_4|F1_5T1_9|F2_0T2_4|F2_5T2_9|F3_0T3_4|F3_5T3_9|F4_0,5.0,45,0.0,0.0038341643888888887,,0,3,0.0,0.06666666666666667,True
ecb,rgdp,real_gdp_yoy,2005,4,2007,2007,year_after_next,2.0,,T0_0|F0_0T0_4|F0_5T0_9|F1_0T1_4|F1_5T1_9|F2_0T2_4|F2_5T2_9|F3_0T3_4|F3_5T3_9|F4_0,10.0,45,0.0,0.0038341643888888887,,0,3,0.0,0.06666666666666667,True
ecb,rgdp,real_gdp_yoy,2005,4,2010,2010,longer_term,5.0,,T0_0|F0_0T0_4|F0_5T0_9|F1_0T1_4|F1_5T1_9|F2_0T2_4|F2_5T2_9|F3_0T3_4|F3_5T3_9|F4_0,3.0,36,0.07347222222222223,0.07347222222222223,0.07347222222222223,21,21,0.5833333333333334,0.5833333333333334,False
ecb,rgdp,real_gdp_yoy,2005,4,2010,2010,longer_term,5.0,,T0_0|F0_0T0_4|F0_5T0_9|F1_0T1_4|F1_5T1_9|F2_0T2_4|F2_5T2_9|F3_0T3_4|F3_5T3_9|F4_0,4.0,36,0.0038888888888888883,0.0038888888888888883,0.0038888888888888883,4,4,0.1111111111111111,0.1111111111111111,False
ecb,rgdp,real_gdp_yoy,2005,4,2010,2010,longer_term,5.0,,T0_0|F0_0T0_4|F0_5T0_9|F1_0T1_4|F1_5T1_9|F2_0T2_4|F2_5T2_9|F3_0T3_4|F3_5T3_9|F4_0,5.0,36,0.0,0.0038888888888888883,,0,4,0.0,0.1111111111111111,True
ecb,rgdp,real_gdp_yoy,2005,4,2010,2010,longer_term,5.0,,T0_0|F0_0T0_4|F0_5T0_9|F1_0T1_4|F1_5T1_9|F2_0T2_4|F2_5T2_9|F3_0T3_4|F3_5T3_9|F4_0,10.0,36,0.0,0.0038888888888888883,,0,4,0.0,0.1111111111111111,True
ecb,rgdp,real_gdp_yoy,2005,4,,2006Q2,rolling_1y,1.0,,T0_0|F0_0T0_4|F0_5T0_9|F1_0T1_4|F1_5T1_9|F2_0T2_4|F2_5T2_9|F3_0T3_4|F3_5T3_9|F4_0,3.0,43,0.01540364738604651,0.01540364738604651,0.01540364738604651,5,5,0.11627906976744186,0.11627906976744186,False
ecb,rgdp,real_gdp_yoy,2005,4,,2006Q2,rolling_1y,1.0,,T0_0|F0_0T0_4|F0_5T0_9|F1_0T1_4|F1_5T1_9|F2_0T2_4|F2_5T2_9|F3_0T3_4|F3_5T3_9|F4_0,4.0,43,0.0006348835511627907,0.0006348835511627907,0.0006348835511627907,2,2,0.046511627906976744,0.046511627906976744,False
ecb,rgdp,real_gdp_yoy,2005,4,,2006Q2,rolling_1y,1.0,,T0_0|F0_0T0_4|F0_5T0_9|F1_0T1_4|F1_5T1_9|F2_0T2_4|F2_5T2_9|F3_0T3_4|F3_5T3_9|F4_0,5.0,43,0.0,0.0006348835511627907,,0,2,0.0,0.046511627906976744,True
ecb,rgdp,real_gdp_yoy,2005,4,,2006Q2,rolling_1y,1.0,,T0_0|F0_0T0_4|F0_5T0_9|F1_0T1_4|F1_5T1_9|F2_0T2_4|F2_5T2_9|F3_0T3_4|F3_5T3_9|F4_0,10.0,43,0.0,0.0006348835511627907,,0,2,0.0,0.046511627906976744,True
ecb,rgdp,real_gdp_yoy,2005,4,,2007Q2,rolling_2y,2.0,,T0_0|F0_0T0_4|F0_5T0_9|F1_0T1_4|F1_5T1_9|F2_0T2_4|F2_5T2_9|F3_0T3_4|F3_5T3_9|F4_0,3.0,37,0.03391891891891892,0.03391891891891892,0.03391891891891892,14,14,0.3783783783783784,0.3783783783783784,False
ecb,rgdp,real_gdp_yoy,2005,4,,2007Q2,rolling_2y,2.0,,T0_0|F0_0T0_4|F0_5T0_9|F1_0T1_4|F1_5T1_9|F2_0T2_4|F2_5T2_9|F3_0T3_4|F3_5T3_9|F4_0,4.0,37,0.001081081081081081,0.001081081081081081,0.001081081081081081,2,2,0.05405405405405406,0.05405405405405406,False
ecb,rgdp,real_gdp_yoy,2005,4,,2007Q2,rolling_2y,2.0,,T0_0|F0_0T0_4|F0_5T0_9|F1_0T1_4|F1_5T1_9|F2_0T2_4|F2_5T2_9|F3_0T3_4|F3_5T3_9|F4_0,5.0,37,0.0,0.001081081081081081,,0,2,0.0,0.05405405405405406,True
ecb,rgdp,real_gdp_yoy,2005,4,,2007Q2,rolling_2y,2.0,,T0_0|F0_0T0_4|F0_5T0_9|F1_0T1_4|F1_5T1_9|F2_0T2_4|F2_5T2_9|F3_0T3_4|F3_5T3_9|F4_0,10.0,37,0.0,0.001081081081081081,,0,2,0.0,0.05405405405405406,True
ecb,rgdp,real_gdp_yoy,2006,1,2006,2006,current_year,0.0,,T0_0|F0_0T0_4|F0_5T0_9|F1_0T1_4|F1_5T1_9|F2_0T2_4|F2_5T2_9|F3_0T3_4|F3_5T3_9|F4_0,3.0,58,0.019549800101677135,0.019549800101677135,0.019549800101677135,12,12,0.20689655172413793,0.20689655172413793,False
ecb,rgdp,real_gdp_yoy,2006,1,2006,2006,current_year,0.0,,T0_0|F0_0T0_4|F0_5T0_9|F1_0T1_4|F1_5T1_9|F2_0T2_4|F2_5T2_9|F3_0T3_4|F3_5T3_9|F4_0,4.0,58,0.0027190689448275103,0.0027190689448275103,0.0027190689448275103,6,6,0.10344827586206896,0.10344827586206896,False
ecb,rgdp,real_gdp_yoy,2006,1,2006,2006,current_year,0.0,,T0_0|F0_0T0_4|F0_5T0_9|F1_0T1_4|F1_5T1_9|F2_0T2_4|F2_5T2_9|F3_0T3_4|F3_5T3_9|F4_0,5.0,58,0.0,0.0027190689448275103,,0,6,0.0,0.10344827586206896,True
ecb,rgdp,real_gdp_yoy,2006,1,2006,2006,current_year,0.0,,T0_0|F0_0T0_4|F0_5T0_9|F1_0T1_4|F1_5T1_9|F2_0T2_4|F2_5T2_9|F3_0T3_4|F3_5T3_9|F4_0,10.0,58,0.0,0.0027190689448275103,,0,6,0.0,0.10344827586206896,True
ecb,rgdp,real_gdp_yoy,2006,1,2007,2007,next_year,1.0,,T0_0|F0_0T0_4|F0_5T0_9|F1_0T1_4|F1_5T1_9|F2_0T2_4|F2_5T2_9|F3_0T3_4|F3_5T3_9|F4_0,3.0,54,0.033007887183857845,0.033007887183857845,0.03300788718385785,20,20,0.37037037037037035,0.37037037037037035,False
ecb,rgdp,real_gdp_yoy,2006,1,2007,2007,next_year,1.0,,T0_0|F0_0T0_4|F0_5T0_9|F1_0T1_4|F1_5T1_9|F2_0T2_4|F2_5T2_9|F3_0T3_4|F3_5T3_9|F4_0,4.0,54,0.004122248892838169,0.004122248892838169,0.004122248892838169,6,6,0.1111111111111111,0.1111111111111111,False
ecb,rgdp,real_gdp_yoy,2006,1,2007,2007,next_year,1.0,,T0_0|F0_0T0_4|F0_5T0_9|F1_0T1_4|F1_5T1_9|F2_0T2_4|F2_5T2_9|F3_0T3_4|F3_5T3_9|F4_0,5.0,54,0.0,0.004122248892838169,,0,6,0.0,0.1111111111111111,True
ecb,rgdp,real_gdp_yoy,2006,1,2007,2007,next_year,1.0,,T0_0|F0_0T0_4|F0_5T0_9|F1_0T1_4|F1_5T1_9|F2_0T2_4|F2_5T2_9|F3_0T3_4|F3_5T3_9|F4_0,10.0,54,0.0,0.004122248892838169,,0,6,0.0,0.1111111111111111,True
ecb,rgdp,real_gdp_yoy,2006,1,2010,2010,longer_term,4.0,,T0_0|F0_0T0_4|F0_5T0_9|F1_0T1_4|F1_5T1_9|F2_0T2_4|F2_5T2_9|F3_0T3_4|F3_5T3_9|F4_0,3.0,37,0.06570081798668072,0.06570081798668072,0.06570081798668072,21,21,0.5675675675675675,0.5675675675675675,False
ecb,rgdp,real_gdp_yoy,2006,1,2010,2010,longer_term,4.0,,T0_0|F0_0T0_4|F0_5T0_9|F1_0T1_4|F1_5T1_9|F2_0T2_4|F2_5T2_9|F3_0T3_4|F3_5T3_9|F4_0,4.0,37,0.0031100641189193102,0.0031100641189193102,0.0031100641189193102,6,6,0.16216216216216217,0.16216216216216217,False
ecb,rgdp,real_gdp_yoy,2006,1,2010,2010,longer_term,4.0,,T0_0|F0_0T0_4|F0_5T0_9|F1_0T1_4|F1_5T1_9|F2_0T2_4|F2_5T2_9|F3_0T3_4|F3_5T3_9|F4_0,5.0,37,0.0,0.0031100641189193102,,0,6,0.0,0.16216216216216217,True
ecb,rgdp,real_gdp_yoy,2006,1,2010,2010,longer_term,4.0,,T0_0|F0_0T0_4|F0_5T0_9|F1_0T1_4|F1_5T1_9|F2_0T2_4|F2_5T2_9|F3_0T3_4|F3_5T3_9|F4_0,10.0,37,0.0,0.0031100641189193102,,0,6,0.0,0.16216216216216217,True
ecb,rgdp,real_gdp_yoy,2006,1,,2006Q3,rolling_1y,1.0,,T0_0|F0_0T0_4|F0_5T0_9|F1_0T1_4|F1_5T1_9|F2_0T2_4|F2_5T2_9|F3_0T3_4|F3_5T3_9|F4_0,3.0,49,0.021242049675510202,0.021242049675510202,0.021242049675510202,15,15,0.30612244897959184,0.30612244897959184,False
ecb,rgdp,real_gdp_yoy,2006,1,,2006Q3,rolling_1y,1.0,,T0_0|F0_0T0_4|F0_5T0_9|F1_0T1_4|F1_5T1_9|F2_0T2_4|F2_5T2_9|F3_0T3_4|F3_5T3_9|F4_0,4.0,49,0.001368064853061224,0.001368064853061224,0.001368064853061224,4,4,0.08163265306122448,0.08163265306122448,False
ecb,rgdp,real_gdp_yoy,2006,1,,2006Q3,rolling_1y,1.0,,T0_0|F0_0T0_4|F0_5T0_9|F1_0T1_4|F1_5T1_9|F2_0T2_4|F2_5T2_9|F3_0T3_4|F3_5T3_9|F4_0,5.0,49,0.0,0.001368064853061224,,0,4,0.0,0.08163265306122448,True
ecb,rgdp,real_gdp_yoy,2006,1,,2006Q3,rolling_1y,1.0,,T0_0|F0_0T0_4|F0_5T0_9|F1_0T1_4|F1_5T1_9|F2_0T2_4|F2_5T2_9|F3_0T3_4|F3_5T3_9|F4_0,10.0,49,0.0,0.001368064853061224,,0,4,0.0,0.08163265306122448,True
ecb,rgdp,real_gdp_yoy,2006,1,,2007Q3,rolling_2y,2.0,,T0_0|F0_0T0_4|F0_5T0_9|F1_0T1_4|F1_5T1_9|F2_0T2_4|F2_5T2_9|F3_0T3_4|F3_5T3_9|F4_0,3.0,43,0.033478868316279074,0.033478868316279074,0.033478868316279074,19,19,0.4418604651162791,0.4418604651162791,False
ecb,rgdp,real_gdp_yoy,2006,1,,2007Q3,rolling_2y,2.0,,T0_0|F0_0T0_4|F0_5T0_9|F1_0T1_4|F1_5T1_9|F2_0T2_4|F2_5T2_9|F3_0T3_4|F3_5T3_9|F4_0,4.0,43,0.001395501165116279,0.001395501165116279,0.001395501165116279,4,4,0.09302325581395349,0.09302325581395349,False
ecb,rgdp,real_gdp_yoy,2006,1,,2007Q3,rolling_2y,2.0,,T0_0|F0_0T0_4|F0_5T0_9|F1_0T1_4|F1_5T1_9|F2_0T2_4|F2_5T2_9|F3_0T3_4|F3_5T3_9|F4_0,5.0,43,0.0,0.001395501165116279,,0,4,0.0,0.09302325581395349,True
ecb,rgdp,real_gdp_yoy,2006,1,,2007Q3,rolling_2y,2.0,,T0_0|F0_0T0_4|F0_5T0_9|F1_0T1_4|F1_5T1_9|F2_0T2_4|F2_5T2_9|F3_0T3_4|F3_5T3_9|F4_0,10.0,43,0.0,0.001395501165116279,,0,4,0.0,0.09302325581395349,True
ecb,rgdp,real_gdp_yoy,2006,2,2006,2006,current_year,0.0,,T0_0|F0_0T0_4|F0_5T0_9|F1_0T1_4|F1_5T1_9|F2_0T2_4|F2_5T2_9|F3_0T3_4|F3_5T3_9|F4_0,3.0,57,0.027081314309371034,0.027081314309371034,0.027081314309371034,15,15,0.2631578947368421,0.2631578947368421,False
ecb,rgdp,real_gdp_yoy,2006,2,2006,2006,current_year,0.0,,T0_0|F0_0T0_4|F0_5T0_9|F1_0T1_4|F1_5T1_9|F2_0T2_4|F2_5T2_9|F3_0T3_4|F3_5T3_9|F4_0,4.0,57,0.002538821001138614,0.002538821001138614,0.002538821001138614,6,6,0.10526315789473684,0.10526315789473684,False
ecb,rgdp,real_gdp_yoy,2006,2,2006,2006,current_year,0.0,,T0_0|F0_0T0_4|F0_5T0_9|F1_0T1_4|F1_5T1_9|F2_0T2_4|F2_5T2_9|F3_0T3_4|F3_5T3_9|F4_0,5.0,57,0.0,0.002538821001138614,,0,6,0.0,0.10526315789473684,True
ecb,rgdp,real_gdp_yoy,2006,2,2006,2006,current_year,0.0,,T0_0|F0_0T0_4|F0_5T0_9|F1_0T1_4|F1_5T1_9|F2_0T2_4|F2_5T2_9|F3_0T3_4|F3_5T3_9|F4_0,10.0,57,0.0,0.002538821001138614,,0,6,0.0,0.10526315789473684,True
ecb,rgdp,real_gdp_yoy,2006,2,2007,2007,next_year,1.0,,T0_0|F0_0T0_4|F0_5T0_9|F1_0T1_4|F1_5T1_9|F2_0T2_4|F2_5T2_9|F3_0T3_4|F3_5T3_9|F4_0,3.0,57,0.034377803379903225,0.034377803379903225,0.034377803379903225,20,20,0.3508771929824561,0.3508771929824561,False
ecb,rgdp,real_gdp_yoy,2006,2,2007,2007,next_year,1.0,,T0_0|F0_0T0_4|F0_5T0_9|F1_0T1_4|F1_5T1_9|F2_0T2_4|F2_5T2_9|F3_0T3_4|F3_5T3_9|F4_0,4.0,57,0.004525368673576248,0.004525368673576248,0.004525368673576248,5,5,0.08771929824561403,0.08771929824561403,False
ecb,rgdp,real_gdp_yoy,2006,2,2007,2007,next_year,1.0,,T0_0|F0_0T0_4|F0_5T0_9|F1_0T1_4|F1_5T1_9|F2_0T2_4|F2_5T2_9|F3_0T3_4|F3_5T3_9|F4_0,5.0,57,0.0,0.004525368673576248,,0,5,0.0,0.08771929824561403,True
ecb,rgdp,real_gdp_yoy,2006,2,2007,2007,next_year,1.0,,T0_0|F0_0T0_4|F0_5T0_9|F1_0T1_4|F1_5T1_9|F2_0T2_4|F2_5T2_9|F3_0T3_4|F3_5T3_9|F4_0,10.0,57,0.0,0.004525368673576248,,0,5,0.0,0.08771929824561403,True
ecb,rgdp,real_gdp_yoy,2006,2,2010,2010,longer_term,4.0,,T0_0|F0_0T0_4|F0_5T0_9|F1_0T1_4|F1_5T1_9|F2_0T2_4|F2_5T2_9|F3_0T3_4|F3_5T3_9|F4_0,3.0,38,0.06855210526315789,0.06855210526315789,0.06855210526315789,23,23,0.6052631578947368,0.6052631578947368,False
ecb,rgdp,real_gdp_yoy,2006,2,2010,2010,longer_term,4.0,,T0_0|F0_0T0_4|F0_5T0_9|F1_0T1_4|F1_5T1_9|F2_0T2_4|F2_5T2_9|F3_0T3_4|F3_5T3_9|F4_0,4.0,38,0.004605263157894736,0.004605263157894736,0.004605263157894736,7,7,0.18421052631578946,0.18421052631578946,False
ecb,rgdp,real_gdp_yoy,2006,2,2010,2010,longer_term,4.0,,T0_0|F0_0T0_4|F0_5T0_9|F1_0T1_4|F1_5T1_9|F2_0T2_4|F2_5T2_9|F3_0T3_4|F3_5T3_9|F4_0,5.0,38,0.0,0.004605263157894736,,0,7,0.0,0.18421052631578946,True
ecb,rgdp,real_gdp_yoy,2006,2,2010,2010,longer_term,4.0,,T0_0|F0_0T0_4|F0_5T0_9|F1_0T1_4|F1_5T1_9|F2_0T2_4|F2_5T2_9|F3_0T3_4|F3_5T3_9|F4_0,10.0,38,0.0,0.004605263157894736,,0,7,0.0,0.18421052631578946,True
ecb,rgdp,real_gdp_yoy,2006,2,,2006Q4,rolling_1y,1.0,,T0_0|F0_0T0_4|F0_5T0_9|F1_0T1_4|F1_5T1_9|F2_0T2_4|F2_5T2_9|F3_0T3_4|F3_5T3_9|F4_0,3.0,49,0.041378026773272986,0.041378026773272986,0.041378026773272986,19,19,0.3877551020408163,0.3877551020408163,False
ecb,rgdp,real_gdp_yoy,2006,2,,2006Q4,rolling_1y,1.0,,T0_0|F0_0T0_4|F0_5T0_9|F1_0T1_4|F1_5T1_9|F2_0T2_4|F2_5T2_9|F3_0T3_4|F3_5T3_9|F4_0,4.0,49,0.002962089311709112,0.002962089311709112,0.002962089311709112,4,4,0.08163265306122448,0.08163265306122448,False
ecb,rgdp,real_gdp_yoy,2006,2,,2006Q4,rolling_1y,1.0,,T0_0|F0_0T0_4|F0_5T0_9|F1_0T1_4|F1_5T1_9|F2_0T2_4|F2_5T2_9|F3_0T3_4|F3_5T3_9|F4_0,5.0,49,0.0,0.002962089311709112,,0,4,0.0,0.08163265306122448,True
ecb,rgdp,real_gdp_yoy,2006,2,,2006Q4,rolling_1y,1.0,,T0_0|F0_0T0_4|F0_5T0_9|F1_0T1_4|F1_5T1_9|F2_0T2_4|F2_5T2_9|F3_0T3_4|F3_5T3_9|F4_0,10.0,49,0.0,0.002962089311709112,,0,4,0.0,0.08163265306122448,True
ecb,rgdp,real_gdp_yoy,2006,2,,2007Q4,rolling_2y,2.0,,T0_0|F0_0T0_4|F0_5T0_9|F1_0T1_4|F1_5T1_9|F2_0T2_4|F2_5T2_9|F3_0T3_4|F3_5T3_9|F4_0,3.0,47,0.03484732510494748,0.03484732510494748,0.03484732510494748,19,19,0.40425531914893614,0.40425531914893614,False
ecb,rgdp,real_gdp_yoy,2006,2,,2007Q4,rolling_2y,2.0,,T0_0|F0_0T0_4|F0_5T0_9|F1_0T1_4|F1_5T1_9|F2_0T2_4|F2_5T2_9|F3_0T3_4|F3_5T3_9|F4_0,4.0,47,0.003693739293460401,0.003693739293460401,0.003693739293460401,5,5,0.10638297872340426,0.10638297872340426,False
ecb,rgdp,real_gdp_yoy,2006,2,,2007Q4,rolling_2y,2.0,,T0_0|F0_0T0_4|F0_5T0_9|F1_0T1_4|F1_5T1_9|F2_0T2_4|F2_5T2_9|F3_0T3_4|F3_5T3_9|F4_0,5.0,47,0.0,0.003693739293460401,,0,5,0.0,0.10638297872340426,True
ecb,rgdp,real_gdp_yoy,2006,2,,2007Q4,rolling_2y,2.0,,T0_0|F0_0T0_4|F0_5T0_9|F1_0T1_4|F1_5T1_9|F2_0T2_4|F2_5T2_9|F3_0T3_4|F3_5T3_9|F4_0,10.0,47,0.0,0.003693739293460401,,0,5,0.0,0.10638297872340426,True
ecb,rgdp,real_gdp_yoy,2006,3,2006,2006,current_year,0.0,,T0_0|F0_0T0_4|F0_5T0_9|F1_0T1_4|F1_5T1_9|F2_0T2_4|F2_5T2_9|F3_0T3_4|F3_5T3_9|F4_0,3.0,49,0.01366648039631589,0.01366648039631589,0.013666480396315888,9,9,0.1836734693877551,0.1836734693877551,False
ecb,rgdp,real_gdp_yoy,2006,3,2006,2006,current_year,0.0,,T0_0|F0_0T0_4|F0_5T0_9|F1_0T1_4|F1_5T1_9|F2_0T2_4|F2_5T2_9|F3_0T3_4|F3_5T3_9|F4_0,4.0,49,0.0007633550008095726,0.0007633550008095726,0.0007633550008095726,5,5,0.10204081632653061,0.10204081632653061,False
ecb,rgdp,real_gdp_yoy,2006,3,2006,2006,current_year,0.0,,T0_0|F0_0T0_4|F0_5T0_9|F1_0T1_4|F1_5T1_9|F2_0T2_4|F2_5T2_9|F3_0T3_4|F3_5T3_9|F4_0,5.0,49,0.0,0.0007633550008095726,,0,5,0.0,0.10204081632653061,True
ecb,rgdp,real_gdp_yoy,2006,3,2006,2006,current_year,0.0,,T0_0|F0_0T0_4|F0_5T0_9|F1_0T1_4|F1_5T1_9|F2_0T2_4|F2_5T2_9|F3_0T3_4|F3_5T3_9|F4_0,10.0,49,0.0,0.0007633550008095726,,0,5,0.0,0.10204081632653061,True
ecb,rgdp,real_gdp_yoy,2006,3,2007,2007,next_year,1.0,,T0_0|F0_0T0_4|F0_5T0_9|F1_0T1_4|F1_5T1_9|F2_0T2_4|F2_5T2_9|F3_0T3_4|F3_5T3_9|F4_0,3.0,49,0.025710837555485914,0.025710837555485914,0.025710837555485914,14,14,0.2857142857142857,0.2857142857142857,False
ecb,rgdp,real_gdp_yoy,2006,3,2007,2007,next_year,1.0,,T0_0|F0_0T0_4|F0_5T0_9|F1_0T1_4|F1_5T1_9|F2_0T2_4|F2_5T2_9|F3_0T3_4|F3_5T3_9|F4_0,4.0,49,0.004399627455189727,0.004399627455189727,0.004399627455189727,5,5,0.10204081632653061,0.10204081632653061,False
ecb,rgdp,real_gdp_yoy,2006,3,2007,2007,next_year,1.0,,T0_0|F0_0T0_4|F0_5T0_9|F1_0T1_4|F1_5T1_9|F2_0T2_4|F2_5T2_9|F3_0T3_4|F3_5T3_9|F4_0,5.0,49,0.0,0.004399627455189727,,0,5,0.0,0.10204081632653061,True
ecb,rgdp,real_gdp_yoy,2006,3,2007,2007,next_year,1.0,,T0_0|F0_0T0_4|F0_5T0_9|F1_0T1_4|F1_5T1_9|F2_0T2_4|F2_5T2_9|F3_0T3_4|F3_5T3_9|F4_0,10.0,49,0.0,0.004399627455189727,,0,5,0.0,0.10204081632653061,True
ecb,rgdp,real_gdp_yoy,2006,3,2008,2008,year_after_next,2.0,,T0_0|F0_0T0_4|F0_5T0_9|F1_0T1_4|F1_5T1_9|F2_0T2_4|F2_5T2_9|F3_0T3_4|F3_5T3_9|F4_0,3.0,38,0.031909305015621926,0.031909305015621926,0.031909305015621926,15,15,0.39473684210526316,0.39473684210526316,False
ecb,rgdp,real_gdp_yoy,2006,3,2008,2008,year_after_next,2.0,,T0_0|F0_0T0_4|F0_5T0_9|F1_0T1_4|F1_5T1_9|F2_0T2_4|F2_5T2_9|F3_0T3_4|F3_5T3_9|F4_0,4.0,38,0.0038627405281951395,0.0038627405281951395,0.0038627405281951395,4,4,0.10526315789473684,0.10526315789473684,False
ecb,rgdp,real_gdp_yoy,2006,3,2008,2008,year_after_next,2.0,,T0_0|F0_0T0_4|F0_5T0_9|F1_0T1_4|F1_5T1_9|F2_0T2_4|F2_5T2_9|F3_0T3_4|F3_5T3_9|F4_0,5.0,38,0.0,0.0038627405281951395,,0,4,0.0,0.10526315789473684,True
ecb,rgdp,real_gdp_yoy,2006,3,2008,2008,year_after_next,2.0,,T0_0|F0_0T0_4|F0_5T0_9|F1_0T1_4|F1_5T1_9|F2_0T2_4|F2_5T2_9|F3_0T3_4|F3_5T3_9|F4_0,10.0,38,0.0,0.0038627405281951395,,0,4,0.0,0.10526315789473684,True
ecb,rgdp,real_gdp_yoy,2006,3,2011,2011,longer_term,5.0,,T0_0|F0_0T0_4|F0_5T0_9|F1_0T1_4|F1_5T1_9|F2_0T2_4|F2_5T2_9|F3_0T3_4|F3_5T3_9|F4_0,3.0,31,0.05931946448091356,0.05931946448091356,0.05931946448091356,18,18,0.5806451612903226,0.5806451612903226,False
ecb,rgdp,real_gdp_yoy,2006,3,2011,2011,longer_term,5.0,,T0_0|F0_0T0_4|F0_5T0_9|F1_0T1_4|F1_5T1_9|F2_0T2_4|F2_5T2_9|F3_0T3_4|F3_5T3_9|F4_0,4.0,31,0.0030649469063656325,0.0030649469063656325,0.0030649469063656325,5,5,0.16129032258064516,0.16129032258064516,False
ecb,rgdp,real_gdp_yoy,2006,3,2011,2011,longer_term,5.0,,T0_0|F0_0T0_4|F0_5T0_9|F1_0T1_4|F1_5T1_9|F2_0T2_4|F2_5T2_9|F3_0T3_4|F3_5T3_9|F4_0,5.0,31,0.0,0.0030649469063656325,,0,5,0.0,0.16129032258064516,True
ecb,rgdp,real_gdp_yoy,2006,3,2011,2011,longer_term,5.0,,T0_0|F0_0T0_4|F0_5T0_9|F1_0T1_4|F1_5T1_9|F2_0T2_4|F2_5T2_9|F3_0T3_4|F3_5T3_9|F4_0,10.0,31,0.0,0.0030649469063656325,,0,5,0.0,0.16129032258064516,True
ecb,rgdp,real_gdp_yoy,2006,3,,2007Q1,rolling_1y,1.0,,T0_0|F0_0T0_4|F0_5T0_9|F1_0T1_4|F1_5T1_9|F2_0T2_4|F2_5T2_9|F3_0T3_4|F3_5T3_9|F4_0,3.0,42,0.025149628448348945,0.025149628448348945,0.025149628448348945,10,10,0.23809523809523808,0.23809523809523808,False
ecb,rgdp,real_gdp_yoy,2006,3,,2007Q1,rolling_1y,1.0,,T0_0|F0_0T0_4|F0_5T0_9|F1_0T1_4|F1_5T1_9|F2_0T2_4|F2_5T2_9|F3_0T3_4|F3_5T3_9|F4_0,4.0,42,0.0027113971751189336,0.0027113971751189336,0.0027113971751189336,3,3,0.07142857142857142,0.07142857142857142,False
ecb,rgdp,real_gdp_yoy,2006,3,,2007Q1,rolling_1y,1.0,,T0_0|F0_0T0_4|F0_5T0_9|F1_0T1_4|F1_5T1_9|F2_0T2_4|F2_5T2_9|F3_0T3_4|F3_5T3_9|F4_0,5.0,42,0.0,0.0027113971751189336,,0,3,0.0,0.07142857142857142,True
ecb,rgdp,real_gdp_yoy,2006,3,,2007Q1,rolling_1y,1.0,,T0_0|F0_0T0_4|F0_5T0_9|F1_0T1_4|F1_5T1_9|F2_0T2_4|F2_5T2_9|F3_0T3_4|F3_5T3_9|F4_0,10.0,42,0.0,0.0027113971751189336,,0,3,0.0,0.07142857142857142,True
ecb,rgdp,real_gdp_yoy,2006,3,,2008Q1,rolling_2y,2.0,,T0_0|F0_0T0_4|F0_5T0_9|F1_0T1_4|F1_5T1_9|F2_0T2_4|F2_5T2_9|F3_0T3_4|F3_5T3_9|F4_0,3.0,33,0.021598486728369302,0.021598486728369302,0.021598486728369302,10,10,0.30303030303030304,0.30303030303030304,False
ecb,rgdp,real_gdp_yoy,2006,3,,2008Q1,rolling_2y,2.0,,T0_0|F0_0T0_4|F0_5T0_9|F1_0T1_4|F1_5T1_9|F2_0T2_4|F2_5T2_9|F3_0T3_4|F3_5T3_9|F4_0,4.0,33,0.00030399048589724954,0.00030399048589724954,0.00030399048589724954,2,2,0.06060606060606061,0.06060606060606061,False
ecb,rgdp,real_gdp_yoy,2006,3,,2008Q1,rolling_2y,2.0,,T0_0|F0_0T0_4|F0_5T0_9|F1_0T1_4|F1_5T1_9|F2_0T2_4|F2_5T2_9|F3_0T3_4|F3_5T3_9|F4_0,5.0,33,0.0,0.00030399048589724954,,0,2,0.0,0.06060606060606061,True
ecb,rgdp,real_gdp_yoy,2006,3,,2008Q1,rolling_2y,2.0,,T0_0|F0_0T0_4|F0_5T0_9|F1_0T1_4|F1_5T1_9|F2_0T2_4|F2_5T2_9|F3_0T3_4|F3_5T3_9|F4_0,10.0,33,0.0,0.00030399048589724954,,0,2,0.0,0.06060606060606061,True
ecb,rgdp,real_gdp_yoy,2006,4,2006,2006,current_year,0.0,,T0_0|F0_0T0_4|F0_5T0_9|F1_0T1_4|F1_5T1_9|F2_0T2_4|F2_5T2_9|F3_0T3_4|F3_5T3_9|F4_0,3.0,58,0.05607275600711109,0.05607275600711109,0.05607275600711109,28,28,0.4827586206896552,0.4827586206896552,False
ecb,rgdp,real_gdp_yoy,2006,4,2006,2006,current_year,0.0,,T0_0|F0_0T0_4|F0_5T0_9|F1_0T1_4|F1_5T1_9|F2_0T2_4|F2_5T2_9|F3_0T3_4|F3_5T3_9|F4_0,4.0,58,0.0008510494336169733,0.0008510494336169733,0.0008510494336169733,4,4,0.06896551724137931,0.06896551724137931,False
ecb,rgdp,real_gdp_yoy,2006,4,2006,2006,current_year,0.0,,T0_0|F0_0T0_4|F0_5T0_9|F1_0T1_4|F1_5T1_9|F2_0T2_4|F2_5T2_9|F3_0T3_4|F3_5T3_9|F4_0,5.0,58,0.0,0.0008510494336169733,,0,4,0.0,0.06896551724137931,True
ecb,rgdp,real_gdp_yoy,2006,4,2006,2006,current_year,0.0,,T0_0|F0_0T0_4|F0_5T0_9|F1_0T1_4|F1_5T1_9|F2_0T2_4|F2_5T2_9|F3_0T3_4|F3_5T3_9|F4_0,10.0,58,0.0,0.0008510494336169733,,0,4,0.0,0.06896551724137931,True
ecb,rgdp,real_gdp_yoy,2006,4,2007,2007,next_year,1.0,,T0_0|F0_0T0_4|F0_5T0_9|F1_0T1_4|F1_5T1_9|F2_0T2_4|F2_5T2_9|F3_0T3_4|F3_5T3_9|F4_0,3.0,59,0.03713178220129138,0.03713178220129138,0.03713178220129138,24,24,0.4067796610169492,0.4067796610169492,False
ecb,rgdp,real_gdp_yoy,2006,4,2007,2007,next_year,1.0,,T0_0|F0_0T0_4|F0_5T0_9|F1_0T1_4|F1_5T1_9|F2_0T2_4|F2_5T2_9|F3_0T3_4|F3_5T3_9|F4_0,4.0,59,0.0032133267607902284,0.0032133267607902284,0.0032133267607902284,6,6,0.1016949152542373,0.1016949152542373,False
ecb,rgdp,real_gdp_yoy,2006,4,2007,2007,next_year,1.0,,T0_0|F0_0T0_4|F0_5T0_9|F1_0T1_4|F1_5T1_9|F2_0T2_4|F2_5T2_9|F3_0T3_4|F3_5T3_9|F4_0,5.0,59,0.0,0.0032133267607902284,,0,6,0.0,0.1016949152542373,True
ecb,rgdp,real_gdp_yoy,2006,4,2007,2007,next_year,1.0,,T0_0|F0_0T0_4|F0_5T0_9|F1_0T1_4|F1_5T1_9|F2_0T2_4|F2_5T2_9|F3_0T3_4|F3_5T3_9|F4_0,10.0,59,0.0,0.0032133267607902284,,0,6,0.0,0.1016949152542373,True
ecb,rgdp,real_gdp_yoy,2006,4,2008,2008,year_after_next,2.0,,T0_0|F0_0T0_4|F0_5T0_9|F1_0T1_4|F1_5T1_9|F2_0T2_4|F2_5T2_9|F3_0T3_4|F3_5T3_9|F4_0,3.0,48,0.04229329065553972,0.04229329065553972,0.04229329065553971,24,24,0.5,0.5,False
ecb,rgdp,real_gdp_yoy,2006,4,2008,2008,year_after_next,2.0,,T0_0|F0_0T0_4|F0_5T0_9|F1_0T1_4|F1_5T1_9|F2_0T2_4|F2_5T2_9|F3_0T3_4|F3_5T3_9|F4_0,4.0,48,0.004637062830621629,0.004637062830621629,0.004637062830621629,6,6,0.125,0.125,False
ecb,rgdp,real_gdp_yoy,2006,4,2008,2008,year_after_next,2.0,,T0_0|F0_0T0_4|F0_5T0_9|F1_0T1_4|F1_5T1_9|F2_0T2_4|F2_5T2_9|F3_0T3_4|F3_5T3_9|F4_0,5.0,48,0.0,0.004637062830621629,,0,6,0.0,0.125,True
ecb,rgdp,real_gdp_yoy,2006,4,2008,2008,year_after_next,2.0,,T0_0|F0_0T0_4|F0_5T0_9|F1_0T1_4|F1_5T1_9|F2_0T2_4|F2_5T2_9|F3_0T3_4|F3_5T3_9|F4_0,10.0,48,0.0,0.004637062830621629,,0,6,0.0,0.125,True
ecb,rgdp,real_gdp_yoy,2006,4,2011,2011,longer_term,5.0,,T0_0|F0_0T0_4|F0_5T0_9|F1_0T1_4|F1_5T1_9|F2_0T2_4|F2_5T2_9|F3_0T3_4|F3_5T3_9|F4_0,3.0,41,0.06031471704654438,0.06031471704654438,0.06031471704654438,23,23,0.5609756097560976,0.5609756097560976,False
ecb,rgdp,real_gdp_yoy,2006,4,2011,2011,longer_term,5.0,,T0_0|F0_0T0_4|F0_5T0_9|F1_0T1_4|F1_5T1_9|F2_0T2_4|F2_5T2_9|F3_0T3_4|F3_5T3_9|F4_0,4.0,41,0.0034149598560325517,0.0034149598560325517,0.0034149598560325517,7,7,0.17073170731707318,0.17073170731707318,False
ecb,rgdp,real_gdp_yoy,2006,4,2011,2011,longer_term,5.0,,T0_0|F0_0T0_4|F0_5T0_9|F1_0T1_4|F1_5T1_9|F2_0T2_4|F2_5T2_9|F3_0T3_4|F3_5T3_9|F4_0,5.0,41,0.0,0.0034149598560325517,,0,7,0.0,0.17073170731707318,True
ecb,rgdp,real_gdp_yoy,2006,4,2011,2011,longer_term,5.0,,T0_0|F0_0T0_4|F0_5T0_9|F1_0T1_4|F1_5T1_9|F2_0T2_4|F2_5T2_9|F3_0T3_4|F3_5T3_9|F4_0,10.0,41,0.0,0.0034149598560325517,,0,7,0.0,0.17073170731707318,True
ecb,rgdp,real_gdp_yoy,2006,4,,2007Q2,rolling_1y,1.0,,T0_0|F0_0T0_4|F0_5T0_9|F1_0T1_4|F1_5T1_9|F2_0T2_4|F2_5T2_9|F3_0T3_4|F3_5T3_9|F4_0,3.0,46,0.033911289190620655,0.033911289190620655,0.033911289190620655,21,21,0.45652173913043476,0.45652173913043476,False
ecb,rgdp,real_gdp_yoy,2006,4,,2007Q2,rolling_1y,1.0,,T0_0|F0_0T0_4|F0_5T0_9|F1_0T1_4|F1_5T1_9|F2_0T2_4|F2_5T2_9|F3_0T3_4|F3_5T3_9|F4_0,4.0,46,0.00175991494719823,0.00175991494719823,0.00175991494719823,4,4,0.08695652173913043,0.08695652173913043,False
ecb,rgdp,real_gdp_yoy,2006,4,,2007Q2,rolling_1y,1.0,,T0_0|F0_0T0_4|F0_5T0_9|F1_0T1_4|F1_5T1_9|F2_0T2_4|F2_5T2_9|F3_0T3_4|F3_5T3_9|F4_0,5.0,46,0.0,0.00175991494719823,,0,4,0.0,0.08695652173913043,True
ecb,rgdp,real_gdp_yoy,2006,4,,2007Q2,rolling_1y,1.0,,T0_0|F0_0T0_4|F0_5T0_9|F1_0T1_4|F1_5T1_9|F2_0T2_4|F2_5T2_9|F3_0T3_4|F3_5T3_9|F4_0,10.0,46,0.0,0.00175991494719823,,0,4,0.0,0.08695652173913043,True
ecb,rgdp,real_gdp_yoy,2006,4,,2008Q2,rolling_2y,2.0,,T0_0|F0_0T0_4|F0_5T0_9|F1_0T1_4|F1_5T1_9|F2_0T2_4|F2_5T2_9|F3_0T3_4|F3_5T3_9|F4_0,3.0,37,0.03448460177064387,0.03448460177064387,0.03448460177064387,18,18,0.4864864864864865,0.4864864864864865,False
ecb,rgdp,real_gdp_yoy,2006,4,,2008Q2,rolling_2y,2.0,,T0_0|F0_0T0_4|F0_5T0_9|F1_0T1_4|F1_5T1_9|F2_0T2_4|F2_5T2_9|F3_0T3_4|F3_5T3_9|F4_0,4.0,37,0.0010830370928182266,0.0010830370928182266,0.0010830370928182266,4,4,0.10810810810810811,0.10810810810810811,False
ecb,rgdp,real_gdp_yoy,2006,4,,2008Q2,rolling_2y,2.0,,T0_0|F0_0T0_4|F0_5T0_9|F1_0T1_4|F1_5T1_9|F2_0T2_4|F2_5T2_9|F3_0T3_4|F3_5T3_9|F4_0,5.0,37,0.0,0.0010830370928182266,,0,4,0.0,0.10810810810810811,True
ecb,rgdp,real_gdp_yoy,2006,4,,2008Q2,rolling_2y,2.0,,T0_0|F0_0T0_4|F0_5T0_9|F1_0T1_4|F1_5T1_9|F2_0T2_4|F2_5T2_9|F3_0T3_4|F3_5T3_9|F4_0,10.0,37,0.0,0.0010830370928182266,,0,4,0.0,0.10810810810810811,True
ecb,rgdp,real_gdp_yoy,2007,1,2007,2007,current_year,0.0,,T0_0|F0_0T0_4|F0_5T0_9|F1_0T1_4|F1_5T1_9|F2_0T2_4|F2_5T2_9|F3_0T3_4|F3_5T3_9|F4_0,3.0,61,0.04018911101345837,0.04018911101345837,0.04018911101345837,25,25,0.4098360655737705,0.4098360655737705,False
ecb,rgdp,real_gdp_yoy,2007,1,2007,2007,current_year,0.0,,T0_0|F0_0T0_4|F0_5T0_9|F1_0T1_4|F1_5T1_9|F2_0T2_4|F2_5T2_9|F3_0T3_4|F3_5T3_9|F4_0,4.0,61,0.0018691672799217255,0.0018691672799217255,0.0018691672799217255,6,6,0.09836065573770492,0.09836065573770492,False
ecb,rgdp,real_gdp_yoy,2007,1,2007,2007,current_year,0.0,,T0_0|F0_0T0_4|F0_5T0_9|F1_0T1_4|F1_5T1_9|F2_0T2_4|F2_5T2_9|F3_0T3_4|F3_5T3_9|F4_0,5.0,61,0.0,0.0018691672799217255,,0,6,0.0,0.09836065573770492,True
ecb,rgdp,real_gdp_yoy,2007,1,2007,2007,current_year,0.0,,T0_0|F0_0T0_4|F0_5T0_9|F1_0T1_4|F1_5T1_9|F2_0T2_4|F2_5T2_9|F3_0T3_4|F3_5T3_9|F4_0,10.0,61,0.0,0.0018691672799217255,,0,6,0.0,0.09836065573770492,True
ecb,rgdp,real_gdp_yoy,2007,1,2008,2008,next_year,1.0,,T0_0|F0_0T0_4|F0_5T0_9|F1_0T1_4|F1_5T1_9|F2_0T2_4|F2_5T2_9|F3_0T3_4|F3_5T3_9|F4_0,3.0,58,0.041443615210176796,0.041443615210176796,0.041443615210176796,29,29,0.5,0.5,False
ecb,rgdp,real_gdp_yoy,2007,1,2008,2008,next_year,1.0,,T0_0|F0_0T0_4|F0_5T0_9|F1_0T1_4|F1_5T1_9|F2_0T2_4|F2_5T2_9|F3_0T3_4|F3_5T3_9|F4_0,4.0,58,0.0022347124076422514,0.0022347124076422514,0.0022347124076422514,7,7,0.1206896551724138,0.1206896551724138,False
ecb,rgdp,real_gdp_yoy,2007,1,2008,2008,next_year,1.0,,T0_0|F0_0T0_4|F0_5T0_9|F1_0T1_4|F1_5T1_9|F2_0T2_4|F2_5T2_9|F3_0T3_4|F3_5T3_9|F4_0,5.0,58,0.0,0.0022347124076422514,,0,7,0.0,0.1206896551724138,True
ecb,rgdp,real_gdp_yoy,2007,1,2008,2008,next_year,1.0,,T0_0|F0_0T0_4|F0_5T0_9|F1_0T1_4|F1_5T1_9|F2_0T2_4|F2_5T2_9|F3_0T3_4|F3_5T3_9|F4_0,10.0,58,0.0,0.0022347124076422514,,0,7,0.0,0.1206896551724138,True
ecb,rgdp,real_gdp_yoy,2007,1,2011,2011,longer_term,4.0,,T0_0|F0_0T0_4|F0_5T0_9|F1_0T1_4|F1_5T1_9|F2_0T2_4|F2_5T2_9|F3_0T3_4|F3_5T3_9|F4_0,3.0,44,0.05631750671764797,0.05631750671764797,0.05631750671764797,24,24,0.5454545454545454,0.5454545454545454,False
ecb,rgdp,real_gdp_yoy,2007,1,2011,2011,longer_term,4.0,,T0_0|F0_0T0_4|F0_5T0_9|F1_0T1_4|F1_5T1_9|F2_0T2_4|F2_5T2_9|F3_0T3_4|F3_5T3_9|F4_0,4.0,44,0.004571565525624277,0.004571565525624277,0.004571565525624277,9,9,0.20454545454545456,0.20454545454545456,False
ecb,rgdp,real_gdp_yoy,2007,1,2011,2011,longer_term,4.0,,T0_0|F0_0T0_4|F0_5T0_9|F1_0T1_4|F1_5T1_9|F2_0T2_4|F2_5T2_9|F3_0T3_4|F3_5T3_9|F4_0,5.0,44,0.0,0.004571565525624277,,0,9,0.0,0.20454545454545456,True
ecb,rgdp,real_gdp_yoy,2007,1,2011,2011,longer_term,4.0,,T0_0|F0_0T0_4|F0_5T0_9|F1_0T1_4|F1_5T1_9|F2_0T2_4|F2_5T2_9|F3_0T3_4|F3_5T3_9|F4_0,10.0,44,0.0,0.004571565525624277,,0,9,0.0,0.20454545454545456,True
ecb,rgdp,real_gdp_yoy,2007,1,,2007Q3,rolling_1y,1.0,,T0_0|F0_0T0_4|F0_5T0_9|F1_0T1_4|F1_5T1_9|F2_0T2_4|F2_5T2_9|F3_0T3_4|F3_5T3_9|F4_0,3.0,50,0.03318113377812214,0.03318113377812214,0.03318113377812214,22,22,0.44,0.44,False
ecb,rgdp,real_gdp_yoy,2007,1,,2007Q3,rolling_1y,1.0,,T0_0|F0_0T0_4|F0_5T0_9|F1_0T1_4|F1_5T1_9|F2_0T2_4|F2_5T2_9|F3_0T3_4|F3_5T3_9|F4_0,4.0,50,0.0012123130138811645,0.0012123130138811645,0.0012123130138811645,4,4,0.08,0.08,False
ecb,rgdp,real_gdp_yoy,2007,1,,2007Q3,rolling_1y,1.0,,T0_0|F0_0T0_4|F0_5T0_9|F1_0T1_4|F1_5T1_9|F2_0T2_4|F2_5T2_9|F3_0T3_4|F3_5T3_9|F4_0,5.0,50,0.0,0.0012123130138811645,,0,4,0.0,0.08,True
ecb,rgdp,real_gdp_yoy,2007,1,,2007Q3,rolling_1y,1.0,,T0_0|F0_0T0_4|F0_5T0_9|F1_0T1_4|F1_5T1_9|F2_0T2_4|F2_5T2_9|F3_0T3_4|F3_5T3_9|F4_0,10.0,50,0.0,0.0012123130138811645,,0,4,0.0,0.08,True
ecb,rgdp,real_gdp_yoy,2007,1,,2008Q3,rolling_2y,2.0,,T0_0|F0_0T0_4|F0_5T0_9|F1_0T1_4|F1_5T1_9|F2_0T2_4|F2_5T2_9|F3_0T3_4|F3_5T3_9|F4_0,3.0,49,0.0441533297561156,0.0441533297561156,0.0441533297561156,25,25,0.5102040816326531,0.5102040816326531,False
ecb,rgdp,real_gdp_yoy,2007,1,,2008Q3,rolling_2y,2.0,,T0_0|F0_0T0_4|F0_5T0_9|F1_0T1_4|F1_5T1_9|F2_0T2_4|F2_5T2_9|F3_0T3_4|F3_5T3_9|F4_0,4.0,49,0.0013687206261079306,0.0013687206261079306,0.0013687206261079306,4,4,0.08163265306122448,0.08163265306122448,False
ecb,rgdp,real_gdp_yoy,2007,1,,2008Q3,rolling_2y,2.0,,T0_0|F0_0T0_4|F0_5T0_9|F1_0T1_4|F1_5T1_9|F2_0T2_4|F2_5T2_9|F3_0T3_4|F3_5T3_9|F4_0,5.0,49,0.0,0.0013687206261079306,,0,4,0.0,0.08163265306122448,True
ecb,rgdp,real_gdp_yoy,2007,1,,2008Q3,rolling_2y,2.0,,T0_0|F0_0T0_4|F0_5T0_9|F1_0T1_4|F1_5T1_9|F2_0T2_4|F2_5T2_9|F3_0T3_4|F3_5T3_9|F4_0,10.0,49,0.0,0.0013687206261079306,,0,4,0.0,0.08163265306122448,True
ecb,rgdp,real_gdp_yoy,2007,2,2007,2007,current_year,0.0,,T0_0|F0_0T0_4|F0_5T0_9|F1_0T1_4|F1_5T1_9|F2_0T2_4|F2_5T2_9|F3_0T3_4|F3_5T3_9|F4_0,3.0,61,0.07002249820872296,0.07002249820872296,0.07002249820872296,34,34,0.5573770491803278,0.5573770491803278,False
ecb,rgdp,real_gdp_yoy,2007,2,2007,2007,current_year,0.0,,T0_0|F0_0T0_4|F0_5T0_9|F1_0T1_4|F1_5T1_9|F2_0T2_4|F2_5T2_9|F3_0T3_4|F3_5T3_9|F4_0,4.0,61,0.004083191683938055,0.004083191683938055,0.004083191683938055,7,7,0.11475409836065574,0.11475409836065574,False
ecb,rgdp,real_gdp_yoy,2007,2,2007,2007,current_year,0.0,,T0_0|F0_0T0_4|F0_5T0_9|F1_0T1_4|F1_5T1_9|F2_0T2_4|F2_5T2_9|F3_0T3_4|F3_5T3_9|F4_0,5.0,61,0.0,0.004083191683938055,,0,7,0.0,0.11475409836065574,True
ecb,rgdp,real_gdp_yoy,2007,2,2007,2007,current_year,0.0,,T0_0|F0_0T0_4|F0_5T0_9|F1_0T1_4|F1_5T1_9|F2_0T2_4|F2_5T2_9|F3_0T3_4|F3_5T3_9|F4_0,10.0,61,0.0,0.004083191683938055,,0,7,0.0,0.11475409836065574,True
ecb,rgdp,real_gdp_yoy,2007,2,2008,2008,next_year,1.0,,T0_0|F0_0T0_4|F0_5T0_9|F1_0T1_4|F1_5T1_9|F2_0T2_4|F2_5T2_9|F3_0T3_4|F3_5T3_9|F4_0,3.0,61,0.06006430104590203,0.06006430104590203,0.06006430104590203,33,33,0.5409836065573771,0.5409836065573771,False
ecb,rgdp,real_gdp_yoy,2007,2,2008,2008,next_year,1.0,,T0_0|F0_0T0_4|F0_5T0_9|F1_0T1_4|F1_5T1_9|F2_0T2_4|F2_5T2_9|F3_0T3_4|F3_5T3_9|F4_0,4.0,61,0.00554712644252474,0.00554712644252474,0.00554712644252474,9,9,0.14754098360655737,0.14754098360655737,False
ecb,rgdp,real_gdp_yoy,2007,2,2008,2008,next_year,1.0,,T0_0|F0_0T0_4|F0_5T0_9|F1_0T1_4|F1_5T1_9|F2_0T2_4|F2_5T2_9|F3_0T3_4|F3_5T3_9|F4_0,5.0,61,0.0,0.00554712644252474,,0,9,0.0,0.14754098360655737,True
ecb,rgdp,real_gdp_yoy,2007,2,2008,2008,next_year,1.0,,T0_0|F0_0T0_4|F0_5T0_9|F1_0T1_4|F1_5T1_9|F2_0T2_4|F2_5T2_9|F3_0T3_4|F3_5T3_9|F4_0,10.0,61,0.0,0.00554712644252474,,0,9,0.0,0.14754098360655737,True
ecb,rgdp,real_gdp_yoy,2007,2,2011,2011,longer_term,4.0,,T0_0|F0_0T0_4|F0_5T0_9|F1_0T1_4|F1_5T1_9|F2_0T2_4|F2_5T2_9|F3_0T3_4|F3_5T3_9|F4_0,3.0,45,0.06724577981626473,0.06724577981626473,0.06724577981626473,25,25,0.5555555555555556,0.5555555555555556,False
ecb,rgdp,real_gdp_yoy,2007,2,2011,2011,longer_term,4.0,,T0_0|F0_0T0_4|F0_5T0_9|F1_0T1_4|F1_5T1_9|F2_0T2_4|F2_5T2_9|F3_0T3_4|F3_5T3_9|F4_0,4.0,45,0.004527033174768279,0.004527033174768279,0.004527033174768279,8,8,0.17777777777777778,0.17777777777777778,False
ecb,rgdp,real_gdp_yoy,2007,2,2011,2011,longer_term,4.0,,T0_0|F0_0T0_4|F0_5T0_9|F1_0T1_4|F1_5T1_9|F2_0T2_4|F2_5T2_9|F3_0T3_4|F3_5T3_9|F4_0,5.0,45,0.0,0.004527033174768279,,0,8,0.0,0.17777777777777778,True
ecb,rgdp,real_gdp_yoy,2007,2,2011,2011,longer_term,4.0,,T0_0|F0_0T0_4|F0_5T0_9|F1_0T1_4|F1_5T1_9|F2_0T2_4|F2_5T2_9|F3_0T3_4|F3_5T3_9|F4_0,10.0,45,0.0,0.004527033174768279,,0,8,0.0,0.17777777777777778,True
ecb,rgdp,real_gdp_yoy,2007,2,,2007Q4,rolling_1y,1.0,,T0_0|F0_0T0_4|F0_5T0_9|F1_0T1_4|F1_5T1_9|F2_0T2_4|F2_5T2_9|F3_0T3_4|F3_5T3_9|F4_0,3.0,48,0.05309670427726012,0.05309670427726012,0.05309670427726012,24,24,0.5,0.5,False
ecb,rgdp,real_gdp_yoy,2007,2,,2007Q4,rolling_1y,1.0,,T0_0|F0_0T0_4|F0_5T0_9|F1_0T1_4|F1_5T1_9|F2_0T2_4|F2_5T2_9|F3_0T3_4|F3_5T3_9|F4_0,4.0,48,0.0010752251234046617,0.0010752251234046617,0.0010752251234046617,4,4,0.08333333333333333,0.08333333333333333,False
ecb,rgdp,real_gdp_yoy,2007,2,,2007Q4,rolling_1y,1.0,,T0_0|F0_0T0_4|F0_5T0_9|F1_0T1_4|F1_5T1_9|F2_0T2_4|F2_5T2_9|F3_0T3_4|F3_5T3_9|F4_0,5.0,48,0.0,0.0010752251234046617,,0,4,0.0,0.08333333333333333,True
ecb,rgdp,real_gdp_yoy,2007,2,,2007Q4,rolling_1y,1.0,,T0_0|F0_0T0_4|F0_5T0_9|F1_0T1_4|F1_5T1_9|F2_0T2_4|F2_5T2_9|F3_0T3_4|F3_5T3_9|F4_0,10.0,48,0.0,0.0010752251234046617,,0,4,0.0,0.08333333333333333,True
ecb,rgdp,real_gdp_yoy,2007,2,,2008Q4,rolling_2y,2.0,,T0_0|F0_0T0_4|F0_5T0_9|F1_0T1_4|F1_5T1_9|F2_0T2_4|F2_5T2_9|F3_0T3_4|F3_5T3_9|F4_0,3.0,48,0.059099163319521864,0.059099163319521864,0.059099163319521864,27,27,0.5625,0.5625,False
ecb,rgdp,real_gdp_yoy,2007,2,,2008Q4,rolling_2y,2.0,,T0_0|F0_0T0_4|F0_5T0_9|F1_0T1_4|F1_5T1_9|F2_0T2_4|F2_5T2_9|F3_0T3_4|F3_5T3_9|F4_0,4.0,48,0.0014161217049417556,0.0014161217049417556,0.0014161217049417556,4,4,0.08333333333333333,0.08333333333333333,False
ecb,rgdp,real_gdp_yoy,2007,2,,2008Q4,rolling_2y,2.0,,T0_0|F0_0T0_4|F0_5T0_9|F1_0T1_4|F1_5T1_9|F2_0T2_4|F2_5T2_9|F3_0T3_4|F3_5T3_9|F4_0,5.0,48,0.0,0.0014161217049417556,,0,4,0.0,0.08333333333333333,True
ecb,rgdp,real_gdp_yoy,2007,2,,2008Q4,rolling_2y,2.0,,T0_0|F0_0T0_4|F0_5T0_9|F1_0T1_4|F1_5T1_9|F2_0T2_4|F2_5T2_9|F3_0T3_4|F3_5T3_9|F4_0,10.0,48,0.0,0.0014161217049417556,,0,4,0.0,0.08333333333333333,True
ecb,rgdp,real_gdp_yoy,2007,3,2007,2007,current_year,0.0,,T0_0|F0_0T0_4|F0_5T0_9|F1_0T1_4|F1_5T1_9|F2_0T2_4|F2_5T2_9|F3_0T3_4|F3_5T3_9|F4_0,3.0,50,0.14767808360270748,0.14767808360270748,0.14767808360270748,40,40,0.8,0.8,False
ecb,rgdp,real_gdp_yoy,2007,3,2007,2007,current_year,0.0,,T0_0|F0_0T0_4|F0_5T0_9|F1_0T1_4|F1_5T1_9|F2_0T2_4|F2_5T2_9|F3_0T3_4|F3_5T3_9|F4_0,4.0,50,0.00044036857540671973,0.00044036857540671973,0.00044036857540671973,4,4,0.08,0.08,False
ecb,rgdp,real_gdp_yoy,2007,3,2007,2007,current_year,0.0,,T0_0|F0_0T0_4|F0_5T0_9|F1_0T1_4|F1_5T1_9|F2_0T2_4|F2_5T2_9|F3_0T3_4|F3_5T3_9|F4_0,5.0,50,0.0,0.00044036857540671973,,0,4,0.0,0.08,True
ecb,rgdp,real_gdp_yoy,2007,3,2007,2007,current_year,0.0,,T0_0|F0_0T0_4|F0_5T0_9|F1_0T1_4|F1_5T1_9|F2_0T2_4|F2_5T2_9|F3_0T3_4|F3_5T3_9|F4_0,10.0,50,0.0,0.00044036857540671973,,0,4,0.0,0.08,True
ecb,rgdp,real_gdp_yoy,2007,3,2008,2008,next_year,1.0,,T0_0|F0_0T0_4|F0_5T0_9|F1_0T1_4|F1_5T1_9|F2_0T2_4|F2_5T2_9|F3_0T3_4|F3_5T3_9|F4_0,3.0,50,0.06285235113630053,0.06285235113630053,0.06285235113630053,28,28,0.56,0.56,False
ecb,rgdp,real_gdp_yoy,2007,3,2008,2008,next_year,1.0,,T0_0|F0_0T0_4|F0_5T0_9|F1_0T1_4|F1_5T1_9|F2_0T2_4|F2_5T2_9|F3_0T3_4|F3_5T3_9|F4_0,4.0,50,0.0014583218507030493,0.0014583218507030493,0.0014583218507030493,5,5,0.1,0.1,False
ecb,rgdp,real_gdp_yoy,2007,3,2008,2008,next_year,1.0,,T0_0|F0_0T0_4|F0_5T0_9|F1_0T1_4|F1_5T1_9|F2_0T2_4|F2_5T2_9|F3_0T3_4|F3_5T3_9|F4_0,5.0,50,0.0,0.0014583218507030493,,0,5,0.0,0.1,True
ecb,rgdp,real_gdp_yoy,2007,3,2008,2008,next_year,1.0,,T0_0|F0_0T0_4|F0_5T0_9|F1_0T1_4|F1_5T1_9|F2_0T2_4|F2_5T2_9|F3_0T3_4|F3_5T3_9|F4_0,10.0,50,0.0,0.0014583218507030493,,0,5,0.0,0.1,True
ecb,rgdp,real_gdp_yoy,2007,3,2009,2009,year_after_next,2.0,,T0_0|F0_0T0_4|F0_5T0_9|F1_0T1_4|F1_5T1_9|F2_0T2_4|F2_5T2_9|F3_0T3_4|F3_5T3_9|F4_0,3.0,41,0.06344194702402123,0.06344194702402123,0.06344194702402123,24,24,0.5853658536585366,0.5853658536585366,False
ecb,rgdp,real_gdp_yoy,2007,3,2009,2009,year_after_next,2.0,,T0_0|F0_0T0_4|F0_5T0_9|F1_0T1_4|F1_5T1_9|F2_0T2_4|F2_5T2_9|F3_0T3_4|F3_5T3_9|F4_0,4.0,41,0.0018470748916929614,0.0018470748916929614,0.0018470748916929614,4,4,0.0975609756097561,0.0975609756097561,False
ecb,rgdp,real_gdp_yoy,2007,3,2009,2009,year_after_next,2.0,,T0_0|F0_0T0_4|F0_5T0_9|F1_0T1_4|F1_5T1_9|F2_0T2_4|F2_5T2_9|F3_0T3_4|F3_5T3_9|F4_0,5.0,41,0.0,0.0018470748916929614,,0,4,0.0,0.0975609756097561,True
ecb,rgdp,real_gdp_yoy,2007,3,2009,2009,year_after_next,2.0,,T0_0|F0_0T0_4|F0_5T0_9|F1_0T1_4|F1_5T1_9|F2_0T2_4|F2_5T2_9|F3_0T3_4|F3_5T3_9|F4_0,10.0,41,0.0,0.0018470748916929614,,0,4,0.0,0.0975609756097561,True
ecb,rgdp,real_gdp_yoy,2007,3,2012,2012,longer_term,5.0,,T0_0|F0_0T0_4|F0_5T0_9|F1_0T1_4|F1_5T1_9|F2_0T2_4|F2_5T2_9|F3_0T3_4|F3_5T3_9|F4_0,3.0,35,0.09091324509956518,0.09091324509956518,0.09091324509956517,18,18,0.5142857142857142,0.5142857142857142,False
ecb,rgdp,real_gdp_yoy,2007,3,2012,2012,longer_term,5.0,,T0_0|F0_0T0_4|F0_5T0_9|F1_0T1_4|F1_5T1_9|F2_0T2_4|F2_5T2_9|F3_0T3_4|F3_5T3_9|F4_0,4.0,35,0.005273298050927981,0.005273298050927981,0.005273298050927981,6,6,0.17142857142857143,0.17142857142857143,False
ecb,rgdp,real_gdp_yoy,2007,3,2012,2012,longer_term,5.0,,T0_0|F0_0T0_4|F0_5T0_9|F1_0T1_4|F1_5T1_9|F2_0T2_4|F2_5T2_9|F3_0T3_4|F3_5T3_9|F4_0,5.0,35,0.0,0.005273298050927981,,0,6,0.0,0.17142857142857143,True
ecb,rgdp,real_gdp_yoy,2007,3,2012,2012,longer_term,5.0,,T0_0|F0_0T0_4|F0_5T0_9|F1_0T1_4|F1_5T1_9|F2_0T2_4|F2_5T2_9|F3_0T3_4|F3_5T3_9|F4_0,10.0,35,0.0,0.005273298050927981,,0,6,0.0,0.17142857142857143,True
ecb,rgdp,real_gdp_yoy,2007,3,,2008Q1,rolling_1y,1.0,,T0_0|F0_0T0_4|F0_5T0_9|F1_0T1_4|F1_5T1_9|F2_0T2_4|F2_5T2_9|F3_0T3_4|F3_5T3_9|F4_0,3.0,41,0.06909900124069174,0.06909900124069174,0.06909900124069174,23,23,0.5609756097560976,0.5609756097560976,False
ecb,rgdp,real_gdp_yoy,2007,3,,2008Q1,rolling_1y,1.0,,T0_0|F0_0T0_4|F0_5T0_9|F1_0T1_4|F1_5T1_9|F2_0T2_4|F2_5T2_9|F3_0T3_4|F3_5T3_9|F4_0,4.0,41,0.0011416347801758754,0.0011416347801758754,0.0011416347801758754,4,4,0.0975609756097561,0.0975609756097561,False
ecb,rgdp,real_gdp_yoy,2007,3,,2008Q1,rolling_1y,1.0,,T0_0|F0_0T0_4|F0_5T0_9|F1_0T1_4|F1_5T1_9|F2_0T2_4|F2_5T2_9|F3_0T3_4|F3_5T3_9|F4_0,5.0,41,0.0,0.0011416347801758754,,0,4,0.0,0.0975609756097561,True
ecb,rgdp,real_gdp_yoy,2007,3,,2008Q1,rolling_1y,1.0,,T0_0|F0_0T0_4|F0_5T0_9|F1_0T1_4|F1_5T1_9|F2_0T2_4|F2_5T2_9|F3_0T3_4|F3_5T3_9|F4_0,10.0,41,0.0,0.0011416347801758754,,0,4,0.0,0.0975609756097561,True
ecb,rgdp,real_gdp_yoy,2007,3,,2009Q1,rolling_2y,2.0,,T0_0|F0_0T0_4|F0_5T0_9|F1_0T1_4|F1_5T1_9|F2_0T2_4|F2_5T2_9|F3_0T3_4|F3_5T3_9|F4_0,3.0,34,0.06946951701425826,0.06946951701425826,0.06946951701425826,22,22,0.6470588235294118,0.6470588235294118,False
ecb,rgdp,real_gdp_yoy,2007,3,,2009Q1,rolling_2y,2.0,,T0_0|F0_0T0_4|F0_5T0_9|F1_0T1_4|F1_5T1_9|F2_0T2_4|F2_5T2_9|F3_0T3_4|F3_5T3_9|F4_0,4.0,34,0.0021931009347788046,0.0021931009347788046,0.0021931009347788046,3,3,0.08823529411764706,0.08823529411764706,False
ecb,rgdp,real_gdp_yoy,2007,3,,2009Q1,rolling_2y,2.0,,T0_0|F0_0T0_4|F0_5T0_9|F1_0T1_4|F1_5T1_9|F2_0T2_4|F2_5T2_9|F3_0T3_4|F3_5T3_9|F4_0,5.0,34,0.0,0.0021931009347788046,,0,3,0.0,0.08823529411764706,True
ecb,rgdp,real_gdp_yoy,2007,3,,2009Q1,rolling_2y,2.0,,T0_0|F0_0T0_4|F0_5T0_9|F1_0T1_4|F1_5T1_9|F2_0T2_4|F2_5T2_9|F3_0T3_4|F3_5T3_9|F4_0,10.0,34,0.0,0.0021931009347788046,,0,3,0.0,0.08823529411764706,True
ecb,rgdp,real_gdp_yoy,2007,4,2007,2007,current_year,0.0,,T0_0|F0_0T0_4|F0_5T0_9|F1_0T1_4|F1_5T1_9|F2_0T2_4|F2_5T2_9|F3_0T3_4|F3_5T3_9|F4_0,3.0,54,0.05353943453793923,0.05353943453793923,0.05353943453793923,25,25,0.46296296296296297,0.46296296296296297,False
ecb,rgdp,real_gdp_yoy,2007,4,2007,2007,current_year,0.0,,T0_0|F0_0T0_4|F0_5T0_9|F1_0T1_4|F1_5T1_9|F2_0T2_4|F2_5T2_9|F3_0T3_4|F3_5T3_9|F4_0,4.0,54,0.0016060796331155583,0.0016060796331155583,0.0016060796331155583,5,5,0.09259259259259259,0.09259259259259259,False
ecb,rgdp,real_gdp_yoy,2007,4,2007,2007,current_year,0.0,,T0_0|F0_0T0_4|F0_5T0_9|F1_0T1_4|F1_5T1_9|F2_0T2_4|F2_5T2_9|F3_0T3_4|F3_5T3_9|F4_0,5.0,54,0.0,0.0016060796331155583,,0,5,0.0,0.09259259259259259,True
ecb,rgdp,real_gdp_yoy,2007,4,2007,2007,current_year,0.0,,T0_0|F0_0T0_4|F0_5T0_9|F1_0T1_4|F1_5T1_9|F2_0T2_4|F2_5T2_9|F3_0T3_4|F3_5T3_9|F4_0,10.0,54,0.0,0.0016060796331155583,,0,5,0.0,0.09259259259259259,True
ecb,rgdp,real_gdp_yoy,2007,4,2008,2008,next_year,1.0,,T0_0|F0_0T0_4|F0_5T0_9|F1_0T1_4|F1_5T1_9|F2_0T2_4|F2_5T2_9|F3_0T3_4|F3_5T3_9|F4_0,3.0,54,0.047057647924297064,0.047057647924297064,0.047057647924297064,22,22,0.4074074074074074,0.4074074074074074,False
ecb,rgdp,real_gdp_yoy,2007,4,2008,2008,next_year,1.0,,T0_0|F0_0T0_4|F0_5T0_9|F1_0T1_4|F1_5T1_9|F2_0T2_4|F2_5T2_9|F3_0T3_4|F3_5T3_9|F4_0,4.0,54,0.005302365505897571,0.005302365505897571,0.005302365505897571,12,12,0.2222222222222222,0.2222222222222222,False
ecb,rgdp,real_gdp_yoy,2007,4,2008,2008,next_year,1.0,,T0_0|F0_0T0_4|F0_5T0_9|F1_0T1_4|F1_5T1_9|F2_0T2_4|F2_5T2_9|F3_0T3_4|F3_5T3_9|F4_0,5.0,54,0.0,0.005302365505897571,,0,12,0.0,0.2222222222222222,True
ecb,rgdp,real_gdp_yoy,2007,4,2008,2008,next_year,1.0,,T0_0|F0_0T0_4|F0_5T0_9|F1_0T1_4|F1_5T1_9|F2_0T2_4|F2_5T2_9|F3_0T3_4|F3_5T3_9|F4_0,10.0,54,0.0,0.005302365505897571,,0,12,0.0,0.2222222222222222,True
ecb,rgdp,real_gdp_yoy,2007,4,2009,2009,year_after_next,2.0,,T0_0|F0_0T0_4|F0_5T0_9|F1_0T1_4|F1_5T1_9|F2_0T2_4|F2_5T2_9|F3_0T3_4|F3_5T3_9|F4_0,3.0,48,0.0671319815735504,0.0671319815735504,0.0671319815735504,28,28,0.5833333333333334,0.5833333333333334,False
ecb,rgdp,real_gdp_yoy,2007,4,2009,2009,year_after_next,2.0,,T0_0|F0_0T0_4|F0_5T0_9|F1_0T1_4|F1_5T1_9|F2_0T2_4|F2_5T2_9|F3_0T3_4|F3_5T3_9|F4_0,4.0,48,0.007062250651488561,0.007062250651488561,0.007062250651488561,10,10,0.20833333333333334,0.20833333333333334,False
ecb,rgdp,real_gdp_yoy,2007,4,2009,2009,year_after_next,2.0,,T0_0|F0_0T0_4|F0_5T0_9|F1_0T1_4|F1_5T1_9|F2_0T2_4|F2_5T2_9|F3_0T3_4|F3_5T3_9|F4_0,5.0,48,0.0,0.007062250651488561,,0,10,0.0,0.20833333333333334,True
ecb,rgdp,real_gdp_yoy,2007,4,2009,2009,year_after_next,2.0,,T0_0|F0_0T0_4|F0_5T0_9|F1_0T1_4|F1_5T1_9|F2_0T2_4|F2_5T2_9|F3_0T3_4|F3_5T3_9|F4_0,10.0,48,0.0,0.007062250651488561,,0,10,0.0,0.20833333333333334,True
ecb,rgdp,real_gdp_yoy,2007,4,2012,2012,longer_term,5.0,,T0_0|F0_0T0_4|F0_5T0_9|F1_0T1_4|F1_5T1_9|F2_0T2_4|F2_5T2_9|F3_0T3_4|F3_5T3_9|F4_0,3.0,38,0.09557798890749424,0.09557798890749424,0.09557798890749424,22,22,0.5789473684210527,0.5789473684210527,False
ecb,rgdp,real_gdp_yoy,2007,4,2012,2012,longer_term,5.0,,T0_0|F0_0T0_4|F0_5T0_9|F1_0T1_4|F1_5T1_9|F2_0T2_4|F2_5T2_9|F3_0T3_4|F3_5T3_9|F4_0,4.0,38,0.007225406099538929,0.007225406099538929,0.007225406099538929,9,9,0.23684210526315788,0.23684210526315788,False
ecb,rgdp,real_gdp_yoy,2007,4,2012,2012,longer_term,5.0,,T0_0|F0_0T0_4|F0_5T0_9|F1_0T1_4|F1_5T1_9|F2_0T2_4|F2_5T2_9|F3_0T3_4|F3_5T3_9|F4_0,5.0,38,0.0,0.007225406099538929,,0,9,0.0,0.23684210526315788,True
ecb,rgdp,real_gdp_yoy,2007,4,2012,2012,longer_term,5.0,,T0_0|F0_0T0_4|F0_5T0_9|F1_0T1_4|F1_5T1_9|F2_0T2_4|F2_5T2_9|F3_0T3_4|F3_5T3_9|F4_0,10.0,38,0.0,0.007225406099538929,,0,9,0.0,0.23684210526315788,True
ecb,rgdp,real_gdp_yoy,2007,4,,2008Q2,rolling_1y,1.0,,T0_0|F0_0T0_4|F0_5T0_9|F1_0T1_4|F1_5T1_9|F2_0T2_4|F2_5T2_9|F3_0T3_4|F3_5T3_9|F4_0,3.0,44,0.03851042371028138,0.03851042371028138,0.03851042371028138,16,16,0.36363636363636365,0.36363636363636365,False
ecb,rgdp,real_gdp_yoy,2007,4,,2008Q2,rolling_1y,1.0,,T0_0|F0_0T0_4|F0_5T0_9|F1_0T1_4|F1_5T1_9|F2_0T2_4|F2_5T2_9|F3_0T3_4|F3_5T3_9|F4_0,4.0,44,0.0023290225052237197,0.0023290225052237197,0.0023290225052237197,8,8,0.18181818181818182,0.18181818181818182,False
ecb,rgdp,real_gdp_yoy,2007,4,,2008Q2,rolling_1y,1.0,,T0_0|F0_0T0_4|F0_5T0_9|F1_0T1_4|F1_5T1_9|F2_0T2_4|F2_5T2_9|F3_0T3_4|F3_5T3_9|F4_0,5.0,44,0.0,0.0023290225052237197,,0,8,0.0,0.18181818181818182,True
ecb,rgdp,real_gdp_yoy,2007,4,,2008Q2,rolling_1y,1.0,,T0_0|F0_0T0_4|F0_5T0_9|F1_0T1_4|F1_5T1_9|F2_0T2_4|F2_5T2_9|F3_0T3_4|F3_5T3_9|F4_0,10.0,44,0.0,0.0023290225052237197,,0,8,0.0,0.18181818181818182,True
ecb,rgdp,real_gdp_yoy,2007,4,,2009Q2,rolling_2y,2.0,,T0_0|F0_0T0_4|F0_5T0_9|F1_0T1_4|F1_5T1_9|F2_0T2_4|F2_5T2_9|F3_0T3_4|F3_5T3_9|F4_0,3.0,41,0.06565764825572636,0.06565764825572636,0.06565764825572636,24,24,0.5853658536585366,0.5853658536585366,False
ecb,rgdp,real_gdp_yoy,2007,4,,2009Q2,rolling_2y,2.0,,T0_0|F0_0T0_4|F0_5T0_9|F1_0T1_4|F1_5T1_9|F2_0T2_4|F2_5T2_9|F3_0T3_4|F3_5T3_9|F4_0,4.0,41,0.0035259861410360817,0.0035259861410360817,0.0035259861410360817,7,7,0.17073170731707318,0.17073170731707318,False
ecb,rgdp,real_gdp_yoy,2007,4,,2009Q2,rolling_2y,2.0,,T0_0|F0_0T0_4|F0_5T0_9|F1_0T1_4|F1_5T1_9|F2_0T2_4|F2_5T2_9|F3_0T3_4|F3_5T3_9|F4_0,5.0,41,0.0,0.0035259861410360817,,0,7,0.0,0.17073170731707318,True
ecb,rgdp,real_gdp_yoy,2007,4,,2009Q2,rolling_2y,2.0,,T0_0|F0_0T0_4|F0_5T0_9|F1_0T1_4|F1_5T1_9|F2_0T2_4|F2_5T2_9|F3_0T3_4|F3_5T3_9|F4_0,10.0,41,0.0,0.0035259861410360817,,0,7,0.0,0.17073170731707318,True
ecb,rgdp,real_gdp_yoy,2008,1,2008,2008,current_year,0.0,,T0_0|F0_0T0_4|F0_5T0_9|F1_0T1_4|F1_5T1_9|F2_0T2_4|F2_5T2_9|F3_0T3_4|F3_5T3_9|F4_0,3.0,49,0.014265685748105744,0.014265685748105744,0.014265685748105744,13,13,0.2653061224489796,0.2653061224489796,False
ecb,rgdp,real_gdp_yoy,2008,1,2008,2008,current_year,0.0,,T0_0|F0_0T0_4|F0_5T0_9|F1_0T1_4|F1_5T1_9|F2_0T2_4|F2_5T2_9|F3_0T3_4|F3_5T3_9|F4_0,4.0,49,0.0004157520377876281,0.0004157520377876281,0.0004157520377876281,3,3,0.061224489795918366,0.061224489795918366,False
ecb,rgdp,real_gdp_yoy,2008,1,2008,2008,current_year,0.0,,T0_0|F0_0T0_4|F0_5T0_9|F1_0T1_4|F1_5T1_9|F2_0T2_4|F2_5T2_9|F3_0T3_4|F3_5T3_9|F4_0,5.0,49,0.0,0.0004157520377876281,,0,3,0.0,0.061224489795918366,True
ecb,rgdp,real_gdp_yoy,2008,1,2008,2008,current_year,0.0,,T0_0|F0_0T0_4|F0_5T0_9|F1_0T1_4|F1_5T1_9|F2_0T2_4|F2_5T2_9|F3_0T3_4|F3_5T3_9|F4_0,10.0,49,0.0,0.0004157520377876281,,0,3,0.0,0.061224489795918366,True
ecb,rgdp,real_gdp_yoy,2008,1,2009,2009,next_year,1.0,,T0_0|F0_0T0_4|F0_5T0_9|F1_0T1_4|F1_5T1_9|F2_0T2_4|F2_5T2_9|F3_0T3_4|F3_5T3_9|F4_0,3.0,49,0.04386121568172336,0.04386121568172336,0.04386121568172336,21,21,0.42857142857142855,0.42857142857142855,False
ecb,rgdp,real_gdp_yoy,2008,1,2009,2009,next_year,1.0,,T0_0|F0_0T0_4|F0_5T0_9|F1_0T1_4|F1_5T1_9|F2_0T2_4|F2_5T2_9|F3_0T3_4|F3_5T3_9|F4_0,4.0,49,0.001702672793731124,0.001702672793731124,0.001702672793731124,5,5,0.10204081632653061,0.10204081632653061,False
ecb,rgdp,real_gdp_yoy,2008,1,2009,2009,next_year,1.0,,T0_0|F0_0T0_4|F0_5T0_9|F1_0T1_4|F1_5T1_9|F2_0T2_4|F2_5T2_9|F3_0T3_4|F3_5T3_9|F4_0,5.0,49,0.0,0.001702672793731124,,0,5,0.0,0.10204081632653061,True
ecb,rgdp,real_gdp_yoy,2008,1,2009,2009,next_year,1.0,,T0_0|F0_0T0_4|F0_5T0_9|F1_0T1_4|F1_5T1_9|F2_0T2_4|F2_5T2_9|F3_0T3_4|F3_5T3_9|F4_0,10.0,49,0.0,0.001702672793731124,,0,5,0.0,0.10204081632653061,True
ecb,rgdp,real_gdp_yoy,2008,1,2012,2012,longer_term,4.0,,T0_0|F0_0T0_4|F0_5T0_9|F1_0T1_4|F1_5T1_9|F2_0T2_4|F2_5T2_9|F3_0T3_4|F3_5T3_9|F4_0,3.0,35,0.06785714285714287,0.06785714285714287,0.06785714285714287,19,19,0.5428571428571428,0.5428571428571428,False
ecb,rgdp,real_gdp_yoy,2008,1,2012,2012,longer_term,4.0,,T0_0|F0_0T0_4|F0_5T0_9|F1_0T1_4|F1_5T1_9|F2_0T2_4|F2_5T2_9|F3_0T3_4|F3_5T3_9|F4_0,4.0,35,0.006857142857142858,0.006857142857142858,0.006857142857142858,7,7,0.2,0.2,False
ecb,rgdp,real_gdp_yoy,2008,1,2012,2012,longer_term,4.0,,T0_0|F0_0T0_4|F0_5T0_9|F1_0T1_4|F1_5T1_9|F2_0T2_4|F2_5T2_9|F3_0T3_4|F3_5T3_9|F4_0,5.0,35,0.0,0.006857142857142858,,0,7,0.0,0.2,True
ecb,rgdp,real_gdp_yoy,2008,1,2012,2012,longer_term,4.0,,T0_0|F0_0T0_4|F0_5T0_9|F1_0T1_4|F1_5T1_9|F2_0T2_4|F2_5T2_9|F3_0T3_4|F3_5T3_9|F4_0,10.0,35,0.0,0.006857142857142858,,0,7,0.0,0.2,True
ecb,rgdp,real_gdp_yoy,2008,1,,2008Q3,rolling_1y,1.0,,T0_0|F0_0T0_4|F0_5T0_9|F1_0T1_4|F1_5T1_9|F2_0T2_4|F2_5T2_9|F3_0T3_4|F3_5T3_9|F4_0,3.0,41,0.016829268292682928,0.016829268292682928,0.016829268292682928,11,11,0.2682926829268293,0.2682926829268293,False
ecb,rgdp,real_gdp_yoy,2008,1,,2008Q3,rolling_1y,1.0,,T0_0|F0_0T0_4|F0_5T0_9|F1_0T1_4|F1_5T1_9|F2_0T2_4|F2_5T2_9|F3_0T3_4|F3_5T3_9|F4_0,4.0,41,0.0004878048780487805,0.0004878048780487805,0.0004878048780487805,2,2,0.04878048780487805,0.04878048780487805,False
ecb,rgdp,real_gdp_yoy,2008,1,,2008Q3,rolling_1y,1.0,,T0_0|F0_0T0_4|F0_5T0_9|F1_0T1_4|F1_5T1_9|F2_0T2_4|F2_5T2_9|F3_0T3_4|F3_5T3_9|F4_0,5.0,41,0.0,0.0004878048780487805,,0,2,0.0,0.04878048780487805,True
ecb,rgdp,real_gdp_yoy,2008,1,,2008Q3,rolling_1y,1.0,,T0_0|F0_0T0_4|F0_5T0_9|F1_0T1_4|F1_5T1_9|F2_0T2_4|F2_5T2_9|F3_0T3_4|F3_5T3_9|F4_0,10.0,41,0.0,0.0004878048780487805,,0,2,0.0,0.04878048780487805,True
ecb,rgdp,real_gdp_yoy,2008,1,,2009Q3,rolling_2y,2.0,,T0_0|F0_0T0_4|F0_5T0_9|F1_0T1_4|F1_5T1_9|F2_0T2_4|F2_5T2_9|F3_0T3_4|F3_5T3_9|F4_0,3.0,38,0.04631578947368423,0.04631578947368423,0.04631578947368423,19,19,0.5,0.5,False
ecb,rgdp,real_gdp_yoy,2008,1,,2009Q3,rolling_2y,2.0,,T0_0|F0_0T0_4|F0_5T0_9|F1_0T1_4|F1_5T1_9|F2_0T2_4|F2_5T2_9|F3_0T3_4|F3_5T3_9|F4_0,4.0,38,0.0005263157894736842,0.0005263157894736842,0.0005263157894736842,2,2,0.05263157894736842,0.05263157894736842,False
ecb,rgdp,real_gdp_yoy,2008,1,,2009Q3,rolling_2y,2.0,,T0_0|F0_0T0_4|F0_5T0_9|F1_0T1_4|F1_5T1_9|F2_0T2_4|F2_5T2_9|F3_0T3_4|F3_5T3_9|F4_0,5.0,38,0.0,0.0005263157894736842,,0,2,0.0,0.05263157894736842,True
ecb,rgdp,real_gdp_yoy,2008,1,,2009Q3,rolling_2y,2.0,,T0_0|F0_0T0_4|F0_5T0_9|F1_0T1_4|F1_5T1_9|F2_0T2_4|F2_5T2_9|F3_0T3_4|F3_5T3_9|F4_0,10.0,38,0.0,0.0005263157894736842,,0,2,0.0,0.05263157894736842,True
ecb,rgdp,real_gdp_yoy,2008,2,2008,2008,current_year,0.0,,T0_0|F0_0T0_4|F0_5T0_9|F1_0T1_4|F1_5T1_9|F2_0T2_4|F2_5T2_9|F3_0T3_4|F3_5T3_9|F4_0,3.0,54,0.006770280071996149,0.006770280071996149,0.006770280071996149,9,9,0.16666666666666666,0.16666666666666666,False
ecb,rgdp,real_gdp_yoy,2008,2,2008,2008,current_year,0.0,,T0_0|F0_0T0_4|F0_5T0_9|F1_0T1_4|F1_5T1_9|F2_0T2_4|F2_5T2_9|F3_0T3_4|F3_5T3_9|F4_0,4.0,54,0.00021163452483361628,0.00021163452483361628,0.00021163452483361628,3,3,0.05555555555555555,0.05555555555555555,False
ecb,rgdp,real_gdp_yoy,2008,2,2008,2008,current_year,0.0,,T0_0|F0_0T0_4|F0_5T0_9|F1_0T1_4|F1_5T1_9|F2_0T2_4|F2_5T2_9|F3_0T3_4|F3_5T3_9|F4_0,5.0,54,0.0,0.00021163452483361628,,0,3,0.0,0.05555555555555555,True
ecb,rgdp,real_gdp_yoy,2008,2,2008,2008,current_year,0.0,,T0_0|F0_0T0_4|F0_5T0_9|F1_0T1_4|F1_5T1_9|F2_0T2_4|F2_5T2_9|F3_0T3_4|F3_5T3_9|F4_0,10.0,54,0.0,0.00021163452483361628,,0,3,0.0,0.05555555555555555,True
ecb,rgdp,real_gdp_yoy,2008,2,2009,2009,next_year,1.0,,T0_0|F0_0T0_4|F0_5T0_9|F1_0T1_4|F1_5T1_9|F2_0T2_4|F2_5T2_9|F3_0T3_4|F3_5T3_9|F4_0,3.0,53,0.02391340445843196,0.02391340445843196,0.023913404458431965,16,16,0.3018867924528302,0.3018867924528302,False
ecb,rgdp,real_gdp_yoy,2008,2,2009,2009,next_year,1.0,,T0_0|F0_0T0_4|F0_5T0_9|F1_0T1_4|F1_5T1_9|F2_0T2_4|F2_5T2_9|F3_0T3_4|F3_5T3_9|F4_0,4.0,53,0.0014724836825451885,0.0014724836825451885,0.0014724836825451885,5,5,0.09433962264150944,0.09433962264150944,False
ecb,rgdp,real_gdp_yoy,2008,2,2009,2009,next_year,1.0,,T0_0|F0_0T0_4|F0_5T0_9|F1_0T1_4|F1_5T1_9|F2_0T2_4|F2_5T2_9|F3_0T3_4|F3_5T3_9|F4_0,5.0,53,0.0,0.0014724836825451885,,0,5,0.0,0.09433962264150944,True
ecb,rgdp,real_gdp_yoy,2008,2,2009,2009,next_year,1.0,,T0_0|F0_0T0_4|F0_5T0_9|F1_0T1_4|F1_5T1_9|F2_0T2_4|F2_5T2_9|F3_0T3_4|F3_5T3_9|F4_0,10.0,53,0.0,0.0014724836825451885,,0,5,0.0,0.09433962264150944,True
ecb,rgdp,real_gdp_yoy,2008,2,2012,2012,longer_term,4.0,,T0_0|F0_0T0_4|F0_5T0_9|F1_0T1_4|F1_5T1_9|F2_0T2_4|F2_5T2_9|F3_0T3_4|F3_5T3_9|F4_0,3.0,38,0.07968325206538897,0.07968325206538897,0.07968325206538897,22,22,0.5789473684210527,0.5789473684210527,False
ecb,rgdp,real_gdp_yoy,2008,2,2012,2012,longer_term,4.0,,T0_0|F0_0T0_4|F0_5T0_9|F1_0T1_4|F1_5T1_9|F2_0T2_4|F2_5T2_9|F3_0T3_4|F3_5T3_9|F4_0,4.0,38,0.007380669257433668,0.007380669257433668,0.007380669257433668,9,9,0.23684210526315788,0.23684210526315788,False
ecb,rgdp,real_gdp_yoy,2008,2,2012,2012,longer_term,4.0,,T0_0|F0_0T0_4|F0_5T0_9|F1_0T1_4|F1_5T1_9|F2_0T2_4|F2_5T2_9|F3_0T3_4|F3_5T3_9|F4_0,5.0,38,0.0,0.007380669257433668,,0,9,0.0,0.23684210526315788,True
ecb,rgdp,real_gdp_yoy,2008,2,2012,2012,longer_term,4.0,,T0_0|F0_0T0_4|F0_5T0_9|F1_0T1_4|F1_5T1_9|F2_0T2_4|F2_5T2_9|F3_0T3_4|F3_5T3_9|F4_0,10.0,38,0.0,0.007380669257433668,,0,9,0.0,0.23684210526315788,True
ecb,rgdp,real_gdp_yoy,2008,2,,2008Q4,rolling_1y,1.0,,T0_0|F0_0T0_4|F0_5T0_9|F1_0T1_4|F1_5T1_9|F2_0T2_4|F2_5T2_9|F3_0T3_4|F3_5T3_9|F4_0,3.0,47,0.017981752667572504,0.017981752667572504,0.017981752667572504,11,11,0.23404255319148937,0.23404255319148937,False
ecb,rgdp,real_gdp_yoy,2008,2,,2008Q4,rolling_1y,1.0,,T0_0|F0_0T0_4|F0_5T0_9|F1_0T1_4|F1_5T1_9|F2_0T2_4|F2_5T2_9|F3_0T3_4|F3_5T3_9|F4_0,4.0,47,0.0013577216629310064,0.0013577216629310064,0.0013577216629310064,4,4,0.0851063829787234,0.0851063829787234,False
ecb,rgdp,real_gdp_yoy,2008,2,,2008Q4,rolling_1y,1.0,,T0_0|F0_0T0_4|F0_5T0_9|F1_0T1_4|F1_5T1_9|F2_0T2_4|F2_5T2_9|F3_0T3_4|F3_5T3_9|F4_0,5.0,47,0.0,0.0013577216629310064,,0,4,0.0,0.0851063829787234,True
ecb,rgdp,real_gdp_yoy,2008,2,,2008Q4,rolling_1y,1.0,,T0_0|F0_0T0_4|F0_5T0_9|F1_0T1_4|F1_5T1_9|F2_0T2_4|F2_5T2_9|F3_0T3_4|F3_5T3_9|F4_0,10.0,47,0.0,0.0013577216629310064,,0,4,0.0,0.0851063829787234,True
ecb,rgdp,real_gdp_yoy,2008,2,,2009Q4,rolling_2y,2.0,,T0_0|F0_0T0_4|F0_5T0_9|F1_0T1_4|F1_5T1_9|F2_0T2_4|F2_5T2_9|F3_0T3_4|F3_5T3_9|F4_0,3.0,44,0.04542501248853948,0.04542501248853948,0.04542501248853948,16,16,0.36363636363636365,0.36363636363636365,False
ecb,rgdp,real_gdp_yoy,2008,2,,2009Q4,rolling_2y,2.0,,T0_0|F0_0T0_4|F0_5T0_9|F1_0T1_4|F1_5T1_9|F2_0T2_4|F2_5T2_9|F3_0T3_4|F3_5T3_9|F4_0,4.0,44,0.0020869109331754366,0.0020869109331754366,0.0020869109331754366,6,6,0.13636363636363635,0.13636363636363635,False
ecb,rgdp,real_gdp_yoy,2008,2,,2009Q4,rolling_2y,2.0,,T0_0|F0_0T0_4|F0_5T0_9|F1_0T1_4|F1_5T1_9|F2_0T2_4|F2_5T2_9|F3_0T3_4|F3_5T3_9|F4_0,5.0,44,0.0,0.0020869109331754366,,0,6,0.0,0.13636363636363635,True
ecb,rgdp,real_gdp_yoy,2008,2,,2009Q4,rolling_2y,2.0,,T0_0|F0_0T0_4|F0_5T0_9|F1_0T1_4|F1_5T1_9|F2_0T2_4|F2_5T2_9|F3_0T3_4|F3_5T3_9|F4_0,10.0,44,0.0,0.0020869109331754366,,0,6,0.0,0.13636363636363635,True
ecb,rgdp,real_gdp_yoy,2008,3,2008,2008,current_year,0.0,,T0_0|F0_0T0_4|F0_5T0_9|F1_0T1_4|F1_5T1_9|F2_0T2_4|F2_5T2_9|F3_0T3_4|F3_5T3_9|F4_0,3.0,52,0.0013129633096093535,0.0013129633096093535,0.0013129633096093535,4,4,0.07692307692307693,0.07692307692307693,False
ecb,rgdp,real_gdp_yoy,2008,3,2008,2008,current_year,0.0,,T0_0|F0_0T0_4|F0_5T0_9|F1_0T1_4|F1_5T1_9|F2_0T2_4|F2_5T2_9|F3_0T3_4|F3_5T3_9|F4_0,4.0,52,6.23210438692777e-06,6.23210438692777e-06,6.23210438692777e-06,2,2,0.038461538461538464,0.038461538461538464,False
ecb,rgdp,real_gdp_yoy,2008,3,2008,2008,current_year,0.0,,T0_0|F0_0T0_4|F0_5T0_9|F1_0T1_4|F1_5T1_9|F2_0T2_4|F2_5T2_9|F3_0T3_4|F3_5T3_9|F4_0,5.0,52,0.0,6.23210438692777e-06,,0,2,0.0,0.038461538461538464,True
ecb,rgdp,real_gdp_yoy,2008,3,2008,2008,current_year,0.0,,T0_0|F0_0T0_4|F0_5T0_9|F1_0T1_4|F1_5T1_9|F2_0T2_4|F2_5T2_9|F3_0T3_4|F3_5T3_9|F4_0,10.0,52,0.0,6.23210438692777e-06,,0,2,0.0,0.038461538461538464,True
ecb,rgdp,real_gdp_yoy,2008,3,2009,2009,next_year,1.0,,T0_0|F0_0T0_4|F0_5T0_9|F1_0T1_4|F1_5T1_9|F2_0T2_4|F2_5T2_9|F3_0T3_4|F3_5T3_9|F4_0,3.0,52,0.003326854652755051,0.003326854652755051,0.0033268546527550507,6,6,0.11538461538461539,0.11538461538461539,False
ecb,rgdp,real_gdp_yoy,2008,3,2009,2009,next_year,1.0,,T0_0|F0_0T0_4|F0_5T0_9|F1_0T1_4|F1_5T1_9|F2_0T2_4|F2_5T2_9|F3_0T3_4|F3_5T3_9|F4_0,4.0,52,0.0003939605577386827,0.0003939605577386827,0.0003939605577386827,4,4,0.07692307692307693,0.07692307692307693,False
ecb,rgdp,real_gdp_yoy,2008,3,2009,2009,next_year,1.0,,T0_0|F0_0T0_4|F0_5T0_9|F1_0T1_4|F1_5T1_9|F2_0T2_4|F2_5T2_9|F3_0T3_4|F3_5T3_9|F4_0,5.0,52,0.0,0.0003939605577386827,,0,4,0.0,0.07692307692307693,True
ecb,rgdp,real_gdp_yoy,2008,3,2009,2009,next_year,1.0,,T0_0|F0_0T0_4|F0_5T0_9|F1_0T1_4|F1_5T1_9|F2_0T2_4|F2_5T2_9|F3_0T3_4|F3_5T3_9|F4_0,10.0,52,0.0,0.0003939605577386827,,0,4,0.0,0.07692307692307693,True
ecb,rgdp,real_gdp_yoy,2008,3,2010,2010,year_after_next,2.0,,T0_0|F0_0T0_4|F0_5T0_9|F1_0T1_4|F1_5T1_9|F2_0T2_4|F2_5T2_9|F3_0T3_4|F3_5T3_9|F4_0,3.0,43,0.019300164590446478,0.019300164590446478,0.019300164590446478,13,13,0.3023255813953488,0.3023255813953488,False
ecb,rgdp,real_gdp_yoy,2008,3,2010,2010,year_after_next,2.0,,T0_0|F0_0T0_4|F0_5T0_9|F1_0T1_4|F1_5T1_9|F2_0T2_4|F2_5T2_9|F3_0T3_4|F3_5T3_9|F4_0,4.0,43,0.0006588405003733268,0.0006588405003733268,0.0006588405003733268,3,3,0.06976744186046512,0.06976744186046512,False
ecb,rgdp,real_gdp_yoy,2008,3,2010,2010,year_after_next,2.0,,T0_0|F0_0T0_4|F0_5T0_9|F1_0T1_4|F1_5T1_9|F2_0T2_4|F2_5T2_9|F3_0T3_4|F3_5T3_9|F4_0,5.0,43,0.0,0.0006588405003733268,,0,3,0.0,0.06976744186046512,True
ecb,rgdp,real_gdp_yoy,2008,3,2010,2010,year_after_next,2.0,,T0_0|F0_0T0_4|F0_5T0_9|F1_0T1_4|F1_5T1_9|F2_0T2_4|F2_5T2_9|F3_0T3_4|F3_5T3_9|F4_0,10.0,43,0.0,0.0006588405003733268,,0,3,0.0,0.06976744186046512,True
ecb,rgdp,real_gdp_yoy,2008,3,2013,2013,longer_term,5.0,,T0_0|F0_0T0_4|F0_5T0_9|F1_0T1_4|F1_5T1_9|F2_0T2_4|F2_5T2_9|F3_0T3_4|F3_5T3_9|F4_0,3.0,40,0.06211018186017385,0.06211018186017385,0.06211018186017385,24,24,0.6,0.6,False
ecb,rgdp,real_gdp_yoy,2008,3,2013,2013,longer_term,5.0,,T0_0|F0_0T0_4|F0_5T0_9|F1_0T1_4|F1_5T1_9|F2_0T2_4|F2_5T2_9|F3_0T3_4|F3_5T3_9|F4_0,4.0,40,0.0046532313881614395,0.0046532313881614395,0.0046532313881614395,9,9,0.225,0.225,False
ecb,rgdp,real_gdp_yoy,2008,3,2013,2013,longer_term,5.0,,T0_0|F0_0T0_4|F0_5T0_9|F1_0T1_4|F1_5T1_9|F2_0T2_4|F2_5T2_9|F3_0T3_4|F3_5T3_9|F4_0,5.0,40,0.0,0.0046532313881614395,,0,9,0.0,0.225,True
ecb,rgdp,real_gdp_yoy,2008,3,2013,2013,longer_term,5.0,,T0_0|F0_0T0_4|F0_5T0_9|F1_0T1_4|F1_5T1_9|F2_0T2_4|F2_5T2_9|F3_0T3_4|F3_5T3_9|F4_0,10.0,40,0.0,0.0046532313881614395,,0,9,0.0,0.225,True
ecb,rgdp,real_gdp_yoy,2008,3,,2009Q1,rolling_1y,1.0,,T0_0|F0_0T0_4|F0_5T0_9|F1_0T1_4|F1_5T1_9|F2_0T2_4|F2_5T2_9|F3_0T3_4|F3_5T3_9|F4_0,3.0,44,0.0016684441003678681,0.0016684441003678681,0.0016684441003678681,6,6,0.13636363636363635,0.13636363636363635,False
ecb,rgdp,real_gdp_yoy,2008,3,,2009Q1,rolling_1y,1.0,,T0_0|F0_0T0_4|F0_5T0_9|F1_0T1_4|F1_5T1_9|F2_0T2_4|F2_5T2_9|F3_0T3_4|F3_5T3_9|F4_0,4.0,44,4.5462292349660755e-05,4.5462292349660755e-05,4.5462292349660755e-05,2,2,0.045454545454545456,0.045454545454545456,False
ecb,rgdp,real_gdp_yoy,2008,3,,2009Q1,rolling_1y,1.0,,T0_0|F0_0T0_4|F0_5T0_9|F1_0T1_4|F1_5T1_9|F2_0T2_4|F2_5T2_9|F3_0T3_4|F3_5T3_9|F4_0,5.0,44,0.0,4.5462292349660755e-05,,0,2,0.0,0.045454545454545456,True
ecb,rgdp,real_gdp_yoy,2008,3,,2009Q1,rolling_1y,1.0,,T0_0|F0_0T0_4|F0_5T0_9|F1_0T1_4|F1_5T1_9|F2_0T2_4|F2_5T2_9|F3_0T3_4|F3_5T3_9|F4_0,10.0,44,0.0,4.5462292349660755e-05,,0,2,0.0,0.045454545454545456,True
ecb,rgdp,real_gdp_yoy,2008,3,,2010Q1,rolling_2y,2.0,,T0_0|F0_0T0_4|F0_5T0_9|F1_0T1_4|F1_5T1_9|F2_0T2_4|F2_5T2_9|F3_0T3_4|F3_5T3_9|F4_0,3.0,36,0.02662734125321344,0.02662734125321344,0.02662734125321344,11,11,0.3055555555555556,0.3055555555555556,False
ecb,rgdp,real_gdp_yoy,2008,3,,2010Q1,rolling_2y,2.0,,T0_0|F0_0T0_4|F0_5T0_9|F1_0T1_4|F1_5T1_9|F2_0T2_4|F2_5T2_9|F3_0T3_4|F3_5T3_9|F4_0,4.0,36,0.0007082386266934958,0.0007082386266934958,0.0007082386266934958,3,3,0.08333333333333333,0.08333333333333333,False
ecb,rgdp,real_gdp_yoy,2008,3,,2010Q1,rolling_2y,2.0,,T0_0|F0_0T0_4|F0_5T0_9|F1_0T1_4|F1_5T1_9|F2_0T2_4|F2_5T2_9|F3_0T3_4|F3_5T3_9|F4_0,5.0,36,0.0,0.0007082386266934958,,0,3,0.0,0.08333333333333333,True
ecb,rgdp,real_gdp_yoy,2008,3,,2010Q1,rolling_2y,2.0,,T0_0|F0_0T0_4|F0_5T0_9|F1_0T1_4|F1_5T1_9|F2_0T2_4|F2_5T2_9|F3_0T3_4|F3_5T3_9|F4_0,10.0,36,0.0,0.0007082386266934958,,0,3,0.0,0.08333333333333333,True
ecb,rgdp,real_gdp_yoy,2008,4,2008,2008,current_year,0.0,,TN1_0|FN1_0TN0_6|FN0_5TN0_1|F0_0T0_4|F0_5T0_9|F1_0T1_4|F1_5T1_9|F2_0T2_4|F2_5T2_9|F3_0T3_4|F3_5T3_9|F4_0,3.0,53,2.9952979300217156e-14,2.9952979300217156e-14,2.9952979300217156e-14,1,1,0.018867924528301886,0.018867924528301886,False
ecb,rgdp,real_gdp_yoy,2008,4,2008,2008,current_year,0.0,,TN1_0|FN1_0TN0_6|FN0_5TN0_1|F0_0T0_4|F0_5T0_9|F1_0T1_4|F1_5T1_9|F2_0T2_4|F2_5T2_9|F3_0T3_4|F3_5T3_9|F4_0,4.0,53,0.0,0.0,0.0,0,0,0.0,0.0,False
ecb,rgdp,real_gdp_yoy,2008,4,2008,2008,current_year,0.0,,TN1_0|FN1_0TN0_6|FN0_5TN0_1|F0_0T0_4|F0_5T0_9|F1_0T1_4|F1_5T1_9|F2_0T2_4|F2_5T2_9|F3_0T3_4|F3_5T3_9|F4_0,5.0,53,0.0,0.0,,0,0,0.0,0.0,True
ecb,rgdp,real_gdp_yoy,2008,4,2008,2008,current_year,0.0,,TN1_0|FN1_0TN0_6|FN0_5TN0_1|F0_0T0_4|F0_5T0_9|F1_0T1_4|F1_5T1_9|F2_0T2_4|F2_5T2_9|F3_0T3_4|F3_5T3_9|F4_0,10.0,53,0.0,0.0,,0,0,0.0,0.0,True
ecb,rgdp,real_gdp_yoy,2008,4,2009,2009,next_year,1.0,,TN1_0|FN1_0TN0_6|FN0_5TN0_1|F0_0T0_4|F0_5T0_9|F1_0T1_4|F1_5T1_9|F2_0T2_4|F2_5T2_9|F3_0T3_4|F3_5T3_9|F4_0,3.0,53,3.949266184565946e-06,3.949266184565946e-06,3.949266184565946e-06,2,2,0.03773584905660377,0.03773584905660377,False
ecb,rgdp,real_gdp_yoy,2008,4,2009,2009,next_year,1.0,,TN1_0|FN1_0TN0_6|FN0_5TN0_1|F0_0T0_4|F0_5T0_9|F1_0T1_4|F1_5T1_9|F2_0T2_4|F2_5T2_9|F3_0T3_4|F3_5T3_9|F4_0,4.0,53,9.709679747857887e-10,9.709679747857887e-10,9.709679747857887e-10,2,2,0.03773584905660377,0.03773584905660377,False
ecb,rgdp,real_gdp_yoy,2008,4,2009,2009,next_year,1.0,,TN1_0|FN1_0TN0_6|FN0_5TN0_1|F0_0T0_4|F0_5T0_9|F1_0T1_4|F1_5T1_9|F2_0T2_4|F2_5T2_9|F3_0T3_4|F3_5T3_9|F4_0,5.0,53,0.0,9.709679747857887e-10,,0,2,0.0,0.03773584905660377,True
ecb,rgdp,real_gdp_yoy,2008,4,2009,2009,next_year,1.0,,TN1_0|FN1_0TN0_6|FN0_5TN0_1|F0_0T0_4|F0_5T0_9|F1_0T1_4|F1_5T1_9|F2_0T2_4|F2_5T2_9|F3_0T3_4|F3_5T3_9|F4_0,10.0,53,0.0,9.709679747857887e-10,,0,2,0.0,0.03773584905660377,True
ecb,rgdp,real_gdp_yoy,2008,4,2010,2010,year_after_next,2.0,,TN1_0|FN1_0TN0_6|FN0_5TN0_1|F0_0T0_4|F0_5T0_9|F1_0T1_4|F1_5T1_9|F2_0T2_4|F2_5T2_9|F3_0T3_4|F3_5T3_9|F4_0,3.0,48,0.005061699207481595,0.005061699207481595,0.005061699207481595,6,6,0.125,0.125,False
ecb,rgdp,real_gdp_yoy,2008,4,2010,2010,year_after_next,2.0,,TN1_0|FN1_0TN0_6|FN0_5TN0_1|F0_0T0_4|F0_5T0_9|F1_0T1_4|F1_5T1_9|F2_0T2_4|F2_5T2_9|F3_0T3_4|F3_5T3_9|F4_0,4.0,48,6.053332266683919e-05,6.053332266683919e-05,6.053332266683919e-05,2,2,0.041666666666666664,0.041666666666666664,False
ecb,rgdp,real_gdp_yoy,2008,4,2010,2010,year_after_next,2.0,,TN1_0|FN1_0TN0_6|FN0_5TN0_1|F0_0T0_4|F0_5T0_9|F1_0T1_4|F1_5T1_9|F2_0T2_4|F2_5T2_9|F3_0T3_4|F3_5T3_9|F4_0,5.0,48,0.0,6.053332266683919e-05,,0,2,0.0,0.041666666666666664,True
ecb,rgdp,real_gdp_yoy,2008,4,2010,2010,year_after_next,2.0,,TN1_0|FN1_0TN0_6|FN0_5TN0_1|F0_0T0_4|F0_5T0_9|F1_0T1_4|F1_5T1_9|F2_0T2_4|F2_5T2_9|F3_0T3_4|F3_5T3_9|F4_0,10.0,48,0.0,6.053332266683919e-05,,0,2,0.0,0.041666666666666664,True
ecb,rgdp,real_gdp_yoy,2008,4,2013,2013,longer_term,5.0,,TN1_0|FN1_0TN0_6|FN0_5TN0_1|F0_0T0_4|F0_5T0_9|F1_0T1_4|F1_5T1_9|F2_0T2_4|F2_5T2_9|F3_0T3_4|F3_5T3_9|F4_0,3.0,40,0.05474571750617552,0.05474571750617552,0.05474571750617552,20,20,0.5,0.5,False
ecb,rgdp,real_gdp_yoy,2008,4,2013,2013,longer_term,5.0,,TN1_0|FN1_0TN0_6|FN0_5TN0_1|F0_0T0_4|F0_5T0_9|F1_0T1_4|F1_5T1_9|F2_0T2_4|F2_5T2_9|F3_0T3_4|F3_5T3_9|F4_0,4.0,40,0.003939248221002655,0.003939248221002655,0.003939248221002655,7,7,0.175,0.175,False
ecb,rgdp,real_gdp_yoy,2008,4,2013,2013,longer_term,5.0,,TN1_0|FN1_0TN0_6|FN0_5TN0_1|F0_0T0_4|F0_5T0_9|F1_0T1_4|F1_5T1_9|F2_0T2_4|F2_5T2_9|F3_0T3_4|F3_5T3_9|F4_0,5.0,40,0.0,0.003939248221002655,,0,7,0.0,0.175,True
ecb,rgdp,real_gdp_yoy,2008,4,2013,2013,longer_term,5.0,,TN1_0|FN1_0TN0_6|FN0_5TN0_1|F0_0T0_4|F0_5T0_9|F1_0T1_4|F1_5T1_9|F2_0T2_4|F2_5T2_9|F3_0T3_4|F3_5T3_9|F4_0,10.0,40,0.0,0.003939248221002655,,0,7,0.0,0.175,True
ecb,rgdp,real_gdp_yoy,2008,4,,2009Q2,rolling_1y,1.0,,TN1_0|FN1_0TN0_6|FN0_5TN0_1|F0_0T0_4|F0_5T0_9|F1_0T1_4|F1_5T1_9|F2_0T2_4|F2_5T2_9|F3_0T3_4|F3_5T3_9|F4_0,3.0,45,0.00010974142728356436,0.00010974142728356436,0.00010974142728356436,2,2,0.044444444444444446,0.044444444444444446,False
ecb,rgdp,real_gdp_yoy,2008,4,,2009Q2,rolling_1y,1.0,,TN1_0|FN1_0TN0_6|FN0_5TN0_1|F0_0T0_4|F0_5T0_9|F1_0T1_4|F1_5T1_9|F2_0T2_4|F2_5T2_9|F3_0T3_4|F3_5T3_9|F4_0,4.0,45,3.5114990873028472e-06,3.5114990873028472e-06,3.5114990873028472e-06,2,2,0.044444444444444446,0.044444444444444446,False
ecb,rgdp,real_gdp_yoy,2008,4,,2009Q2,rolling_1y,1.0,,TN1_0|FN1_0TN0_6|FN0_5TN0_1|F0_0T0_4|F0_5T0_9|F1_0T1_4|F1_5T1_9|F2_0T2_4|F2_5T2_9|F3_0T3_4|F3_5T3_9|F4_0,5.0,45,0.0,3.5114990873028472e-06,,0,2,0.0,0.044444444444444446,True
ecb,rgdp,real_gdp_yoy,2008,4,,2009Q2,rolling_1y,1.0,,TN1_0|FN1_0TN0_6|FN0_5TN0_1|F0_0T0_4|F0_5T0_9|F1_0T1_4|F1_5T1_9|F2_0T2_4|F2_5T2_9|F3_0T3_4|F3_5T3_9|F4_0,10.0,45,0.0,3.5114990873028472e-06,,0,2,0.0,0.044444444444444446,True
ecb,rgdp,real_gdp_yoy,2008,4,,2010Q2,rolling_2y,2.0,,TN1_0|FN1_0TN0_6|FN0_5TN0_1|F0_0T0_4|F0_5T0_9|F1_0T1_4|F1_5T1_9|F2_0T2_4|F2_5T2_9|F3_0T3_4|F3_5T3_9|F4_0,3.0,40,0.008548344642186399,0.008548344642186399,0.008548344642186399,7,7,0.175,0.175,False
ecb,rgdp,real_gdp_yoy,2008,4,,2010Q2,rolling_2y,2.0,,TN1_0|FN1_0TN0_6|FN0_5TN0_1|F0_0T0_4|F0_5T0_9|F1_0T1_4|F1_5T1_9|F2_0T2_4|F2_5T2_9|F3_0T3_4|F3_5T3_9|F4_0,4.0,40,0.00014958595062392047,0.00014958595062392047,0.00014958595062392047,2,2,0.05,0.05,False
ecb,rgdp,real_gdp_yoy,2008,4,,2010Q2,rolling_2y,2.0,,TN1_0|FN1_0TN0_6|FN0_5TN0_1|F0_0T0_4|F0_5T0_9|F1_0T1_4|F1_5T1_9|F2_0T2_4|F2_5T2_9|F3_0T3_4|F3_5T3_9|F4_0,5.0,40,0.0,0.00014958595062392047,,0,2,0.0,0.05,True
ecb,rgdp,real_gdp_yoy,2008,4,,2010Q2,rolling_2y,2.0,,TN1_0|FN1_0TN0_6|FN0_5TN0_1|F0_0T0_4|F0_5T0_9|F1_0T1_4|F1_5T1_9|F2_0T2_4|F2_5T2_9|F3_0T3_4|F3_5T3_9|F4_0,10.0,40,0.0,0.00014958595062392047,,0,2,0.0,0.05,True
ecb,rgdp,real_gdp_yoy,2009,1,2009,2009,current_year,0.0,,TN1_0|FN1_0TN0_6|FN0_5TN0_1|F0_0T0_4|F0_5T0_9|F1_0T1_4|F1_5T1_9|F2_0T2_4|F2_5T2_9|F3_0T3_4|F3_5T3_9|F4_0,3.0,57,0.0,0.0,0.0,0,0,0.0,0.0,False
ecb,rgdp,real_gdp_yoy,2009,1,2009,2009,current_year,0.0,,TN1_0|FN1_0TN0_6|FN0_5TN0_1|F0_0T0_4|F0_5T0_9|F1_0T1_4|F1_5T1_9|F2_0T2_4|F2_5T2_9|F3_0T3_4|F3_5T3_9|F4_0,4.0,57,0.0,0.0,0.0,0,0,0.0,0.0,False
ecb,rgdp,real_gdp_yoy,2009,1,2009,2009,current_year,0.0,,TN1_0|FN1_0TN0_6|FN0_5TN0_1|F0_0T0_4|F0_5T0_9|F1_0T1_4|F1_5T1_9|F2_0T2_4|F2_5T2_9|F3_0T3_4|F3_5T3_9|F4_0,5.0,57,0.0,0.0,,0,0,0.0,0.0,True
ecb,rgdp,real_gdp_yoy,2009,1,2009,2009,current_year,0.0,,TN1_0|FN1_0TN0_6|FN0_5TN0_1|F0_0T0_4|F0_5T0_9|F1_0T1_4|F1_5T1_9|F2_0T2_4|F2_5T2_9|F3_0T3_4|F3_5T3_9|F4_0,10.0,57,0.0,0.0,,0,0,0.0,0.0,True
ecb,rgdp,real_gdp_yoy,2009,1,2010,2010,next_year,1.0,,TN1_0|FN1_0TN0_6|FN0_5TN0_1|F0_0T0_4|F0_5T0_9|F1_0T1_4|F1_5T1_9|F2_0T2_4|F2_5T2_9|F3_0T3_4|F3_5T3_9|F4_0,3.0,56,0.002435875,0.002435875,0.002435875,6,6,0.10714285714285714,0.10714285714285714,False
ecb,rgdp,real_gdp_yoy,2009,1,2010,2010,next_year,1.0,,TN1_0|FN1_0TN0_6|FN0_5TN0_1|F0_0T0_4|F0_5T0_9|F1_0T1_4|F1_5T1_9|F2_0T2_4|F2_5T2_9|F3_0T3_4|F3_5T3_9|F4_0,4.0,56,0.0001821607142857148,0.0001821607142857148,0.0001821607142857148,3,3,0.05357142857142857,0.05357142857142857,False
ecb,rgdp,real_gdp_yoy,2009,1,2010,2010,next_year,1.0,,TN1_0|FN1_0TN0_6|FN0_5TN0_1|F0_0T0_4|F0_5T0_9|F1_0T1_4|F1_5T1_9|F2_0T2_4|F2_5T2_9|F3_0T3_4|F3_5T3_9|F4_0,5.0,56,0.0,0.0001821607142857148,,0,3,0.0,0.05357142857142857,True
ecb,rgdp,real_gdp_yoy,2009,1,2010,2010,next_year,1.0,,TN1_0|FN1_0TN0_6|FN0_5TN0_1|F0_0T0_4|F0_5T0_9|F1_0T1_4|F1_5T1_9|F2_0T2_4|F2_5T2_9|F3_0T3_4|F3_5T3_9|F4_0,10.0,56,0.0,0.0001821607142857148,,0,3,0.0,0.05357142857142857,True
ecb,rgdp,real_gdp_yoy,2009,1,2013,2013,longer_term,4.0,,TN1_0|FN1_0TN0_6|FN0_5TN0_1|F0_0T0_4|F0_5T0_9|F1_0T1_4|F1_5T1_9|F2_0T2_4|F2_5T2_9|F3_0T3_4|F3_5T3_9|F4_0,3.0,44,0.057018181818181815,0.057018181818181815,0.05701818181818183,25,25,0.5681818181818182,0.5681818181818182,False
ecb,rgdp,real_gdp_yoy,2009,1,2013,2013,longer_term,4.0,,TN1_0|FN1_0TN0_6|FN0_5TN0_1|F0_0T0_4|F0_5T0_9|F1_0T1_4|F1_5T1_9|F2_0T2_4|F2_5T2_9|F3_0T3_4|F3_5T3_9|F4_0,4.0,44,0.004738636363636364,0.004738636363636364,0.004738636363636364,8,8,0.18181818181818182,0.18181818181818182,False
ecb,rgdp,real_gdp_yoy,2009,1,2013,2013,longer_term,4.0,,TN1_0|FN1_0TN0_6|FN0_5TN0_1|F0_0T0_4|F0_5T0_9|F1_0T1_4|F1_5T1_9|F2_0T2_4|F2_5T2_9|F3_0T3_4|F3_5T3_9|F4_0,5.0,44,0.0,0.004738636363636364,,0,8,0.0,0.18181818181818182,True
ecb,rgdp,real_gdp_yoy,2009,1,2013,2013,longer_term,4.0,,TN1_0|FN1_0TN0_6|FN0_5TN0_1|F0_0T0_4|F0_5T0_9|F1_0T1_4|F1_5T1_9|F2_0T2_4|F2_5T2_9|F3_0T3_4|F3_5T3_9|F4_0,10.0,44,0.0,0.004738636363636364,,0,8,0.0,0.18181818181818182,True
ecb,rgdp,real_gdp_yoy,2009,1,,2009Q3,rolling_1y,1.0,,TN1_0|FN1_0TN0_6|FN0_5TN0_1|F0_0T0_4|F0_5T0_9|F1_0T1_4|F1_5T1_9|F2_0T2_4|F2_5T2_9|F3_0T3_4|F3_5T3_9|F4_0,3.0,48,0.0,0.0,0.0,0,0,0.0,0.0,False
ecb,rgdp,real_gdp_yoy,2009,1,,2009Q3,rolling_1y,1.0,,TN1_0|FN1_0TN0_6|FN0_5TN0_1|F0_0T0_4|F0_5T0_9|F1_0T1_4|F1_5T1_9|F2_0T2_4|F2_5T2_9|F3_0T3_4|F3_5T3_9|F4_0,4.0,48,0.0,0.0,0.0,0,0,0.0,0.0,False
ecb,rgdp,real_gdp_yoy,2009,1,,2009Q3,rolling_1y,1.0,,TN1_0|FN1_0TN0_6|FN0_5TN0_1|F0_0T0_4|F0_5T0_9|F1_0T1_4|F1_5T1_9|F2_0T2_4|F2_5T2_9|F3_0T3_4|F3_5T3_9|F4_0,5.0,48,0.0,0.0,,0,0,0.0,0.0,True
ecb,rgdp,real_gdp_yoy,2009,1,,2009Q3,rolling_1y,1.0,,TN1_0|FN1_0TN0_6|FN0_5TN0_1|F0_0T0_4|F0_5T0_9|F1_0T1_4|F1_5T1_9|F2_0T2_4|F2_5T2_9|F3_0T3_4|F3_5T3_9|F4_0,10.0,48,0.0,0.0,,0,0,0.0,0.0,True
ecb,rgdp,real_gdp_yoy,2009,1,,2010Q3,rolling_2y,2.0,,TN1_0|FN1_0TN0_6|FN0_5TN0_1|F0_0T0_4|F0_5T0_9|F1_0T1_4|F1_5T1_9|F2_0T2_4|F2_5T2_9|F3_0T3_4|F3_5T3_9|F4_0,3.0,46,0.0026684782608695644,0.0026684782608695644,0.0026684782608695644,7,7,0.15217391304347827,0.15217391304347827,False
ecb,rgdp,real_gdp_yoy,2009,1,,2010Q3,rolling_2y,2.0,,TN1_0|FN1_0TN0_6|FN0_5TN0_1|F0_0T0_4|F0_5T0_9|F1_0T1_4|F1_5T1_9|F2_0T2_4|F2_5T2_9|F3_0T3_4|F3_5T3_9|F4_0,4.0,46,0.00022184782608695725,0.00022184782608695725,0.00022184782608695725,3,3,0.06521739130434782,0.06521739130434782,False
ecb,rgdp,real_gdp_yoy,2009,1,,2010Q3,rolling_2y,2.0,,TN1_0|FN1_0TN0_6|FN0_5TN0_1|F0_0T0_4|F0_5T0_9|F1_0T1_4|F1_5T1_9|F2_0T2_4|F2_5T2_9|F3_0T3_4|F3_5T3_9|F4_0,5.0,46,0.0,0.00022184782608695725,,0,3,0.0,0.06521739130434782,True
ecb,rgdp,real_gdp_yoy,2009,1,,2010Q3,rolling_2y,2.0,,TN1_0|FN1_0TN0_6|FN0_5TN0_1|F0_0T0_4|F0_5T0_9|F1_0T1_4|F1_5T1_9|F2_0T2_4|F2_5T2_9|F3_0T3_4|F3_5T3_9|F4_0,10.0,46,0.0,0.00022184782608695725,,0,3,0.0,0.06521739130434782,True
ecb,rgdp,real_gdp_yoy,2009,2,2009,2009,current_year,0.0,,TN6_0|FN6_0TN5_6|FN5_5TN5_1|FN5_0TN4_6|FN4_5TN4_1|FN4_0TN3_6|FN3_5TN3_1|FN3_0TN2_6|FN2_5TN2_1|FN2_0TN1_6|FN1_5TN1_1|FN1_0TN0_6|FN0_5TN0_1|F0_0T0_4|F0_5T0_9|F1_0T1_4|F1_5T1_9|F2_0T2_4|F2_5T2_9|F3_0T3_4|F3_5T3_9|F4_0,3.0,48,6.690208333333336e-08,6.690208333333336e-08,6.690208333333336e-08,2,2,0.041666666666666664,0.041666666666666664,False
ecb,rgdp,real_gdp_yoy,2009,2,2009,2009,current_year,0.0,,TN6_0|FN6_0TN5_6|FN5_5TN5_1|FN5_0TN4_6|FN4_5TN4_1|FN4_0TN3_6|FN3_5TN3_1|FN3_0TN2_6|FN2_5TN2_1|FN2_0TN1_6|FN1_5TN1_1|FN1_0TN0_6|FN0_5TN0_1|F0_0T0_4|F0_5T0_9|F1_0T1_4|F1_5T1_9|F2_0T2_4|F2_5T2_9|F3_0T3_4|F3_5T3_9|F4_0,4.0,48,2.3270833333333343e-09,2.3270833333333343e-09,2.3270833333333343e-09,1,1,0.020833333333333332,0.020833333333333332,False
ecb,rgdp,real_gdp_yoy,2009,2,2009,2009,current_year,0.0,,TN6_0|FN6_0TN5_6|FN5_5TN5_1|FN5_0TN4_6|FN4_5TN4_1|FN4_0TN3_6|FN3_5TN3_1|FN3_0TN2_6|FN2_5TN2_1|FN2_0TN1_6|FN1_5TN1_1|FN1_0TN0_6|FN0_5TN0_1|F0_0T0_4|F0_5T0_9|F1_0T1_4|F1_5T1_9|F2_0T2_4|F2_5T2_9|F3_0T3_4|F3_5T3_9|F4_0,5.0,48,0.0,2.3270833333333343e-09,,0,1,0.0,0.020833333333333332,True
ecb,rgdp,real_gdp_yoy,2009,2,2009,2009,current_year,0.0,,TN6_0|FN6_0TN5_6|FN5_5TN5_1|FN5_0TN4_6|FN4_5TN4_1|FN4_0TN3_6|FN3_5TN3_1|FN3_0TN2_6|FN2_5TN2_1|FN2_0TN1_6|FN1_5TN1_1|FN1_0TN0_6|FN0_5TN0_1|F0_0T0_4|F0_5T0_9|F1_0T1_4|F1_5T1_9|F2_0T2_4|F2_5T2_9|F3_0T3_4|F3_5T3_9|F4_0,10.0,48,0.0,2.3270833333333343e-09,,0,1,0.0,0.020833333333333332,True
ecb,rgdp,real_gdp_yoy,2009,2,2010,2010,next_year,1.0,,TN6_0|FN6_0TN5_6|FN5_5TN5_1|FN5_0TN4_6|FN4_5TN4_1|FN4_0TN3_6|FN3_5TN3_1|FN3_0TN2_6|FN2_5TN2_1|FN2_0TN1_6|FN1_5TN1_1|FN1_0TN0_6|FN0_5TN0_1|F0_0T0_4|F0_5T0_9|F1_0T1_4|F1_5T1_9|F2_0T2_4|F2_5T2_9|F3_0T3_4|F3_5T3_9|F4_0,3.0,47,0.0009153882872340425,0.0009153882872340425,0.0009153882872340425,4,4,0.0851063829787234,0.0851063829787234,False
ecb,rgdp,real_gdp_yoy,2009,2,2010,2010,next_year,1.0,,TN6_0|FN6_0TN5_6|FN5_5TN5_1|FN5_0TN4_6|FN4_5TN4_1|FN4_0TN3_6|FN3_5TN3_1|FN3_0TN2_6|FN2_5TN2_1|FN2_0TN1_6|FN1_5TN1_1|FN1_0TN0_6|FN0_5TN0_1|F0_0T0_4|F0_5T0_9|F1_0T1_4|F1_5T1_9|F2_0T2_4|F2_5T2_9|F3_0T3_4|F3_5T3_9|F4_0,4.0,47,0.00011420548723404256,0.00011420548723404256,0.00011420548723404256,2,2,0.0425531914893617,0.0425531914893617,False
ecb,rgdp,real_gdp_yoy,2009,2,2010,2010,next_year,1.0,,TN6_0|FN6_0TN5_6|FN5_5TN5_1|FN5_0TN4_6|FN4_5TN4_1|FN4_0TN3_6|FN3_5TN3_1|FN3_0TN2_6|FN2_5TN2_1|FN2_0TN1_6|FN1_5TN1_1|FN1_0TN0_6|FN0_5TN0_1|F0_0T0_4|F0_5T0_9|F1_0T1_4|F1_5T1_9|F2_0T2_4|F2_5T2_9|F3_0T3_4|F3_5T3_9|F4_0,5.0,47,0.0,0.00011420548723404256,,0,2,0.0,0.0425531914893617,True
ecb,rgdp,real_gdp_yoy,2009,2,2010,2010,next_year,1.0,,TN6_0|FN6_0TN5_6|FN5_5TN5_1|FN5_0TN4_6|FN4_5TN4_1|FN4_0TN3_6|FN3_5TN3_1|FN3_0TN2_6|FN2_5TN2_1|FN2_0TN1_6|FN1_5TN1_1|FN1_0TN0_6|FN0_5TN0_1|F0_0T0_4|F0_5T0_9|F1_0T1_4|F1_5T1_9|F2_0T2_4|F2_5T2_9|F3_0T3_4|F3_5T3_9|F4_0,10.0,47,0.0,0.00011420548723404256,,0,2,0.0,0.0425531914893617,True
ecb,rgdp,real_gdp_yoy,2009,2,2013,2013,longer_term,4.0,,TN6_0|FN6_0TN5_6|FN5_5TN5_1|FN5_0TN4_6|FN4_5TN4_1|FN4_0TN3_6|FN3_5TN3_1|FN3_0TN2_6|FN2_5TN2_1|FN2_0TN1_6|FN1_5TN1_1|FN1_0TN0_6|FN0_5TN0_1|F0_0T0_4|F0_5T0_9|F1_0T1_4|F1_5T1_9|F2_0T2_4|F2_5T2_9|F3_0T3_4|F3_5T3_9|F4_0,3.0,38,0.09521471760526316,0.09521471760526316,0.09521471760526316,21,21,0.5526315789473685,0.5526315789473685,False
ecb,rgdp,real_gdp_yoy,2009,2,2013,2013,longer_term,4.0,,TN6_0|FN6_0TN5_6|FN5_5TN5_1|FN5_0TN4_6|FN4_5TN4_1|FN4_0TN3_6|FN3_5TN3_1|FN3_0TN2_6|FN2_5TN2_1|FN2_0TN1_6|FN1_5TN1_1|FN1_0TN0_6|FN0_5TN0_1|F0_0T0_4|F0_5T0_9|F1_0T1_4|F1_5T1_9|F2_0T2_4|F2_5T2_9|F3_0T3_4|F3_5T3_9|F4_0,4.0,38,0.013524514813157895,0.013524514813157895,0.013524514813157895,6,6,0.15789473684210525,0.15789473684210525,False
ecb,rgdp,real_gdp_yoy,2009,2,2013,2013,longer_term,4.0,,TN6_0|FN6_0TN5_6|FN5_5TN5_1|FN5_0TN4_6|FN4_5TN4_1|FN4_0TN3_6|FN3_5TN3_1|FN3_0TN2_6|FN2_5TN2_1|FN2_0TN1_6|FN1_5TN1_1|FN1_0TN0_6|FN0_5TN0_1|F0_0T0_4|F0_5T0_9|F1_0T1_4|F1_5T1_9|F2_0T2_4|F2_5T2_9|F3_0T3_4|F3_5T3_9|F4_0,5.0,38,0.0,0.013524514813157895,,0,6,0.0,0.15789473684210525,True
ecb,rgdp,real_gdp_yoy,2009,2,2013,2013,longer_term,4.0,,TN6_0|FN6_0TN5_6|FN5_5TN5_1|FN5_0TN4_6|FN4_5TN4_1|FN4_0TN3_6|FN3_5TN3_1|FN3_0TN2_6|FN2_5TN2_1|FN2_0TN1_6|FN1_5TN1_1|FN1_0TN0_6|FN0_5TN0_1|F0_0T0_4|F0_5T0_9|F1_0T1_4|F1_5T1_9|F2_0T2_4|F2_5T2_9|F3_0T3_4|F3_5T3_9|F4_0,10.0,38,0.0,0.013524514813157895,,0,6,0.0,0.15789473684210525,True
ecb,rgdp,real_gdp_yoy,2009,2,,2009Q4,rolling_1y,1.0,,TN6_0|FN6_0TN5_6|FN5_5TN5_1|FN5_0TN4_6|FN4_5TN4_1|FN4_0TN3_6|FN3_5TN3_1|FN3_0TN2_6|FN2_5TN2_1|FN2_0TN1_6|FN1_5TN1_1|FN1_0TN0_6|FN0_5TN0_1|F0_0T0_4|F0_5T0_9|F1_0T1_4|F1_5T1_9|F2_0T2_4|F2_5T2_9|F3_0T3_4|F3_5T3_9|F4_0,3.0,42,0.0004768273452380953,0.0004768273452380953,0.0004768273452380953,4,4,0.09523809523809523,0.09523809523809523,False
ecb,rgdp,real_gdp_yoy,2009,2,,2009Q4,rolling_1y,1.0,,TN6_0|FN6_0TN5_6|FN5_5TN5_1|FN5_0TN4_6|FN4_5TN4_1|FN4_0TN3_6|FN3_5TN3_1|FN3_0TN2_6|FN2_5TN2_1|FN2_0TN1_6|FN1_5TN1_1|FN1_0TN0_6|FN0_5TN0_1|F0_0T0_4|F0_5T0_9|F1_0T1_4|F1_5T1_9|F2_0T2_4|F2_5T2_9|F3_0T3_4|F3_5T3_9|F4_0,4.0,42,2.994047619047619e-08,2.994047619047619e-08,2.994047619047619e-08,2,2,0.047619047619047616,0.047619047619047616,False
ecb,rgdp,real_gdp_yoy,2009,2,,2009Q4,rolling_1y,1.0,,TN6_0|FN6_0TN5_6|FN5_5TN5_1|FN5_0TN4_6|FN4_5TN4_1|FN4_0TN3_6|FN3_5TN3_1|FN3_0TN2_6|FN2_5TN2_1|FN2_0TN1_6|FN1_5TN1_1|FN1_0TN0_6|FN0_5TN0_1|F0_0T0_4|F0_5T0_9|F1_0T1_4|F1_5T1_9|F2_0T2_4|F2_5T2_9|F3_0T3_4|F3_5T3_9|F4_0,5.0,42,0.0,2.994047619047619e-08,,0,2,0.0,0.047619047619047616,True
ecb,rgdp,real_gdp_yoy,2009,2,,2009Q4,rolling_1y,1.0,,TN6_0|FN6_0TN5_6|FN5_5TN5_1|FN5_0TN4_6|FN4_5TN4_1|FN4_0TN3_6|FN3_5TN3_1|FN3_0TN2_6|FN2_5TN2_1|FN2_0TN1_6|FN1_5TN1_1|FN1_0TN0_6|FN0_5TN0_1|F0_0T0_4|F0_5T0_9|F1_0T1_4|F1_5T1_9|F2_0T2_4|F2_5T2_9|F3_0T3_4|F3_5T3_9|F4_0,10.0,42,0.0,2.994047619047619e-08,,0,2,0.0,0.047619047619047616,True
ecb,rgdp,real_gdp_yoy,2009,2,,2010Q4,rolling_2y,2.0,,TN6_0|FN6_0TN5_6|FN5_5TN5_1|FN5_0TN4_6|FN4_5TN4_1|FN4_0TN3_6|FN3_5TN3_1|FN3_0TN2_6|FN2_5TN2_1|FN2_0TN1_6|FN1_5TN1_1|FN1_0TN0_6|FN0_5TN0_1|F0_0T0_4|F0_5T0_9|F1_0T1_4|F1_5T1_9|F2_0T2_4|F2_5T2_9|F3_0T3_4|F3_5T3_9|F4_0,3.0,41,0.009425021024390245,0.009425021024390245,0.009425021024390245,6,6,0.14634146341463414,0.14634146341463414,False
ecb,rgdp,real_gdp_yoy,2009,2,,2010Q4,rolling_2y,2.0,,TN6_0|FN6_0TN5_6|FN5_5TN5_1|FN5_0TN4_6|FN4_5TN4_1|FN4_0TN3_6|FN3_5TN3_1|FN3_0TN2_6|FN2_5TN2_1|FN2_0TN1_6|FN1_5TN1_1|FN1_0TN0_6|FN0_5TN0_1|F0_0T0_4|F0_5T0_9|F1_0T1_4|F1_5T1_9|F2_0T2_4|F2_5T2_9|F3_0T3_4|F3_5T3_9|F4_0,4.0,41,0.0016027151780487806,0.0016027151780487806,0.0016027151780487806,4,4,0.0975609756097561,0.0975609756097561,False
ecb,rgdp,real_gdp_yoy,2009,2,,2010Q4,rolling_2y,2.0,,TN6_0|FN6_0TN5_6|FN5_5TN5_1|FN5_0TN4_6|FN4_5TN4_1|FN4_0TN3_6|FN3_5TN3_1|FN3_0TN2_6|FN2_5TN2_1|FN2_0TN1_6|FN1_5TN1_1|FN1_0TN0_6|FN0_5TN0_1|F0_0T0_4|F0_5T0_9|F1_0T1_4|F1_5T1_9|F2_0T2_4|F2_5T2_9|F3_0T3_4|F3_5T3_9|F4_0,5.0,41,0.0,0.0016027151780487806,,0,4,0.0,0.0975609756097561,True
ecb,rgdp,real_gdp_yoy,2009,2,,2010Q4,rolling_2y,2.0,,TN6_0|FN6_0TN5_6|FN5_5TN5_1|FN5_0TN4_6|FN4_5TN4_1|FN4_0TN3_6|FN3_5TN3_1|FN3_0TN2_6|FN2_5TN2_1|FN2_0TN1_6|FN1_5TN1_1|FN1_0TN0_6|FN0_5TN0_1|F0_0T0_4|F0_5T0_9|F1_0T1_4|F1_5T1_9|F2_0T2_4|F2_5T2_9|F3_0T3_4|F3_5T3_9|F4_0,10.0,41,0.0,0.0016027151780487806,,0,4,0.0,0.0975609756097561,True
ecb,rgdp,real_gdp_yoy,2009,3,2009,2009,current_year,0.0,,TN6_0|FN6_0TN5_6|FN5_5TN5_1|FN5_0TN4_6|FN4_5TN4_1|FN4_0TN3_6|FN3_5TN3_1|FN3_0TN2_6|FN2_5TN2_1|FN2_0TN1_6|FN1_5TN1_1|FN1_0TN0_6|FN0_5TN0_1|F0_0T0_4|F0_5T0_9|F1_0T1_4|F1_5T1_9|F2_0T2_4|F2_5T2_9|F3_0T3_4|F3_5T3_9|F4_0,3.0,46,0.0,0.0,0.0,0,0,0.0,0.0,False
ecb,rgdp,real_gdp_yoy,2009,3,2009,2009,current_year,0.0,,TN6_0|FN6_0TN5_6|FN5_5TN5_1|FN5_0TN4_6|FN4_5TN4_1|FN4_0TN3_6|FN3_5TN3_1|FN3_0TN2_6|FN2_5TN2_1|FN2_0TN1_6|FN1_5TN1_1|FN1_0TN0_6|FN0_5TN0_1|F0_0T0_4|F0_5T0_9|F1_0T1_4|F1_5T1_9|F2_0T2_4|F2_5T2_9|F3_0T3_4|F3_5T3_9|F4_0,4.0,46,0.0,0.0,0.0,0,0,0.0,0.0,False
ecb,rgdp,real_gdp_yoy,2009,3,2009,2009,current_year,0.0,,TN6_0|FN6_0TN5_6|FN5_5TN5_1|FN5_0TN4_6|FN4_5TN4_1|FN4_0TN3_6|FN3_5TN3_1|FN3_0TN2_6|FN2_5TN2_1|FN2_0TN1_6|FN1_5TN1_1|FN1_0TN0_6|FN0_5TN0_1|F0_0T0_4|F0_5T0_9|F1_0T1_4|F1_5T1_9|F2_0T2_4|F2_5T2_9|F3_0T3_4|F3_5T3_9|F4_0,5.0,46,0.0,0.0,,0,0,0.0,0.0,True
ecb,rgdp,real_gdp_yoy,2009,3,2009,2009,current_year,0.0,,TN6_0|FN6_0TN5_6|FN5_5TN5_1|FN5_0TN4_6|FN4_5TN4_1|FN4_0TN3_6|FN3_5TN3_1|FN3_0TN2_6|FN2_5TN2_1|FN2_0TN1_6|FN1_5TN1_1|FN1_0TN0_6|FN0_5TN0_1|F0_0T0_4|F0_5T0_9|F1_0T1_4|F1_5T1_9|F2_0T2_4|F2_5T2_9|F3_0T3_4|F3_5T3_9|F4_0,10.0,46,0.0,0.0,,0,0,0.0,0.0,True
ecb,rgdp,real_gdp_yoy,2009,3,2010,2010,next_year,1.0,,TN6_0|FN6_0TN5_6|FN5_5TN5_1|FN5_0TN4_6|FN4_5TN4_1|FN4_0TN3_6|FN3_5TN3_1|FN3_0TN2_6|FN2_5TN2_1|FN2_0TN1_6|FN1_5TN1_1|FN1_0TN0_6|FN0_5TN0_1|F0_0T0_4|F0_5T0_9|F1_0T1_4|F1_5T1_9|F2_0T2_4|F2_5T2_9|F3_0T3_4|F3_5T3_9|F4_0,3.0,46,0.0012960000000000022,0.0012960000000000022,0.0012960000000000022,3,3,0.06521739130434782,0.06521739130434782,False
ecb,rgdp,real_gdp_yoy,2009,3,2010,2010,next_year,1.0,,TN6_0|FN6_0TN5_6|FN5_5TN5_1|FN5_0TN4_6|FN4_5TN4_1|FN4_0TN3_6|FN3_5TN3_1|FN3_0TN2_6|FN2_5TN2_1|FN2_0TN1_6|FN1_5TN1_1|FN1_0TN0_6|FN0_5TN0_1|F0_0T0_4|F0_5T0_9|F1_0T1_4|F1_5T1_9|F2_0T2_4|F2_5T2_9|F3_0T3_4|F3_5T3_9|F4_0,4.0,46,0.00025339130434782824,0.00025339130434782824,0.00025339130434782824,1,1,0.021739130434782608,0.021739130434782608,False
ecb,rgdp,real_gdp_yoy,2009,3,2010,2010,next_year,1.0,,TN6_0|FN6_0TN5_6|FN5_5TN5_1|FN5_0TN4_6|FN4_5TN4_1|FN4_0TN3_6|FN3_5TN3_1|FN3_0TN2_6|FN2_5TN2_1|FN2_0TN1_6|FN1_5TN1_1|FN1_0TN0_6|FN0_5TN0_1|F0_0T0_4|F0_5T0_9|F1_0T1_4|F1_5T1_9|F2_0T2_4|F2_5T2_9|F3_0T3_4|F3_5T3_9|F4_0,5.0,46,0.0,0.00025339130434782824,,0,1,0.0,0.021739130434782608,True
ecb,rgdp,real_gdp_yoy,2009,3,2010,2010,next_year,1.0,,TN6_0|FN6_0TN5_6|FN5_5TN5_1|FN5_0TN4_6|FN4_5TN4_1|FN4_0TN3_6|FN3_5TN3_1|FN3_0TN2_6|FN2_5TN2_1|FN2_0TN1_6|FN1_5TN1_1|FN1_0TN0_6|FN0_5TN0_1|F0_0T0_4|F0_5T0_9|F1_0T1_4|F1_5T1_9|F2_0T2_4|F2_5T2_9|F3_0T3_4|F3_5T3_9|F4_0,10.0,46,0.0,0.00025339130434782824,,0,1,0.0,0.021739130434782608,True
ecb,rgdp,real_gdp_yoy,2009,3,2011,2011,year_after_next,2.0,,TN6_0|FN6_0TN5_6|FN5_5TN5_1|FN5_0TN4_6|FN4_5TN4_1|FN4_0TN3_6|FN3_5TN3_1|FN3_0TN2_6|FN2_5TN2_1|FN2_0TN1_6|FN1_5TN1_1|FN1_0TN0_6|FN0_5TN0_1|F0_0T0_4|F0_5T0_9|F1_0T1_4|F1_5T1_9|F2_0T2_4|F2_5T2_9|F3_0T3_4|F3_5T3_9|F4_0,3.0,42,0.02368195238095238,0.02368195238095238,0.02368195238095238,16,16,0.38095238095238093,0.38095238095238093,False
ecb,rgdp,real_gdp_yoy,2009,3,2011,2011,year_after_next,2.0,,TN6_0|FN6_0TN5_6|FN5_5TN5_1|FN5_0TN4_6|FN4_5TN4_1|FN4_0TN3_6|FN3_5TN3_1|FN3_0TN2_6|FN2_5TN2_1|FN2_0TN1_6|FN1_5TN1_1|FN1_0TN0_6|FN0_5TN0_1|F0_0T0_4|F0_5T0_9|F1_0T1_4|F1_5T1_9|F2_0T2_4|F2_5T2_9|F3_0T3_4|F3_5T3_9|F4_0,4.0,42,0.003111738095238096,0.003111738095238096,0.003111738095238096,3,3,0.07142857142857142,0.07142857142857142,False
ecb,rgdp,real_gdp_yoy,2009,3,2011,2011,year_after_next,2.0,,TN6_0|FN6_0TN5_6|FN5_5TN5_1|FN5_0TN4_6|FN4_5TN4_1|FN4_0TN3_6|FN3_5TN3_1|FN3_0TN2_6|FN2_5TN2_1|FN2_0TN1_6|FN1_5TN1_1|FN1_0TN0_6|FN0_5TN0_1|F0_0T0_4|F0_5T0_9|F1_0T1_4|F1_5T1_9|F2_0T2_4|F2_5T2_9|F3_0T3_4|F3_5T3_9|F4_0,5.0,42,0.0,0.003111738095238096,,0,3,0.0,0.07142857142857142,True
ecb,rgdp,real_gdp_yoy,2009,3,2011,2011,year_after_next,2.0,,TN6_0|FN6_0TN5_6|FN5_5TN5_1|FN5_0TN4_6|FN4_5TN4_1|FN4_0TN3_6|FN3_5TN3_1|FN3_0TN2_6|FN2_5TN2_1|FN2_0TN1_6|FN1_5TN1_1|FN1_0TN0_6|FN0_5TN0_1|F0_0T0_4|F0_5T0_9|F1_0T1_4|F1_5T1_9|F2_0T2_4|F2_5T2_9|F3_0T3_4|F3_5T3_9|F4_0,10.0,42,0.0,0.003111738095238096,,0,3,0.0,0.07142857142857142,True
ecb,rgdp,real_gdp_yoy,2009,3,2014,2014,longer_term,5.0,,TN6_0|FN6_0TN5_6|FN5_5TN5_1|FN5_0TN4_6|FN4_5TN4_1|FN4_0TN3_6|FN3_5TN3_1|FN3_0TN2_6|FN2_5TN2_1|FN2_0TN1_6|FN1_5TN1_1|FN1_0TN0_6|FN0_5TN0_1|F0_0T0_4|F0_5T0_9|F1_0T1_4|F1_5T1_9|F2_0T2_4|F2_5T2_9|F3_0T3_4|F3_5T3_9|F4_0,3.0,32,0.058365625000000004,0.058365625000000004,0.058365625000000004,20,20,0.625,0.625,False
ecb,rgdp,real_gdp_yoy,2009,3,2014,2014,longer_term,5.0,,TN6_0|FN6_0TN5_6|FN5_5TN5_1|FN5_0TN4_6|FN4_5TN4_1|FN4_0TN3_6|FN3_5TN3_1|FN3_0TN2_6|FN2_5TN2_1|FN2_0TN1_6|FN1_5TN1_1|FN1_0TN0_6|FN0_5TN0_1|F0_0T0_4|F0_5T0_9|F1_0T1_4|F1_5T1_9|F2_0T2_4|F2_5T2_9|F3_0T3_4|F3_5T3_9|F4_0,4.0,32,0.0023750000000000004,0.0023750000000000004,0.0023750000000000004,3,3,0.09375,0.09375,False
ecb,rgdp,real_gdp_yoy,2009,3,2014,2014,longer_term,5.0,,TN6_0|FN6_0TN5_6|FN5_5TN5_1|FN5_0TN4_6|FN4_5TN4_1|FN4_0TN3_6|FN3_5TN3_1|FN3_0TN2_6|FN2_5TN2_1|FN2_0TN1_6|FN1_5TN1_1|FN1_0TN0_6|FN0_5TN0_1|F0_0T0_4|F0_5T0_9|F1_0T1_4|F1_5T1_9|F2_0T2_4|F2_5T2_9|F3_0T3_4|F3_5T3_9|F4_0,5.0,32,0.0,0.0023750000000000004,,0,3,0.0,0.09375,True
ecb,rgdp,real_gdp_yoy,2009,3,2014,2014,longer_term,5.0,,TN6_0|FN6_0TN5_6|FN5_5TN5_1|FN5_0TN4_6|FN4_5TN4_1|FN4_0TN3_6|FN3_5TN3_1|FN3_0TN2_6|FN2_5TN2_1|FN2_0TN1_6|FN1_5TN1_1|FN1_0TN0_6|FN0_5TN0_1|F0_0T0_4|F0_5T0_9|F1_0T1_4|F1_5T1_9|F2_0T2_4|F2_5T2_9|F3_0T3_4|F3_5T3_9|F4_0,10.0,32,0.0,0.0023750000000000004,,0,3,0.0,0.09375,True
ecb,rgdp,real_gdp_yoy,2009,3,,2010Q1,rolling_1y,1.0,,TN6_0|FN6_0TN5_6|FN5_5TN5_1|FN5_0TN4_6|FN4_5TN4_1|FN4_0TN3_6|FN3_5TN3_1|FN3_0TN2_6|FN2_5TN2_1|FN2_0TN1_6|FN1_5TN1_1|FN1_0TN0_6|FN0_5TN0_1|F0_0T0_4|F0_5T0_9|F1_0T1_4|F1_5T1_9|F2_0T2_4|F2_5T2_9|F3_0T3_4|F3_5T3_9|F4_0,3.0,37,2.7027027027027026e-06,2.7027027027027026e-06,2.7027027027027026e-06,1,1,0.02702702702702703,0.02702702702702703,False
ecb,rgdp,real_gdp_yoy,2009,3,,2010Q1,rolling_1y,1.0,,TN6_0|FN6_0TN5_6|FN5_5TN5_1|FN5_0TN4_6|FN4_5TN4_1|FN4_0TN3_6|FN3_5TN3_1|FN3_0TN2_6|FN2_5TN2_1|FN2_0TN1_6|FN1_5TN1_1|FN1_0TN0_6|FN0_5TN0_1|F0_0T0_4|F0_5T0_9|F1_0T1_4|F1_5T1_9|F2_0T2_4|F2_5T2_9|F3_0T3_4|F3_5T3_9|F4_0,4.0,37,0.0,0.0,0.0,0,0,0.0,0.0,False
ecb,rgdp,real_gdp_yoy,2009,3,,2010Q1,rolling_1y,1.0,,TN6_0|FN6_0TN5_6|FN5_5TN5_1|FN5_0TN4_6|FN4_5TN4_1|FN4_0TN3_6|FN3_5TN3_1|FN3_0TN2_6|FN2_5TN2_1|FN2_0TN1_6|FN1_5TN1_1|FN1_0TN0_6|FN0_5TN0_1|F0_0T0_4|F0_5T0_9|F1_0T1_4|F1_5T1_9|F2_0T2_4|F2_5T2_9|F3_0T3_4|F3_5T3_9|F4_0,5.0,37,0.0,0.0,,0,0,0.0,0.0,True
ecb,rgdp,real_gdp_yoy,2009,3,,2010Q1,rolling_1y,1.0,,TN6_0|FN6_0TN5_6|FN5_5TN5_1|FN5_0TN4_6|FN4_5TN4_1|FN4_0TN3_6|FN3_5TN3_1|FN3_0TN2_6|FN2_5TN2_1|FN2_0TN1_6|FN1_5TN1_1|FN1_0TN0_6|FN0_5TN0_1|F0_0T0_4|F0_5T0_9|F1_0T1_4|F1_5T1_9|F2_0T2_4|F2_5T2_9|F3_0T3_4|F3_5T3_9|F4_0,10.0,37,0.0,0.0,,0,0,0.0,0.0,True
ecb,rgdp,real_gdp_yoy,2009,3,,2011Q1,rolling_2y,2.0,,TN6_0|FN6_0TN5_6|FN5_5TN5_1|FN5_0TN4_6|FN4_5TN4_1|FN4_0TN3_6|FN3_5TN3_1|FN3_0TN2_6|FN2_5TN2_1|FN2_0TN1_6|FN1_5TN1_1|FN1_0TN0_6|FN0_5TN0_1|F0_0T0_4|F0_5T0_9|F1_0T1_4|F1_5T1_9|F2_0T2_4|F2_5T2_9|F3_0T3_4|F3_5T3_9|F4_0,3.0,36,0.010013972225,0.010013972225,0.010013972225,10,10,0.2777777777777778,0.2777777777777778,False
ecb,rgdp,real_gdp_yoy,2009,3,,2011Q1,rolling_2y,2.0,,TN6_0|FN6_0TN5_6|FN5_5TN5_1|FN5_0TN4_6|FN4_5TN4_1|FN4_0TN3_6|FN3_5TN3_1|FN3_0TN2_6|FN2_5TN2_1|FN2_0TN1_6|FN1_5TN1_1|FN1_0TN0_6|FN0_5TN0_1|F0_0T0_4|F0_5T0_9|F1_0T1_4|F1_5T1_9|F2_0T2_4|F2_5T2_9|F3_0T3_4|F3_5T3_9|F4_0,4.0,36,9.725000277777777e-05,9.725000277777777e-05,9.725000277777777e-05,2,2,0.05555555555555555,0.05555555555555555,False
ecb,rgdp,real_gdp_yoy,2009,3,,2011Q1,rolling_2y,2.0,,TN6_0|FN6_0TN5_6|FN5_5TN5_1|FN5_0TN4_6|FN4_5TN4_1|FN4_0TN3_6|FN3_5TN3_1|FN3_0TN2_6|FN2_5TN2_1|FN2_0TN1_6|FN1_5TN1_1|FN1_0TN0_6|FN0_5TN0_1|F0_0T0_4|F0_5T0_9|F1_0T1_4|F1_5T1_9|F2_0T2_4|F2_5T2_9|F3_0T3_4|F3_5T3_9|F4_0,5.0,36,0.0,9.725000277777777e-05,,0,2,0.0,0.05555555555555555,True
ecb,rgdp,real_gdp_yoy,2009,3,,2011Q1,rolling_2y,2.0,,TN6_0|FN6_0TN5_6|FN5_5TN5_1|FN5_0TN4_6|FN4_5TN4_1|FN4_0TN3_6|FN3_5TN3_1|FN3_0TN2_6|FN2_5TN2_1|FN2_0TN1_6|FN1_5TN1_1|FN1_0TN0_6|FN0_5TN0_1|F0_0T0_4|F0_5T0_9|F1_0T1_4|F1_5T1_9|F2_0T2_4|F2_5T2_9|F3_0T3_4|F3_5T3_9|F4_0,10.0,36,0.0,9.725000277777777e-05,,0,2,0.0,0.05555555555555555,True
ecb,rgdp,real_gdp_yoy,2009,4,2009,2009,current_year,0.0,,TN6_0|FN6_0TN5_6|FN5_5TN5_1|FN5_0TN4_6|FN4_5TN4_1|FN4_0TN3_6|FN3_5TN3_1|FN3_0TN2_6|FN2_5TN2_1|FN2_0TN1_6|FN1_5TN1_1|FN1_0TN0_6|FN0_5TN0_1|F0_0T0_4|F0_5T0_9|F1_0T1_4|F1_5T1_9|F2_0T2_4|F2_5T2_9|F3_0T3_4|F3_5T3_9|F4_0,3.0,52,0.0,0.0,0.0,0,0,0.0,0.0,False
ecb,rgdp,real_gdp_yoy,2009,4,2009,2009,current_year,0.0,,TN6_0|FN6_0TN5_6|FN5_5TN5_1|FN5_0TN4_6|FN4_5TN4_1|FN4_0TN3_6|FN3_5TN3_1|FN3_0TN2_6|FN2_5TN2_1|FN2_0TN1_6|FN1_5TN1_1|FN1_0TN0_6|FN0_5TN0_1|F0_0T0_4|F0_5T0_9|F1_0T1_4|F1_5T1_9|F2_0T2_4|F2_5T2_9|F3_0T3_4|F3_5T3_9|F4_0,4.0,52,0.0,0.0,0.0,0,0,0.0,0.0,False
ecb,rgdp,real_gdp_yoy,2009,4,2009,2009,current_year,0.0,,TN6_0|FN6_0TN5_6|FN5_5TN5_1|FN5_0TN4_6|FN4_5TN4_1|FN4_0TN3_6|FN3_5TN3_1|FN3_0TN2_6|FN2_5TN2_1|FN2_0TN1_6|FN1_5TN1_1|FN1_0TN0_6|FN0_5TN0_1|F0_0T0_4|F0_5T0_9|F1_0T1_4|F1_5T1_9|F2_0T2_4|F2_5T2_9|F3_0T3_4|F3_5T3_9|F4_0,5.0,52,0.0,0.0,,0,0,0.0,0.0,True
ecb,rgdp,real_gdp_yoy,2009,4,2009,2009,current_year,0.0,,TN6_0|FN6_0TN5_6|FN5_5TN5_1|FN5_0TN4_6|FN4_5TN4_1|FN4_0TN3_6|FN3_5TN3_1|FN3_0TN2_6|FN2_5TN2_1|FN2_0TN1_6|FN1_5TN1_1|FN1_0TN0_6|FN0_5TN0_1|F0_0T0_4|F0_5T0_9|F1_0T1_4|F1_5T1_9|F2_0T2_4|F2_5T2_9|F3_0T3_4|F3_5T3_9|F4_0,10.0,52,0.0,0.0,,0,0,0.0,0.0,True
ecb,rgdp,real_gdp_yoy,2009,4,2010,2010,next_year,1.0,,TN6_0|FN6_0TN5_6|FN5_5TN5_1|FN5_0TN4_6|FN4_5TN4_1|FN4_0TN3_6|FN3_5TN3_1|FN3_0TN2_6|FN2_5TN2_1|FN2_0TN1_6|FN1_5TN1_1|FN1_0TN0_6|FN0_5TN0_1|F0_0T0_4|F0_5T0_9|F1_0T1_4|F1_5T1_9|F2_0T2_4|F2_5T2_9|F3_0T3_4|F3_5T3_9|F4_0,3.0,52,0.0071826923076923075,0.0071826923076923075,0.0071826923076923075,8,8,0.15384615384615385,0.15384615384615385,False
ecb,rgdp,real_gdp_yoy,2009,4,2010,2010,next_year,1.0,,TN6_0|FN6_0TN5_6|FN5_5TN5_1|FN5_0TN4_6|FN4_5TN4_1|FN4_0TN3_6|FN3_5TN3_1|FN3_0TN2_6|FN2_5TN2_1|FN2_0TN1_6|FN1_5TN1_1|FN1_0TN0_6|FN0_5TN0_1|F0_0T0_4|F0_5T0_9|F1_0T1_4|F1_5T1_9|F2_0T2_4|F2_5T2_9|F3_0T3_4|F3_5T3_9|F4_0,4.0,52,0.0008269230769230769,0.0008269230769230769,0.0008269230769230769,1,1,0.019230769230769232,0.019230769230769232,False
ecb,rgdp,real_gdp_yoy,2009,4,2010,2010,next_year,1.0,,TN6_0|FN6_0TN5_6|FN5_5TN5_1|FN5_0TN4_6|FN4_5TN4_1|FN4_0TN3_6|FN3_5TN3_1|FN3_0TN2_6|FN2_5TN2_1|FN2_0TN1_6|FN1_5TN1_1|FN1_0TN0_6|FN0_5TN0_1|F0_0T0_4|F0_5T0_9|F1_0T1_4|F1_5T1_9|F2_0T2_4|F2_5T2_9|F3_0T3_4|F3_5T3_9|F4_0,5.0,52,0.0,0.0008269230769230769,,0,1,0.0,0.019230769230769232,True
ecb,rgdp,real_gdp_yoy,2009,4,2010,2010,next_year,1.0,,TN6_0|FN6_0TN5_6|FN5_5TN5_1|FN5_0TN4_6|FN4_5TN4_1|FN4_0TN3_6|FN3_5TN3_1|FN3_0TN2_6|FN2_5TN2_1|FN2_0TN1_6|FN1_5TN1_1|FN1_0TN0_6|FN0_5TN0_1|F0_0T0_4|F0_5T0_9|F1_0T1_4|F1_5T1_9|F2_0T2_4|F2_5T2_9|F3_0T3_4|F3_5T3_9|F4_0,10.0,52,0.0,0.0008269230769230769,,0,1,0.0,0.019230769230769232,True
ecb,rgdp,real_gdp_yoy,2009,4,2011,2011,year_after_next,2.0,,TN6_0|FN6_0TN5_6|FN5_5TN5_1|FN5_0TN4_6|FN4_5TN4_1|FN4_0TN3_6|FN3_5TN3_1|FN3_0TN2_6|FN2_5TN2_1|FN2_0TN1_6|FN1_5TN1_1|FN1_0TN0_6|FN0_5TN0_1|F0_0T0_4|F0_5T0_9|F1_0T1_4|F1_5T1_9|F2_0T2_4|F2_5T2_9|F3_0T3_4|F3_5T3_9|F4_0,3.0,44,0.030963636363636363,0.030963636363636363,0.030963636363636363,20,20,0.45454545454545453,0.45454545454545453,False
ecb,rgdp,real_gdp_yoy,2009,4,2011,2011,year_after_next,2.0,,TN6_0|FN6_0TN5_6|FN5_5TN5_1|FN5_0TN4_6|FN4_5TN4_1|FN4_0TN3_6|FN3_5TN3_1|FN3_0TN2_6|FN2_5TN2_1|FN2_0TN1_6|FN1_5TN1_1|FN1_0TN0_6|FN0_5TN0_1|F0_0T0_4|F0_5T0_9|F1_0T1_4|F1_5T1_9|F2_0T2_4|F2_5T2_9|F3_0T3_4|F3_5T3_9|F4_0,4.0,44,0.001090909090909091,0.001090909090909091,0.001090909090909091,1,1,0.022727272727272728,0.022727272727272728,False
ecb,rgdp,real_gdp_yoy,2009,4,2011,2011,year_after_next,2.0,,TN6_0|FN6_0TN5_6|FN5_5TN5_1|FN5_0TN4_6|FN4_5TN4_1|FN4_0TN3_6|FN3_5TN3_1|FN3_0TN2_6|FN2_5TN2_1|FN2_0TN1_6|FN1_5TN1_1|FN1_0TN0_6|FN0_5TN0_1|F0_0T0_4|F0_5T0_9|F1_0T1_4|F1_5T1_9|F2_0T2_4|F2_5T2_9|F3_0T3_4|F3_5T3_9|F4_0,5.0,44,0.0,0.001090909090909091,,0,1,0.0,0.022727272727272728,True
ecb,rgdp,real_gdp_yoy,2009,4,2011,2011,year_after_next,2.0,,TN6_0|FN6_0TN5_6|FN5_5TN5_1|FN5_0TN4_6|FN4_5TN4_1|FN4_0TN3_6|FN3_5TN3_1|FN3_0TN2_6|FN2_5TN2_1|FN2_0TN1_6|FN1_5TN1_1|FN1_0TN0_6|FN0_5TN0_1|F0_0T0_4|F0_5T0_9|F1_0T1_4|F1_5T1_9|F2_0T2_4|F2_5T2_9|F3_0T3_4|F3_5T3_9|F4_0,10.0,44,0.0,0.001090909090909091,,0,1,0.0,0.022727272727272728,True
ecb,rgdp,real_gdp_yoy,2009,4,2014,2014,longer_term,5.0,,TN6_0|FN6_0TN5_6|FN5_5TN5_1|FN5_0TN4_6|FN4_5TN4_1|FN4_0TN3_6|FN3_5TN3_1|FN3_0TN2_6|FN2_5TN2_1|FN2_0TN1_6|FN1_5TN1_1|FN1_0TN0_6|FN0_5TN0_1|F0_0T0_4|F0_5T0_9|F1_0T1_4|F1_5T1_9|F2_0T2_4|F2_5T2_9|F3_0T3_4|F3_5T3_9|F4_0,3.0,40,0.073135,0.073135,0.073135,25,25,0.625,0.625,False
ecb,rgdp,real_gdp_yoy,2009,4,2014,2014,longer_term,5.0,,TN6_0|FN6_0TN5_6|FN5_5TN5_1|FN5_0TN4_6|FN4_5TN4_1|FN4_0TN3_6|FN3_5TN3_1|FN3_0TN2_6|FN2_5TN2_1|FN2_0TN1_6|FN1_5TN1_1|FN1_0TN0_6|FN0_5TN0_1|F0_0T0_4|F0_5T0_9|F1_0T1_4|F1_5T1_9|F2_0T2_4|F2_5T2_9|F3_0T3_4|F3_5T3_9|F4_0,4.0,40,0.007150000000000001,0.007150000000000001,0.007150000000000001,8,8,0.2,0.2,False
ecb,rgdp,real_gdp_yoy,2009,4,2014,2014,longer_term,5.0,,TN6_0|FN6_0TN5_6|FN5_5TN5_1|FN5_0TN4_6|FN4_5TN4_1|FN4_0TN3_6|FN3_5TN3_1|FN3_0TN2_6|FN2_5TN2_1|FN2_0TN1_6|FN1_5TN1_1|FN1_0TN0_6|FN0_5TN0_1|F0_0T0_4|F0_5T0_9|F1_0T1_4|F1_5T1_9|F2_0T2_4|F2_5T2_9|F3_0T3_4|F3_5T3_9|F4_0,5.0,40,0.0,0.007150000000000001,,0,8,0.0,0.2,True
ecb,rgdp,real_gdp_yoy,2009,4,2014,2014,longer_term,5.0,,TN6_0|FN6_0TN5_6|FN5_5TN5_1|FN5_0TN4_6|FN4_5TN4_1|FN4_0TN3_6|FN3_5TN3_1|FN3_0TN2_6|FN2_5TN2_1|FN2_0TN1_6|FN1_5TN1_1|FN1_0TN0_6|FN0_5TN0_1|F0_0T0_4|F0_5T0_9|F1_0T1_4|F1_5T1_9|F2_0T2_4|F2_5T2_9|F3_0T3_4|F3_5T3_9|F4_0,10.0,40,0.0,0.007150000000000001,,0,8,0.0,0.2,True
ecb,rgdp,real_gdp_yoy,2009,4,,2010Q2,rolling_1y,1.0,,TN6_0|FN6_0TN5_6|FN5_5TN5_1|FN5_0TN4_6|FN4_5TN4_1|FN4_0TN3_6|FN3_5TN3_1|FN3_0TN2_6|FN2_5TN2_1|FN2_0TN1_6|FN1_5TN1_1|FN1_0TN0_6|FN0_5TN0_1|F0_0T0_4|F0_5T0_9|F1_0T1_4|F1_5T1_9|F2_0T2_4|F2_5T2_9|F3_0T3_4|F3_5T3_9|F4_0,3.0,42,0.026735714285714286,0.026735714285714286,0.026735714285714286,9,9,0.21428571428571427,0.21428571428571427,False
ecb,rgdp,real_gdp_yoy,2009,4,,2010Q2,rolling_1y,1.0,,TN6_0|FN6_0TN5_6|FN5_5TN5_1|FN5_0TN4_6|FN4_5TN4_1|FN4_0TN3_6|FN3_5TN3_1|FN3_0TN2_6|FN2_5TN2_1|FN2_0TN1_6|FN1_5TN1_1|FN1_0TN0_6|FN0_5TN0_1|F0_0T0_4|F0_5T0_9|F1_0T1_4|F1_5T1_9|F2_0T2_4|F2_5T2_9|F3_0T3_4|F3_5T3_9|F4_0,4.0,42,0.001292857142857143,0.001292857142857143,0.001292857142857143,2,2,0.047619047619047616,0.047619047619047616,False
ecb,rgdp,real_gdp_yoy,2009,4,,2010Q2,rolling_1y,1.0,,TN6_0|FN6_0TN5_6|FN5_5TN5_1|FN5_0TN4_6|FN4_5TN4_1|FN4_0TN3_6|FN3_5TN3_1|FN3_0TN2_6|FN2_5TN2_1|FN2_0TN1_6|FN1_5TN1_1|FN1_0TN0_6|FN0_5TN0_1|F0_0T0_4|F0_5T0_9|F1_0T1_4|F1_5T1_9|F2_0T2_4|F2_5T2_9|F3_0T3_4|F3_5T3_9|F4_0,5.0,42,0.0,0.001292857142857143,,0,2,0.0,0.047619047619047616,True
ecb,rgdp,real_gdp_yoy,2009,4,,2010Q2,rolling_1y,1.0,,TN6_0|FN6_0TN5_6|FN5_5TN5_1|FN5_0TN4_6|FN4_5TN4_1|FN4_0TN3_6|FN3_5TN3_1|FN3_0TN2_6|FN2_5TN2_1|FN2_0TN1_6|FN1_5TN1_1|FN1_0TN0_6|FN0_5TN0_1|F0_0T0_4|F0_5T0_9|F1_0T1_4|F1_5T1_9|F2_0T2_4|F2_5T2_9|F3_0T3_4|F3_5T3_9|F4_0,10.0,42,0.0,0.001292857142857143,,0,2,0.0,0.047619047619047616,True
ecb,rgdp,real_gdp_yoy,2009,4,,2011Q2,rolling_2y,2.0,,TN6_0|FN6_0TN5_6|FN5_5TN5_1|FN5_0TN4_6|FN4_5TN4_1|FN4_0TN3_6|FN3_5TN3_1|FN3_0TN2_6|FN2_5TN2_1|FN2_0TN1_6|FN1_5TN1_1|FN1_0TN0_6|FN0_5TN0_1|F0_0T0_4|F0_5T0_9|F1_0T1_4|F1_5T1_9|F2_0T2_4|F2_5T2_9|F3_0T3_4|F3_5T3_9|F4_0,3.0,39,0.03308461538461539,0.03308461538461539,0.033084615384615386,17,17,0.4358974358974359,0.4358974358974359,False
ecb,rgdp,real_gdp_yoy,2009,4,,2011Q2,rolling_2y,2.0,,TN6_0|FN6_0TN5_6|FN5_5TN5_1|FN5_0TN4_6|FN4_5TN4_1|FN4_0TN3_6|FN3_5TN3_1|FN3_0TN2_6|FN2_5TN2_1|FN2_0TN1_6|FN1_5TN1_1|FN1_0TN0_6|FN0_5TN0_1|F0_0T0_4|F0_5T0_9|F1_0T1_4|F1_5T1_9|F2_0T2_4|F2_5T2_9|F3_0T3_4|F3_5T3_9|F4_0,4.0,39,0.0017282051282051282,0.0017282051282051282,0.0017282051282051282,3,3,0.07692307692307693,0.07692307692307693,False
ecb,rgdp,real_gdp_yoy,2009,4,,2011Q2,rolling_2y,2.0,,TN6_0|FN6_0TN5_6|FN5_5TN5_1|FN5_0TN4_6|FN4_5TN4_1|FN4_0TN3_6|FN3_5TN3_1|FN3_0TN2_6|FN2_5TN2_1|FN2_0TN1_6|FN1_5TN1_1|FN1_0TN0_6|FN0_5TN0_1|F0_0T0_4|F0_5T0_9|F1_0T1_4|F1_5T1_9|F2_0T2_4|F2_5T2_9|F3_0T3_4|F3_5T3_9|F4_0,5.0,39,0.0,0.0017282051282051282,,0,3,0.0,0.07692307692307693,True
ecb,rgdp,real_gdp_yoy,2009,4,,2011Q2,rolling_2y,2.0,,TN6_0|FN6_0TN5_6|FN5_5TN5_1|FN5_0TN4_6|FN4_5TN4_1|FN4_0TN3_6|FN3_5TN3_1|FN3_0TN2_6|FN2_5TN2_1|FN2_0TN1_6|FN1_5TN1_1|FN1_0TN0_6|FN0_5TN0_1|F0_0T0_4|F0_5T0_9|F1_0T1_4|F1_5T1_9|F2_0T2_4|F2_5T2_9|F3_0T3_4|F3_5T3_9|F4_0,10.0,39,0.0,0.0017282051282051282,,0,3,0.0,0.07692307692307693,True
ecb,rgdp,real_gdp_yoy,2010,1,2010,2010,current_year,0.0,,TN1_0|FN1_0TN0_6|FN0_5TN0_1|F0_0T0_4|F0_5T0_9|F1_0T1_4|F1_5T1_9|F2_0T2_4|F2_5T2_9|F3_0T3_4|F3_5T3_9|F4_0,3.0,55,0.008341818181818181,0.008341818181818181,0.008341818181818181,12,12,0.21818181818181817,0.21818181818181817,False
ecb,rgdp,real_gdp_yoy,2010,1,2010,2010,current_year,0.0,,TN1_0|FN1_0TN0_6|FN0_5TN0_1|F0_0T0_4|F0_5T0_9|F1_0T1_4|F1_5T1_9|F2_0T2_4|F2_5T2_9|F3_0T3_4|F3_5T3_9|F4_0,4.0,55,0.0005600000000000001,0.0005600000000000001,0.0005600000000000001,2,2,0.03636363636363636,0.03636363636363636,False
ecb,rgdp,real_gdp_yoy,2010,1,2010,2010,current_year,0.0,,TN1_0|FN1_0TN0_6|FN0_5TN0_1|F0_0T0_4|F0_5T0_9|F1_0T1_4|F1_5T1_9|F2_0T2_4|F2_5T2_9|F3_0T3_4|F3_5T3_9|F4_0,5.0,55,0.0,0.0005600000000000001,,0,2,0.0,0.03636363636363636,True
ecb,rgdp,real_gdp_yoy,2010,1,2010,2010,current_year,0.0,,TN1_0|FN1_0TN0_6|FN0_5TN0_1|F0_0T0_4|F0_5T0_9|F1_0T1_4|F1_5T1_9|F2_0T2_4|F2_5T2_9|F3_0T3_4|F3_5T3_9|F4_0,10.0,55,0.0,0.0005600000000000001,,0,2,0.0,0.03636363636363636,True
ecb,rgdp,real_gdp_yoy,2010,1,2011,2011,next_year,1.0,,TN1_0|FN1_0TN0_6|FN0_5TN0_1|F0_0T0_4|F0_5T0_9|F1_0T1_4|F1_5T1_9|F2_0T2_4|F2_5T2_9|F3_0T3_4|F3_5T3_9|F4_0,3.0,52,0.029319230769230778,0.029319230769230778,0.029319230769230778,26,26,0.5,0.5,False
ecb,rgdp,real_gdp_yoy,2010,1,2011,2011,next_year,1.0,,TN1_0|FN1_0TN0_6|FN0_5TN0_1|F0_0T0_4|F0_5T0_9|F1_0T1_4|F1_5T1_9|F2_0T2_4|F2_5T2_9|F3_0T3_4|F3_5T3_9|F4_0,4.0,52,0.003476923076923077,0.003476923076923077,0.003476923076923077,4,4,0.07692307692307693,0.07692307692307693,False
ecb,rgdp,real_gdp_yoy,2010,1,2011,2011,next_year,1.0,,TN1_0|FN1_0TN0_6|FN0_5TN0_1|F0_0T0_4|F0_5T0_9|F1_0T1_4|F1_5T1_9|F2_0T2_4|F2_5T2_9|F3_0T3_4|F3_5T3_9|F4_0,5.0,52,0.0,0.003476923076923077,,0,4,0.0,0.07692307692307693,True
ecb,rgdp,real_gdp_yoy,2010,1,2011,2011,next_year,1.0,,TN1_0|FN1_0TN0_6|FN0_5TN0_1|F0_0T0_4|F0_5T0_9|F1_0T1_4|F1_5T1_9|F2_0T2_4|F2_5T2_9|F3_0T3_4|F3_5T3_9|F4_0,10.0,52,0.0,0.003476923076923077,,0,4,0.0,0.07692307692307693,True
ecb,rgdp,real_gdp_yoy,2010,1,2014,2014,longer_term,4.0,,TN1_0|FN1_0TN0_6|FN0_5TN0_1|F0_0T0_4|F0_5T0_9|F1_0T1_4|F1_5T1_9|F2_0T2_4|F2_5T2_9|F3_0T3_4|F3_5T3_9|F4_0,3.0,40,0.06268499999999999,0.06268499999999999,0.06268499999999999,26,26,0.65,0.65,False
ecb,rgdp,real_gdp_yoy,2010,1,2014,2014,longer_term,4.0,,TN1_0|FN1_0TN0_6|FN0_5TN0_1|F0_0T0_4|F0_5T0_9|F1_0T1_4|F1_5T1_9|F2_0T2_4|F2_5T2_9|F3_0T3_4|F3_5T3_9|F4_0,4.0,40,0.0058425000000000005,0.0058425000000000005,0.0058425000000000005,9,9,0.225,0.225,False
ecb,rgdp,real_gdp_yoy,2010,1,2014,2014,longer_term,4.0,,TN1_0|FN1_0TN0_6|FN0_5TN0_1|F0_0T0_4|F0_5T0_9|F1_0T1_4|F1_5T1_9|F2_0T2_4|F2_5T2_9|F3_0T3_4|F3_5T3_9|F4_0,5.0,40,0.0,0.0058425000000000005,,0,9,0.0,0.225,True
ecb,rgdp,real_gdp_yoy,2010,1,2014,2014,longer_term,4.0,,TN1_0|FN1_0TN0_6|FN0_5TN0_1|F0_0T0_4|F0_5T0_9|F1_0T1_4|F1_5T1_9|F2_0T2_4|F2_5T2_9|F3_0T3_4|F3_5T3_9|F4_0,10.0,40,0.0,0.0058425000000000005,,0,9,0.0,0.225,True
ecb,rgdp,real_gdp_yoy,2010,1,,2010Q3,rolling_1y,1.0,,TN1_0|FN1_0TN0_6|FN0_5TN0_1|F0_0T0_4|F0_5T0_9|F1_0T1_4|F1_5T1_9|F2_0T2_4|F2_5T2_9|F3_0T3_4|F3_5T3_9|F4_0,3.0,42,0.009707142857142857,0.009707142857142857,0.009707142857142857,9,9,0.21428571428571427,0.21428571428571427,False
ecb,rgdp,real_gdp_yoy,2010,1,,2010Q3,rolling_1y,1.0,,TN1_0|FN1_0TN0_6|FN0_5TN0_1|F0_0T0_4|F0_5T0_9|F1_0T1_4|F1_5T1_9|F2_0T2_4|F2_5T2_9|F3_0T3_4|F3_5T3_9|F4_0,4.0,42,0.0010857142857142856,0.0010857142857142856,0.0010857142857142856,2,2,0.047619047619047616,0.047619047619047616,False
ecb,rgdp,real_gdp_yoy,2010,1,,2010Q3,rolling_1y,1.0,,TN1_0|FN1_0TN0_6|FN0_5TN0_1|F0_0T0_4|F0_5T0_9|F1_0T1_4|F1_5T1_9|F2_0T2_4|F2_5T2_9|F3_0T3_4|F3_5T3_9|F4_0,5.0,42,0.0,0.0010857142857142856,,0,2,0.0,0.047619047619047616,True
ecb,rgdp,real_gdp_yoy,2010,1,,2010Q3,rolling_1y,1.0,,TN1_0|FN1_0TN0_6|FN0_5TN0_1|F0_0T0_4|F0_5T0_9|F1_0T1_4|F1_5T1_9|F2_0T2_4|F2_5T2_9|F3_0T3_4|F3_5T3_9|F4_0,10.0,42,0.0,0.0010857142857142856,,0,2,0.0,0.047619047619047616,True
ecb,rgdp,real_gdp_yoy,2010,1,,2011Q3,rolling_2y,2.0,,TN1_0|FN1_0TN0_6|FN0_5TN0_1|F0_0T0_4|F0_5T0_9|F1_0T1_4|F1_5T1_9|F2_0T2_4|F2_5T2_9|F3_0T3_4|F3_5T3_9|F4_0,3.0,42,0.028769047619047618,0.028769047619047618,0.028769047619047618,19,19,0.4523809523809524,0.4523809523809524,False
ecb,rgdp,real_gdp_yoy,2010,1,,2011Q3,rolling_2y,2.0,,TN1_0|FN1_0TN0_6|FN0_5TN0_1|F0_0T0_4|F0_5T0_9|F1_0T1_4|F1_5T1_9|F2_0T2_4|F2_5T2_9|F3_0T3_4|F3_5T3_9|F4_0,4.0,42,0.00225,0.00225,0.00225,3,3,0.07142857142857142,0.07142857142857142,False
ecb,rgdp,real_gdp_yoy,2010,1,,2011Q3,rolling_2y,2.0,,TN1_0|FN1_0TN0_6|FN0_5TN0_1|F0_0T0_4|F0_5T0_9|F1_0T1_4|F1_5T1_9|F2_0T2_4|F2_5T2_9|F3_0T3_4|F3_5T3_9|F4_0,5.0,42,0.0,0.00225,,0,3,0.0,0.07142857142857142,True
ecb,rgdp,real_gdp_yoy,2010,1,,2011Q3,rolling_2y,2.0,,TN1_0|FN1_0TN0_6|FN0_5TN0_1|F0_0T0_4|F0_5T0_9|F1_0T1_4|F1_5T1_9|F2_0T2_4|F2_5T2_9|F3_0T3_4|F3_5T3_9|F4_0,10.0,42,0.0,0.00225,,0,3,0.0,0.07142857142857142,True
ecb,rgdp,real_gdp_yoy,2010,2,2010,2010,current_year,0.0,,TN1_0|FN1_0TN0_6|FN0_5TN0_1|F0_0T0_4|F0_5T0_9|F1_0T1_4|F1_5T1_9|F2_0T2_4|F2_5T2_9|F3_0T3_4|F3_5T3_9|F4_0,3.0,49,0.007044897959183674,0.007044897959183674,0.007044897959183674,6,6,0.12244897959183673,0.12244897959183673,False
ecb,rgdp,real_gdp_yoy,2010,2,2010,2010,current_year,0.0,,TN1_0|FN1_0TN0_6|FN0_5TN0_1|F0_0T0_4|F0_5T0_9|F1_0T1_4|F1_5T1_9|F2_0T2_4|F2_5T2_9|F3_0T3_4|F3_5T3_9|F4_0,4.0,49,0.0007367346938775511,0.0007367346938775511,0.0007367346938775511,3,3,0.061224489795918366,0.061224489795918366,False
ecb,rgdp,real_gdp_yoy,2010,2,2010,2010,current_year,0.0,,TN1_0|FN1_0TN0_6|FN0_5TN0_1|F0_0T0_4|F0_5T0_9|F1_0T1_4|F1_5T1_9|F2_0T2_4|F2_5T2_9|F3_0T3_4|F3_5T3_9|F4_0,5.0,49,0.0,0.0007367346938775511,,0,3,0.0,0.061224489795918366,True
ecb,rgdp,real_gdp_yoy,2010,2,2010,2010,current_year,0.0,,TN1_0|FN1_0TN0_6|FN0_5TN0_1|F0_0T0_4|F0_5T0_9|F1_0T1_4|F1_5T1_9|F2_0T2_4|F2_5T2_9|F3_0T3_4|F3_5T3_9|F4_0,10.0,49,0.0,0.0007367346938775511,,0,3,0.0,0.061224489795918366,True
ecb,rgdp,real_gdp_yoy,2010,2,2011,2011,next_year,1.0,,TN1_0|FN1_0TN0_6|FN0_5TN0_1|F0_0T0_4|F0_5T0_9|F1_0T1_4|F1_5T1_9|F2_0T2_4|F2_5T2_9|F3_0T3_4|F3_5T3_9|F4_0,3.0,47,0.024480851063829783,0.024480851063829783,0.024480851063829783,18,18,0.3829787234042553,0.3829787234042553,False
ecb,rgdp,real_gdp_yoy,2010,2,2011,2011,next_year,1.0,,TN1_0|FN1_0TN0_6|FN0_5TN0_1|F0_0T0_4|F0_5T0_9|F1_0T1_4|F1_5T1_9|F2_0T2_4|F2_5T2_9|F3_0T3_4|F3_5T3_9|F4_0,4.0,47,0.0037489361702127658,0.0037489361702127658,0.0037489361702127658,3,3,0.06382978723404255,0.06382978723404255,False
ecb,rgdp,real_gdp_yoy,2010,2,2011,2011,next_year,1.0,,TN1_0|FN1_0TN0_6|FN0_5TN0_1|F0_0T0_4|F0_5T0_9|F1_0T1_4|F1_5T1_9|F2_0T2_4|F2_5T2_9|F3_0T3_4|F3_5T3_9|F4_0,5.0,47,0.0,0.0037489361702127658,,0,3,0.0,0.06382978723404255,True
ecb,rgdp,real_gdp_yoy,2010,2,2011,2011,next_year,1.0,,TN1_0|FN1_0TN0_6|FN0_5TN0_1|F0_0T0_4|F0_5T0_9|F1_0T1_4|F1_5T1_9|F2_0T2_4|F2_5T2_9|F3_0T3_4|F3_5T3_9|F4_0,10.0,47,0.0,0.0037489361702127658,,0,3,0.0,0.06382978723404255,True
ecb,rgdp,real_gdp_yoy,2010,2,2014,2014,longer_term,4.0,,TN1_0|FN1_0TN0_6|FN0_5TN0_1|F0_0T0_4|F0_5T0_9|F1_0T1_4|F1_5T1_9|F2_0T2_4|F2_5T2_9|F3_0T3_4|F3_5T3_9|F4_0,3.0,37,0.0675972972972973,0.0675972972972973,0.0675972972972973,22,22,0.5945945945945946,0.5945945945945946,False
ecb,rgdp,real_gdp_yoy,2010,2,2014,2014,longer_term,4.0,,TN1_0|FN1_0TN0_6|FN0_5TN0_1|F0_0T0_4|F0_5T0_9|F1_0T1_4|F1_5T1_9|F2_0T2_4|F2_5T2_9|F3_0T3_4|F3_5T3_9|F4_0,4.0,37,0.004356756756756756,0.004356756756756756,0.004356756756756756,7,7,0.1891891891891892,0.1891891891891892,False
ecb,rgdp,real_gdp_yoy,2010,2,2014,2014,longer_term,4.0,,TN1_0|FN1_0TN0_6|FN0_5TN0_1|F0_0T0_4|F0_5T0_9|F1_0T1_4|F1_5T1_9|F2_0T2_4|F2_5T2_9|F3_0T3_4|F3_5T3_9|F4_0,5.0,37,0.0,0.004356756756756756,,0,7,0.0,0.1891891891891892,True
ecb,rgdp,real_gdp_yoy,2010,2,2014,2014,longer_term,4.0,,TN1_0|FN1_0TN0_6|FN0_5TN0_1|F0_0T0_4|F0_5T0_9|F1_0T1_4|F1_5T1_9|F2_0T2_4|F2_5T2_9|F3_0T3_4|F3_5T3_9|F4_0,10.0,37,0.0,0.004356756756756756,,0,7,0.0,0.1891891891891892,True
ecb,rgdp,real_gdp_yoy,2010,2,,2010Q4,rolling_1y,1.0,,TN1_0|FN1_0TN0_6|FN0_5TN0_1|F0_0T0_4|F0_5T0_9|F1_0T1_4|F1_5T1_9|F2_0T2_4|F2_5T2_9|F3_0T3_4|F3_5T3_9|F4_0,3.0,42,0.014002380952380954,0.014002380952380954,0.014002380952380954,10,10,0.23809523809523808,0.23809523809523808,False
ecb,rgdp,real_gdp_yoy,2010,2,,2010Q4,rolling_1y,1.0,,TN1_0|FN1_0TN0_6|FN0_5TN0_1|F0_0T0_4|F0_5T0_9|F1_0T1_4|F1_5T1_9|F2_0T2_4|F2_5T2_9|F3_0T3_4|F3_5T3_9|F4_0,4.0,42,0.0015595238095238097,0.0015595238095238097,0.0015595238095238097,2,2,0.047619047619047616,0.047619047619047616,False
ecb,rgdp,real_gdp_yoy,2010,2,,2010Q4,rolling_1y,1.0,,TN1_0|FN1_0TN0_6|FN0_5TN0_1|F0_0T0_4|F0_5T0_9|F1_0T1_4|F1_5T1_9|F2_0T2_4|F2_5T2_9|F3_0T3_4|F3_5T3_9|F4_0,5.0,42,0.0,0.0015595238095238097,,0,2,0.0,0.047619047619047616,True
ecb,rgdp,real_gdp_yoy,2010,2,,2010Q4,rolling_1y,1.0,,TN1_0|FN1_0TN0_6|FN0_5TN0_1|F0_0T0_4|F0_5T0_9|F1_0T1_4|F1_5T1_9|F2_0T2_4|F2_5T2_9|F3_0T3_4|F3_5T3_9|F4_0,10.0,42,0.0,0.0015595238095238097,,0,2,0.0,0.047619047619047616,True
ecb,rgdp,real_gdp_yoy,2010,2,,2011Q4,rolling_2y,2.0,,TN1_0|FN1_0TN0_6|FN0_5TN0_1|F0_0T0_4|F0_5T0_9|F1_0T1_4|F1_5T1_9|F2_0T2_4|F2_5T2_9|F3_0T3_4|F3_5T3_9|F4_0,3.0,38,0.029823684210526315,0.029823684210526315,0.029823684210526315,17,17,0.4473684210526316,0.4473684210526316,False
ecb,rgdp,real_gdp_yoy,2010,2,,2011Q4,rolling_2y,2.0,,TN1_0|FN1_0TN0_6|FN0_5TN0_1|F0_0T0_4|F0_5T0_9|F1_0T1_4|F1_5T1_9|F2_0T2_4|F2_5T2_9|F3_0T3_4|F3_5T3_9|F4_0,4.0,38,0.00155,0.00155,0.00155,2,2,0.05263157894736842,0.05263157894736842,False
ecb,rgdp,real_gdp_yoy,2010,2,,2011Q4,rolling_2y,2.0,,TN1_0|FN1_0TN0_6|FN0_5TN0_1|F0_0T0_4|F0_5T0_9|F1_0T1_4|F1_5T1_9|F2_0T2_4|F2_5T2_9|F3_0T3_4|F3_5T3_9|F4_0,5.0,38,0.0,0.00155,,0,2,0.0,0.05263157894736842,True
ecb,rgdp,real_gdp_yoy,2010,2,,2011Q4,rolling_2y,2.0,,TN1_0|FN1_0TN0_6|FN0_5TN0_1|F0_0T0_4|F0_5T0_9|F1_0T1_4|F1_5T1_9|F2_0T2_4|F2_5T2_9|F3_0T3_4|F3_5T3_9|F4_0,10.0,38,0.0,0.00155,,0,2,0.0,0.05263157894736842,True
ecb,rgdp,real_gdp_yoy,2010,3,2010,2010,current_year,0.0,,TN1_0|FN1_0TN0_6|FN0_5TN0_1|F0_0T0_4|F0_5T0_9|F1_0T1_4|F1_5T1_9|F2_0T2_4|F2_5T2_9|F3_0T3_4|F3_5T3_9|F4_0,3.0,51,0.003154901960784314,0.003154901960784314,0.003154901960784314,3,3,0.058823529411764705,0.058823529411764705,False
ecb,rgdp,real_gdp_yoy,2010,3,2010,2010,current_year,0.0,,TN1_0|FN1_0TN0_6|FN0_5TN0_1|F0_0T0_4|F0_5T0_9|F1_0T1_4|F1_5T1_9|F2_0T2_4|F2_5T2_9|F3_0T3_4|F3_5T3_9|F4_0,4.0,51,0.00025098039215686274,0.00025098039215686274,0.00025098039215686274,2,2,0.0392156862745098,0.0392156862745098,False
ecb,rgdp,real_gdp_yoy,2010,3,2010,2010,current_year,0.0,,TN1_0|FN1_0TN0_6|FN0_5TN0_1|F0_0T0_4|F0_5T0_9|F1_0T1_4|F1_5T1_9|F2_0T2_4|F2_5T2_9|F3_0T3_4|F3_5T3_9|F4_0,5.0,51,0.0,0.00025098039215686274,,0,2,0.0,0.0392156862745098,True
ecb,rgdp,real_gdp_yoy,2010,3,2010,2010,current_year,0.0,,TN1_0|FN1_0TN0_6|FN0_5TN0_1|F0_0T0_4|F0_5T0_9|F1_0T1_4|F1_5T1_9|F2_0T2_4|F2_5T2_9|F3_0T3_4|F3_5T3_9|F4_0,10.0,51,0.0,0.00025098039215686274,,0,2,0.0,0.0392156862745098,True
ecb,rgdp,real_gdp_yoy,2010,3,2011,2011,next_year,1.0,,TN1_0|FN1_0TN0_6|FN0_5TN0_1|F0_0T0_4|F0_5T0_9|F1_0T1_4|F1_5T1_9|F2_0T2_4|F2_5T2_9|F3_0T3_4|F3_5T3_9|F4_0,3.0,49,0.015259183673469389,0.015259183673469389,0.015259183673469389,15,15,0.30612244897959184,0.30612244897959184,False
ecb,rgdp,real_gdp_yoy,2010,3,2011,2011,next_year,1.0,,TN1_0|FN1_0TN0_6|FN0_5TN0_1|F0_0T0_4|F0_5T0_9|F1_0T1_4|F1_5T1_9|F2_0T2_4|F2_5T2_9|F3_0T3_4|F3_5T3_9|F4_0,4.0,49,0.0021224489795918368,0.0021224489795918368,0.0021224489795918368,3,3,0.061224489795918366,0.061224489795918366,False
ecb,rgdp,real_gdp_yoy,2010,3,2011,2011,next_year,1.0,,TN1_0|FN1_0TN0_6|FN0_5TN0_1|F0_0T0_4|F0_5T0_9|F1_0T1_4|F1_5T1_9|F2_0T2_4|F2_5T2_9|F3_0T3_4|F3_5T3_9|F4_0,5.0,49,0.0,0.0021224489795918368,,0,3,0.0,0.061224489795918366,True
ecb,rgdp,real_gdp_yoy,2010,3,2011,2011,next_year,1.0,,TN1_0|FN1_0TN0_6|FN0_5TN0_1|F0_0T0_4|F0_5T0_9|F1_0T1_4|F1_5T1_9|F2_0T2_4|F2_5T2_9|F3_0T3_4|F3_5T3_9|F4_0,10.0,49,0.0,0.0021224489795918368,,0,3,0.0,0.061224489795918366,True
ecb,rgdp,real_gdp_yoy,2010,3,2012,2012,year_after_next,2.0,,TN1_0|FN1_0TN0_6|FN0_5TN0_1|F0_0T0_4|F0_5T0_9|F1_0T1_4|F1_5T1_9|F2_0T2_4|F2_5T2_9|F3_0T3_4|F3_5T3_9|F4_0,3.0,40,0.0314475,0.0314475,0.0314475,17,17,0.425,0.425,False
ecb,rgdp,real_gdp_yoy,2010,3,2012,2012,year_after_next,2.0,,TN1_0|FN1_0TN0_6|FN0_5TN0_1|F0_0T0_4|F0_5T0_9|F1_0T1_4|F1_5T1_9|F2_0T2_4|F2_5T2_9|F3_0T3_4|F3_5T3_9|F4_0,4.0,40,0.00395,0.00395,0.00395,4,4,0.1,0.1,False
ecb,rgdp,real_gdp_yoy,2010,3,2012,2012,year_after_next,2.0,,TN1_0|FN1_0TN0_6|FN0_5TN0_1|F0_0T0_4|F0_5T0_9|F1_0T1_4|F1_5T1_9|F2_0T2_4|F2_5T2_9|F3_0T3_4|F3_5T3_9|F4_0,5.0,40,0.0,0.00395,,0,4,0.0,0.1,True
ecb,rgdp,real_gdp_yoy,2010,3,2012,2012,year_after_next,2.0,,TN1_0|FN1_0TN0_6|FN0_5TN0_1|F0_0T0_4|F0_5T0_9|F1_0T1_4|F1_5T1_9|F2_0T2_4|F2_5T2_9|F3_0T3_4|F3_5T3_9|F4_0,10.0,40,0.0,0.00395,,0,4,0.0,0.1,True
ecb,rgdp,real_gdp_yoy,2010,3,2015,2015,longer_term,5.0,,TN1_0|FN1_0TN0_6|FN0_5TN0_1|F0_0T0_4|F0_5T0_9|F1_0T1_4|F1_5T1_9|F2_0T2_4|F2_5T2_9|F3_0T3_4|F3_5T3_9|F4_0,3.0,36,0.06278333333333332,0.06278333333333332,0.06278333333333332,22,22,0.6111111111111112,0.6111111111111112,False
ecb,rgdp,real_gdp_yoy,2010,3,2015,2015,longer_term,5.0,,TN1_0|FN1_0TN0_6|FN0_5TN0_1|F0_0T0_4|F0_5T0_9|F1_0T1_4|F1_5T1_9|F2_0T2_4|F2_5T2_9|F3_0T3_4|F3_5T3_9|F4_0,4.0,36,0.004027777777777778,0.004027777777777778,0.004027777777777778,8,8,0.2222222222222222,0.2222222222222222,False
ecb,rgdp,real_gdp_yoy,2010,3,2015,2015,longer_term,5.0,,TN1_0|FN1_0TN0_6|FN0_5TN0_1|F0_0T0_4|F0_5T0_9|F1_0T1_4|F1_5T1_9|F2_0T2_4|F2_5T2_9|F3_0T3_4|F3_5T3_9|F4_0,5.0,36,0.0,0.004027777777777778,,0,8,0.0,0.2222222222222222,True
ecb,rgdp,real_gdp_yoy,2010,3,2015,2015,longer_term,5.0,,TN1_0|FN1_0TN0_6|FN0_5TN0_1|F0_0T0_4|F0_5T0_9|F1_0T1_4|F1_5T1_9|F2_0T2_4|F2_5T2_9|F3_0T3_4|F3_5T3_9|F4_0,10.0,36,0.0,0.004027777777777778,,0,8,0.0,0.2222222222222222,True
ecb,rgdp,real_gdp_yoy,2010,3,,2011Q1,rolling_1y,1.0,,TN1_0|FN1_0TN0_6|FN0_5TN0_1|F0_0T0_4|F0_5T0_9|F1_0T1_4|F1_5T1_9|F2_0T2_4|F2_5T2_9|F3_0T3_4|F3_5T3_9|F4_0,3.0,40,0.0099225,0.0099225,0.0099225,12,12,0.3,0.3,False
ecb,rgdp,real_gdp_yoy,2010,3,,2011Q1,rolling_1y,1.0,,TN1_0|FN1_0TN0_6|FN0_5TN0_1|F0_0T0_4|F0_5T0_9|F1_0T1_4|F1_5T1_9|F2_0T2_4|F2_5T2_9|F3_0T3_4|F3_5T3_9|F4_0,4.0,40,0.000255,0.000255,0.000255,2,2,0.05,0.05,False
ecb,rgdp,real_gdp_yoy,2010,3,,2011Q1,rolling_1y,1.0,,TN1_0|FN1_0TN0_6|FN0_5TN0_1|F0_0T0_4|F0_5T0_9|F1_0T1_4|F1_5T1_9|F2_0T2_4|F2_5T2_9|F3_0T3_4|F3_5T3_9|F4_0,5.0,40,0.0,0.000255,,0,2,0.0,0.05,True
ecb,rgdp,real_gdp_yoy,2010,3,,2011Q1,rolling_1y,1.0,,TN1_0|FN1_0TN0_6|FN0_5TN0_1|F0_0T0_4|F0_5T0_9|F1_0T1_4|F1_5T1_9|F2_0T2_4|F2_5T2_9|F3_0T3_4|F3_5T3_9|F4_0,10.0,40,0.0,0.000255,,0,2,0.0,0.05,True
ecb,rgdp,real_gdp_yoy,2010,3,,2012Q1,rolling_2y,2.0,,TN1_0|FN1_0TN0_6|FN0_5TN0_1|F0_0T0_4|F0_5T0_9|F1_0T1_4|F1_5T1_9|F2_0T2_4|F2_5T2_9|F3_0T3_4|F3_5T3_9|F4_0,3.0,33,0.02401818181818182,0.02401818181818182,0.02401818181818182,15,15,0.45454545454545453,0.45454545454545453,False
ecb,rgdp,real_gdp_yoy,2010,3,,2012Q1,rolling_2y,2.0,,TN1_0|FN1_0TN0_6|FN0_5TN0_1|F0_0T0_4|F0_5T0_9|F1_0T1_4|F1_5T1_9|F2_0T2_4|F2_5T2_9|F3_0T3_4|F3_5T3_9|F4_0,4.0,33,0.000512121212121212,0.000512121212121212,0.000512121212121212,2,2,0.06060606060606061,0.06060606060606061,False
ecb,rgdp,real_gdp_yoy,2010,3,,2012Q1,rolling_2y,2.0,,TN1_0|FN1_0TN0_6|FN0_5TN0_1|F0_0T0_4|F0_5T0_9|F1_0T1_4|F1_5T1_9|F2_0T2_4|F2_5T2_9|F3_0T3_4|F3_5T3_9|F4_0,5.0,33,0.0,0.000512121212121212,,0,2,0.0,0.06060606060606061,True
ecb,rgdp,real_gdp_yoy,2010,3,,2012Q1,rolling_2y,2.0,,TN1_0|FN1_0TN0_6|FN0_5TN0_1|F0_0T0_4|F0_5T0_9|F1_0T1_4|F1_5T1_9|F2_0T2_4|F2_5T2_9|F3_0T3_4|F3_5T3_9|F4_0,10.0,33,0.0,0.000512121212121212,,0,2,0.0,0.06060606060606061,True
ecb,rgdp,real_gdp_yoy,2010,4,2010,2010,current_year,0.0,,TN1_0|FN1_0TN0_6|FN0_5TN0_1|F0_0T0_4|F0_5T0_9|F1_0T1_4|F1_5T1_9|F2_0T2_4|F2_5T2_9|F3_0T3_4|F3_5T3_9|F4_0,3.0,55,0.002821486096527273,0.002821486096527273,0.0028214860965272734,6,6,0.10909090909090909,0.10909090909090909,False
ecb,rgdp,real_gdp_yoy,2010,4,2010,2010,current_year,0.0,,TN1_0|FN1_0TN0_6|FN0_5TN0_1|F0_0T0_4|F0_5T0_9|F1_0T1_4|F1_5T1_9|F2_0T2_4|F2_5T2_9|F3_0T3_4|F3_5T3_9|F4_0,4.0,55,0.00018412464434545454,0.00018412464434545454,0.00018412464434545454,2,2,0.03636363636363636,0.03636363636363636,False
ecb,rgdp,real_gdp_yoy,2010,4,2010,2010,current_year,0.0,,TN1_0|FN1_0TN0_6|FN0_5TN0_1|F0_0T0_4|F0_5T0_9|F1_0T1_4|F1_5T1_9|F2_0T2_4|F2_5T2_9|F3_0T3_4|F3_5T3_9|F4_0,5.0,55,0.0,0.00018412464434545454,,0,2,0.0,0.03636363636363636,True
ecb,rgdp,real_gdp_yoy,2010,4,2010,2010,current_year,0.0,,TN1_0|FN1_0TN0_6|FN0_5TN0_1|F0_0T0_4|F0_5T0_9|F1_0T1_4|F1_5T1_9|F2_0T2_4|F2_5T2_9|F3_0T3_4|F3_5T3_9|F4_0,10.0,55,0.0,0.00018412464434545454,,0,2,0.0,0.03636363636363636,True
ecb,rgdp,real_gdp_yoy,2010,4,2011,2011,next_year,1.0,,TN1_0|FN1_0TN0_6|FN0_5TN0_1|F0_0T0_4|F0_5T0_9|F1_0T1_4|F1_5T1_9|F2_0T2_4|F2_5T2_9|F3_0T3_4|F3_5T3_9|F4_0,3.0,55,0.018838552455581817,0.018838552455581817,0.018838552455581817,17,17,0.3090909090909091,0.3090909090909091,False
ecb,rgdp,real_gdp_yoy,2010,4,2011,2011,next_year,1.0,,TN1_0|FN1_0TN0_6|FN0_5TN0_1|F0_0T0_4|F0_5T0_9|F1_0T1_4|F1_5T1_9|F2_0T2_4|F2_5T2_9|F3_0T3_4|F3_5T3_9|F4_0,4.0,55,0.002372077812436363,0.002372077812436363,0.002372077812436363,5,5,0.09090909090909091,0.09090909090909091,False
ecb,rgdp,real_gdp_yoy,2010,4,2011,2011,next_year,1.0,,TN1_0|FN1_0TN0_6|FN0_5TN0_1|F0_0T0_4|F0_5T0_9|F1_0T1_4|F1_5T1_9|F2_0T2_4|F2_5T2_9|F3_0T3_4|F3_5T3_9|F4_0,5.0,55,0.0,0.002372077812436363,,0,5,0.0,0.09090909090909091,True
ecb,rgdp,real_gdp_yoy,2010,4,2011,2011,next_year,1.0,,TN1_0|FN1_0TN0_6|FN0_5TN0_1|F0_0T0_4|F0_5T0_9|F1_0T1_4|F1_5T1_9|F2_0T2_4|F2_5T2_9|F3_0T3_4|F3_5T3_9|F4_0,10.0,55,0.0,0.002372077812436363,,0,5,0.0,0.09090909090909091,True
ecb,rgdp,real_gdp_yoy,2010,4,2012,2012,year_after_next,2.0,,TN1_0|FN1_0TN0_6|FN0_5TN0_1|F0_0T0_4|F0_5T0_9|F1_0T1_4|F1_5T1_9|F2_0T2_4|F2_5T2_9|F3_0T3_4|F3_5T3_9|F4_0,3.0,48,0.03361328771108333,0.03361328771108333,0.03361328771108333,21,21,0.4375,0.4375,False
ecb,rgdp,real_gdp_yoy,2010,4,2012,2012,year_after_next,2.0,,TN1_0|FN1_0TN0_6|FN0_5TN0_1|F0_0T0_4|F0_5T0_9|F1_0T1_4|F1_5T1_9|F2_0T2_4|F2_5T2_9|F3_0T3_4|F3_5T3_9|F4_0,4.0,48,0.0035653277508333335,0.0035653277508333335,0.0035653277508333335,6,6,0.125,0.125,False
ecb,rgdp,real_gdp_yoy,2010,4,2012,2012,year_after_next,2.0,,TN1_0|FN1_0TN0_6|FN0_5TN0_1|F0_0T0_4|F0_5T0_9|F1_0T1_4|F1_5T1_9|F2_0T2_4|F2_5T2_9|F3_0T3_4|F3_5T3_9|F4_0,5.0,48,0.0,0.0035653277508333335,,0,6,0.0,0.125,True
ecb,rgdp,real_gdp_yoy,2010,4,2012,2012,year_after_next,2.0,,TN1_0|FN1_0TN0_6|FN0_5TN0_1|F0_0T0_4|F0_5T0_9|F1_0T1_4|F1_5T1_9|F2_0T2_4|F2_5T2_9|F3_0T3_4|F3_5T3_9|F4_0,10.0,48,0.0,0.0035653277508333335,,0,6,0.0,0.125,True
ecb,rgdp,real_gdp_yoy,2010,4,2015,2015,longer_term,5.0,,TN1_0|FN1_0TN0_6|FN0_5TN0_1|F0_0T0_4|F0_5T0_9|F1_0T1_4|F1_5T1_9|F2_0T2_4|F2_5T2_9|F3_0T3_4|F3_5T3_9|F4_0,3.0,39,0.06045801005641026,0.06045801005641026,0.06045801005641026,23,23,0.5897435897435898,0.5897435897435898,False
ecb,rgdp,real_gdp_yoy,2010,4,2015,2015,longer_term,5.0,,TN1_0|FN1_0TN0_6|FN0_5TN0_1|F0_0T0_4|F0_5T0_9|F1_0T1_4|F1_5T1_9|F2_0T2_4|F2_5T2_9|F3_0T3_4|F3_5T3_9|F4_0,4.0,39,0.005263251697435897,0.005263251697435897,0.005263251697435897,10,10,0.2564102564102564,0.2564102564102564,False
ecb,rgdp,real_gdp_yoy,2010,4,2015,2015,longer_term,5.0,,TN1_0|FN1_0TN0_6|FN0_5TN0_1|F0_0T0_4|F0_5T0_9|F1_0T1_4|F1_5T1_9|F2_0T2_4|F2_5T2_9|F3_0T3_4|F3_5T3_9|F4_0,5.0,39,0.0,0.005263251697435897,,0,10,0.0,0.2564102564102564,True
ecb,rgdp,real_gdp_yoy,2010,4,2015,2015,longer_term,5.0,,TN1_0|FN1_0TN0_6|FN0_5TN0_1|F0_0T0_4|F0_5T0_9|F1_0T1_4|F1_5T1_9|F2_0T2_4|F2_5T2_9|F3_0T3_4|F3_5T3_9|F4_0,10.0,39,0.0,0.005263251697435897,,0,10,0.0,0.2564102564102564,True
ecb,rgdp,real_gdp_yoy,2010,4,,2011Q2,rolling_1y,1.0,,TN1_0|FN1_0TN0_6|FN0_5TN0_1|F0_0T0_4|F0_5T0_9|F1_0T1_4|F1_5T1_9|F2_0T2_4|F2_5T2_9|F3_0T3_4|F3_5T3_9|F4_0,3.0,41,0.016609879194853662,0.016609879194853662,0.016609879194853662,13,13,0.3170731707317073,0.3170731707317073,False
ecb,rgdp,real_gdp_yoy,2010,4,,2011Q2,rolling_1y,1.0,,TN1_0|FN1_0TN0_6|FN0_5TN0_1|F0_0T0_4|F0_5T0_9|F1_0T1_4|F1_5T1_9|F2_0T2_4|F2_5T2_9|F3_0T3_4|F3_5T3_9|F4_0,4.0,41,0.000262119995804878,0.000262119995804878,0.000262119995804878,3,3,0.07317073170731707,0.07317073170731707,False
ecb,rgdp,real_gdp_yoy,2010,4,,2011Q2,rolling_1y,1.0,,TN1_0|FN1_0TN0_6|FN0_5TN0_1|F0_0T0_4|F0_5T0_9|F1_0T1_4|F1_5T1_9|F2_0T2_4|F2_5T2_9|F3_0T3_4|F3_5T3_9|F4_0,5.0,41,0.0,0.000262119995804878,,0,3,0.0,0.07317073170731707,True
ecb,rgdp,real_gdp_yoy,2010,4,,2011Q2,rolling_1y,1.0,,TN1_0|FN1_0TN0_6|FN0_5TN0_1|F0_0T0_4|F0_5T0_9|F1_0T1_4|F1_5T1_9|F2_0T2_4|F2_5T2_9|F3_0T3_4|F3_5T3_9|F4_0,10.0,41,0.0,0.000262119995804878,,0,3,0.0,0.07317073170731707,True
ecb,rgdp,real_gdp_yoy,2010,4,,2012Q2,rolling_2y,2.0,,TN1_0|FN1_0TN0_6|FN0_5TN0_1|F0_0T0_4|F0_5T0_9|F1_0T1_4|F1_5T1_9|F2_0T2_4|F2_5T2_9|F3_0T3_4|F3_5T3_9|F4_0,3.0,37,0.03471232259435135,0.03471232259435135,0.03471232259435135,20,20,0.5405405405405406,0.5405405405405406,False
ecb,rgdp,real_gdp_yoy,2010,4,,2012Q2,rolling_2y,2.0,,TN1_0|FN1_0TN0_6|FN0_5TN0_1|F0_0T0_4|F0_5T0_9|F1_0T1_4|F1_5T1_9|F2_0T2_4|F2_5T2_9|F3_0T3_4|F3_5T3_9|F4_0,4.0,37,0.001239326612837838,0.001239326612837838,0.001239326612837838,4,4,0.10810810810810811,0.10810810810810811,False
ecb,rgdp,real_gdp_yoy,2010,4,,2012Q2,rolling_2y,2.0,,TN1_0|FN1_0TN0_6|FN0_5TN0_1|F0_0T0_4|F0_5T0_9|F1_0T1_4|F1_5T1_9|F2_0T2_4|F2_5T2_9|F3_0T3_4|F3_5T3_9|F4_0,5.0,37,0.0,0.001239326612837838,,0,4,0.0,0.10810810810810811,True
ecb,rgdp,real_gdp_yoy,2010,4,,2012Q2,rolling_2y,2.0,,TN1_0|FN1_0TN0_6|FN0_5TN0_1|F0_0T0_4|F0_5T0_9|F1_0T1_4|F1_5T1_9|F2_0T2_4|F2_5T2_9|F3_0T3_4|F3_5T3_9|F4_0,10.0,37,0.0,0.001239326612837838,,0,4,0.0,0.10810810810810811,True
ecb,rgdp,real_gdp_yoy,2011,1,2011,2011,current_year,0.0,,TN1_0|FN1_0TN0_6|FN0_5TN0_1|F0_0T0_4|F0_5T0_9|F1_0T1_4|F1_5T1_9|F2_0T2_4|F2_5T2_9|F3_0T3_4|F3_5T3_9|F4_0,3.0,54,0.01574516824551852,0.01574516824551852,0.01574516824551852,14,14,0.25925925925925924,0.25925925925925924,False
ecb,rgdp,real_gdp_yoy,2011,1,2011,2011,current_year,0.0,,TN1_0|FN1_0TN0_6|FN0_5TN0_1|F0_0T0_4|F0_5T0_9|F1_0T1_4|F1_5T1_9|F2_0T2_4|F2_5T2_9|F3_0T3_4|F3_5T3_9|F4_0,4.0,54,0.0012194158995370368,0.0012194158995370368,0.0012194158995370368,5,5,0.09259259259259259,0.09259259259259259,False
ecb,rgdp,real_gdp_yoy,2011,1,2011,2011,current_year,0.0,,TN1_0|FN1_0TN0_6|FN0_5TN0_1|F0_0T0_4|F0_5T0_9|F1_0T1_4|F1_5T1_9|F2_0T2_4|F2_5T2_9|F3_0T3_4|F3_5T3_9|F4_0,5.0,54,0.0,0.0012194158995370368,,0,5,0.0,0.09259259259259259,True
ecb,rgdp,real_gdp_yoy,2011,1,2011,2011,current_year,0.0,,TN1_0|FN1_0TN0_6|FN0_5TN0_1|F0_0T0_4|F0_5T0_9|F1_0T1_4|F1_5T1_9|F2_0T2_4|F2_5T2_9|F3_0T3_4|F3_5T3_9|F4_0,10.0,54,0.0,0.0012194158995370368,,0,5,0.0,0.09259259259259259,True
ecb,rgdp,real_gdp_yoy,2011,1,2012,2012,next_year,1.0,,TN1_0|FN1_0TN0_6|FN0_5TN0_1|F0_0T0_4|F0_5T0_9|F1_0T1_4|F1_5T1_9|F2_0T2_4|F2_5T2_9|F3_0T3_4|F3_5T3_9|F4_0,3.0,52,0.03820847682857693,0.03820847682857693,0.03820847682857693,23,23,0.4423076923076923,0.4423076923076923,False
ecb,rgdp,real_gdp_yoy,2011,1,2012,2012,next_year,1.0,,TN1_0|FN1_0TN0_6|FN0_5TN0_1|F0_0T0_4|F0_5T0_9|F1_0T1_4|F1_5T1_9|F2_0T2_4|F2_5T2_9|F3_0T3_4|F3_5T3_9|F4_0,4.0,52,0.003679691161673077,0.003679691161673077,0.003679691161673077,5,5,0.09615384615384616,0.09615384615384616,False
ecb,rgdp,real_gdp_yoy,2011,1,2012,2012,next_year,1.0,,TN1_0|FN1_0TN0_6|FN0_5TN0_1|F0_0T0_4|F0_5T0_9|F1_0T1_4|F1_5T1_9|F2_0T2_4|F2_5T2_9|F3_0T3_4|F3_5T3_9|F4_0,5.0,52,0.0,0.003679691161673077,,0,5,0.0,0.09615384615384616,True
ecb,rgdp,real_gdp_yoy,2011,1,2012,2012,next_year,1.0,,TN1_0|FN1_0TN0_6|FN0_5TN0_1|F0_0T0_4|F0_5T0_9|F1_0T1_4|F1_5T1_9|F2_0T2_4|F2_5T2_9|F3_0T3_4|F3_5T3_9|F4_0,10.0,52,0.0,0.003679691161673077,,0,5,0.0,0.09615384615384616,True
ecb,rgdp,real_gdp_yoy,2011,1,2015,2015,longer_term,4.0,,TN1_0|FN1_0TN0_6|FN0_5TN0_1|F0_0T0_4|F0_5T0_9|F1_0T1_4|F1_5T1_9|F2_0T2_4|F2_5T2_9|F3_0T3_4|F3_5T3_9|F4_0,3.0,41,0.0659814192127805,0.0659814192127805,0.0659814192127805,25,25,0.6097560975609756,0.6097560975609756,False
ecb,rgdp,real_gdp_yoy,2011,1,2015,2015,longer_term,4.0,,TN1_0|FN1_0TN0_6|FN0_5TN0_1|F0_0T0_4|F0_5T0_9|F1_0T1_4|F1_5T1_9|F2_0T2_4|F2_5T2_9|F3_0T3_4|F3_5T3_9|F4_0,4.0,41,0.004235902784121951,0.004235902784121951,0.004235902784121951,10,10,0.24390243902439024,0.24390243902439024,False
ecb,rgdp,real_gdp_yoy,2011,1,2015,2015,longer_term,4.0,,TN1_0|FN1_0TN0_6|FN0_5TN0_1|F0_0T0_4|F0_5T0_9|F1_0T1_4|F1_5T1_9|F2_0T2_4|F2_5T2_9|F3_0T3_4|F3_5T3_9|F4_0,5.0,41,0.0,0.004235902784121951,,0,10,0.0,0.24390243902439024,True
ecb,rgdp,real_gdp_yoy,2011,1,2015,2015,longer_term,4.0,,TN1_0|FN1_0TN0_6|FN0_5TN0_1|F0_0T0_4|F0_5T0_9|F1_0T1_4|F1_5T1_9|F2_0T2_4|F2_5T2_9|F3_0T3_4|F3_5T3_9|F4_0,10.0,41,0.0,0.004235902784121951,,0,10,0.0,0.24390243902439024,True
ecb,rgdp,real_gdp_yoy,2011,1,,2011Q3,rolling_1y,1.0,,TN1_0|FN1_0TN0_6|FN0_5TN0_1|F0_0T0_4|F0_5T0_9|F1_0T1_4|F1_5T1_9|F2_0T2_4|F2_5T2_9|F3_0T3_4|F3_5T3_9|F4_0,3.0,46,0.01315550722302174,0.01315550722302174,0.01315550722302174,14,14,0.30434782608695654,0.30434782608695654,False
ecb,rgdp,real_gdp_yoy,2011,1,,2011Q3,rolling_1y,1.0,,TN1_0|FN1_0TN0_6|FN0_5TN0_1|F0_0T0_4|F0_5T0_9|F1_0T1_4|F1_5T1_9|F2_0T2_4|F2_5T2_9|F3_0T3_4|F3_5T3_9|F4_0,4.0,46,0.0003217987080652174,0.0003217987080652174,0.0003217987080652174,4,4,0.08695652173913043,0.08695652173913043,False
ecb,rgdp,real_gdp_yoy,2011,1,,2011Q3,rolling_1y,1.0,,TN1_0|FN1_0TN0_6|FN0_5TN0_1|F0_0T0_4|F0_5T0_9|F1_0T1_4|F1_5T1_9|F2_0T2_4|F2_5T2_9|F3_0T3_4|F3_5T3_9|F4_0,5.0,46,0.0,0.0003217987080652174,,0,4,0.0,0.08695652173913043,True
ecb,rgdp,real_gdp_yoy,2011,1,,2011Q3,rolling_1y,1.0,,TN1_0|FN1_0TN0_6|FN0_5TN0_1|F0_0T0_4|F0_5T0_9|F1_0T1_4|F1_5T1_9|F2_0T2_4|F2_5T2_9|F3_0T3_4|F3_5T3_9|F4_0,10.0,46,0.0,0.0003217987080652174,,0,4,0.0,0.08695652173913043,True
ecb,rgdp,real_gdp_yoy,2011,1,,2012Q3,rolling_2y,2.0,,TN1_0|FN1_0TN0_6|FN0_5TN0_1|F0_0T0_4|F0_5T0_9|F1_0T1_4|F1_5T1_9|F2_0T2_4|F2_5T2_9|F3_0T3_4|F3_5T3_9|F4_0,3.0,42,0.039428896981571426,0.039428896981571426,0.039428896981571426,21,21,0.5,0.5,False
ecb,rgdp,real_gdp_yoy,2011,1,,2012Q3,rolling_2y,2.0,,TN1_0|FN1_0TN0_6|FN0_5TN0_1|F0_0T0_4|F0_5T0_9|F1_0T1_4|F1_5T1_9|F2_0T2_4|F2_5T2_9|F3_0T3_4|F3_5T3_9|F4_0,4.0,42,0.0012675513131190476,0.0012675513131190476,0.0012675513131190476,4,4,0.09523809523809523,0.09523809523809523,False
ecb,rgdp,real_gdp_yoy,2011,1,,2012Q3,rolling_2y,2.0,,TN1_0|FN1_0TN0_6|FN0_5TN0_1|F0_0T0_4|F0_5T0_9|F1_0T1_4|F1_5T1_9|F2_0T2_4|F2_5T2_9|F3_0T3_4|F3_5T3_9|F4_0,5.0,42,0.0,0.0012675513131190476,,0,4,0.0,0.09523809523809523,True
ecb,rgdp,real_gdp_yoy,2011,1,,2012Q3,rolling_2y,2.0,,TN1_0|FN1_0TN0_6|FN0_5TN0_1|F0_0T0_4|F0_5T0_9|F1_0T1_4|F1_5T1_9|F2_0T2_4|F2_5T2_9|F3_0T3_4|F3_5T3_9|F4_0,10.0,42,0.0,0.0012675513131190476,,0,4,0.0,0.09523809523809523,True
ecb,rgdp,real_gdp_yoy,2011,2,2011,2011,current_year,0.0,,TN1_0|FN1_0TN0_6|FN0_5TN0_1|F0_0T0_4|F0_5T0_9|F1_0T1_4|F1_5T1_9|F2_0T2_4|F2_5T2_9|F3_0T3_4|F3_5T3_9|F4_0,3.0,51,0.017515451965411766,0.017515451965411766,0.017515451965411766,15,15,0.29411764705882354,0.29411764705882354,False
ecb,rgdp,real_gdp_yoy,2011,2,2011,2011,current_year,0.0,,TN1_0|FN1_0TN0_6|FN0_5TN0_1|F0_0T0_4|F0_5T0_9|F1_0T1_4|F1_5T1_9|F2_0T2_4|F2_5T2_9|F3_0T3_4|F3_5T3_9|F4_0,4.0,51,0.0012572875903137254,0.0012572875903137254,0.0012572875903137254,6,6,0.11764705882352941,0.11764705882352941,False
ecb,rgdp,real_gdp_yoy,2011,2,2011,2011,current_year,0.0,,TN1_0|FN1_0TN0_6|FN0_5TN0_1|F0_0T0_4|F0_5T0_9|F1_0T1_4|F1_5T1_9|F2_0T2_4|F2_5T2_9|F3_0T3_4|F3_5T3_9|F4_0,5.0,51,0.0,0.0012572875903137254,,0,6,0.0,0.11764705882352941,True
ecb,rgdp,real_gdp_yoy,2011,2,2011,2011,current_year,0.0,,TN1_0|FN1_0TN0_6|FN0_5TN0_1|F0_0T0_4|F0_5T0_9|F1_0T1_4|F1_5T1_9|F2_0T2_4|F2_5T2_9|F3_0T3_4|F3_5T3_9|F4_0,10.0,51,0.0,0.0012572875903137254,,0,6,0.0,0.11764705882352941,True
ecb,rgdp,real_gdp_yoy,2011,2,2012,2012,next_year,1.0,,TN1_0|FN1_0TN0_6|FN0_5TN0_1|F0_0T0_4|F0_5T0_9|F1_0T1_4|F1_5T1_9|F2_0T2_4|F2_5T2_9|F3_0T3_4|F3_5T3_9|F4_0,3.0,51,0.03678985747417647,0.03678985747417647,0.03678985747417647,20,20,0.39215686274509803,0.39215686274509803,False
ecb,rgdp,real_gdp_yoy,2011,2,2012,2012,next_year,1.0,,TN1_0|FN1_0TN0_6|FN0_5TN0_1|F0_0T0_4|F0_5T0_9|F1_0T1_4|F1_5T1_9|F2_0T2_4|F2_5T2_9|F3_0T3_4|F3_5T3_9|F4_0,4.0,51,0.004027026321254902,0.004027026321254902,0.004027026321254902,6,6,0.11764705882352941,0.11764705882352941,False
ecb,rgdp,real_gdp_yoy,2011,2,2012,2012,next_year,1.0,,TN1_0|FN1_0TN0_6|FN0_5TN0_1|F0_0T0_4|F0_5T0_9|F1_0T1_4|F1_5T1_9|F2_0T2_4|F2_5T2_9|F3_0T3_4|F3_5T3_9|F4_0,5.0,51,0.0,0.004027026321254902,,0,6,0.0,0.11764705882352941,True
ecb,rgdp,real_gdp_yoy,2011,2,2012,2012,next_year,1.0,,TN1_0|FN1_0TN0_6|FN0_5TN0_1|F0_0T0_4|F0_5T0_9|F1_0T1_4|F1_5T1_9|F2_0T2_4|F2_5T2_9|F3_0T3_4|F3_5T3_9|F4_0,10.0,51,0.0,0.004027026321254902,,0,6,0.0,0.11764705882352941,True
ecb,rgdp,real_gdp_yoy,2011,2,2015,2015,longer_term,4.0,,TN1_0|FN1_0TN0_6|FN0_5TN0_1|F0_0T0_4|F0_5T0_9|F1_0T1_4|F1_5T1_9|F2_0T2_4|F2_5T2_9|F3_0T3_4|F3_5T3_9|F4_0,3.0,42,0.06022195856666667,0.06022195856666667,0.060221958566666664,23,23,0.5476190476190477,0.5476190476190477,False
ecb,rgdp,real_gdp_yoy,2011,2,2015,2015,longer_term,4.0,,TN1_0|FN1_0TN0_6|FN0_5TN0_1|F0_0T0_4|F0_5T0_9|F1_0T1_4|F1_5T1_9|F2_0T2_4|F2_5T2_9|F3_0T3_4|F3_5T3_9|F4_0,4.0,42,0.0047979958101904766,0.0047979958101904766,0.0047979958101904766,13,13,0.30952380952380953,0.30952380952380953,False
ecb,rgdp,real_gdp_yoy,2011,2,2015,2015,longer_term,4.0,,TN1_0|FN1_0TN0_6|FN0_5TN0_1|F0_0T0_4|F0_5T0_9|F1_0T1_4|F1_5T1_9|F2_0T2_4|F2_5T2_9|F3_0T3_4|F3_5T3_9|F4_0,5.0,42,0.0,0.0047979958101904766,,0,13,0.0,0.30952380952380953,True
ecb,rgdp,real_gdp_yoy,2011,2,2015,2015,longer_term,4.0,,TN1_0|FN1_0TN0_6|FN0_5TN0_1|F0_0T0_4|F0_5T0_9|F1_0T1_4|F1_5T1_9|F2_0T2_4|F2_5T2_9|F3_0T3_4|F3_5T3_9|F4_0,10.0,42,0.0,0.0047979958101904766,,0,13,0.0,0.30952380952380953,True
ecb,rgdp,real_gdp_yoy,2011,2,,2011Q4,rolling_1y,1.0,,TN1_0|FN1_0TN0_6|FN0_5TN0_1|F0_0T0_4|F0_5T0_9|F1_0T1_4|F1_5T1_9|F2_0T2_4|F2_5T2_9|F3_0T3_4|F3_5T3_9|F4_0,3.0,44,0.017024476462045458,0.017024476462045458,0.017024476462045458,14,14,0.3181818181818182,0.3181818181818182,False
ecb,rgdp,real_gdp_yoy,2011,2,,2011Q4,rolling_1y,1.0,,TN1_0|FN1_0TN0_6|FN0_5TN0_1|F0_0T0_4|F0_5T0_9|F1_0T1_4|F1_5T1_9|F2_0T2_4|F2_5T2_9|F3_0T3_4|F3_5T3_9|F4_0,4.0,44,0.00090527042725,0.00090527042725,0.00090527042725,5,5,0.11363636363636363,0.11363636363636363,False
ecb,rgdp,real_gdp_yoy,2011,2,,2011Q4,rolling_1y,1.0,,TN1_0|FN1_0TN0_6|FN0_5TN0_1|F0_0T0_4|F0_5T0_9|F1_0T1_4|F1_5T1_9|F2_0T2_4|F2_5T2_9|F3_0T3_4|F3_5T3_9|F4_0,5.0,44,0.0,0.00090527042725,,0,5,0.0,0.11363636363636363,True
ecb,rgdp,real_gdp_yoy,2011,2,,2011Q4,rolling_1y,1.0,,TN1_0|FN1_0TN0_6|FN0_5TN0_1|F0_0T0_4|F0_5T0_9|F1_0T1_4|F1_5T1_9|F2_0T2_4|F2_5T2_9|F3_0T3_4|F3_5T3_9|F4_0,10.0,44,0.0,0.00090527042725,,0,5,0.0,0.11363636363636363,True
ecb,rgdp,real_gdp_yoy,2011,2,,2012Q4,rolling_2y,2.0,,TN1_0|FN1_0TN0_6|FN0_5TN0_1|F0_0T0_4|F0_5T0_9|F1_0T1_4|F1_5T1_9|F2_0T2_4|F2_5T2_9|F3_0T3_4|F3_5T3_9|F4_0,3.0,40,0.04187647636387501,0.04187647636387501,0.041876476363875,22,22,0.55,0.55,False
ecb,rgdp,real_gdp_yoy,2011,2,,2012Q4,rolling_2y,2.0,,TN1_0|FN1_0TN0_6|FN0_5TN0_1|F0_0T0_4|F0_5T0_9|F1_0T1_4|F1_5T1_9|F2_0T2_4|F2_5T2_9|F3_0T3_4|F3_5T3_9|F4_0,4.0,40,0.0016969007527,0.0016969007527,0.0016969007527,5,5,0.125,0.125,False
ecb,rgdp,real_gdp_yoy,2011,2,,2012Q4,rolling_2y,2.0,,TN1_0|FN1_0TN0_6|FN0_5TN0_1|F0_0T0_4|F0_5T0_9|F1_0T1_4|F1_5T1_9|F2_0T2_4|F2_5T2_9|F3_0T3_4|F3_5T3_9|F4_0,5.0,40,0.0,0.0016969007527,,0,5,0.0,0.125,True
ecb,rgdp,real_gdp_yoy,2011,2,,2012Q4,rolling_2y,2.0,,TN1_0|FN1_0TN0_6|FN0_5TN0_1|F0_0T0_4|F0_5T0_9|F1_0T1_4|F1_5T1_9|F2_0T2_4|F2_5T2_9|F3_0T3_4|F3_5T3_9|F4_0,10.0,40,0.0,0.0016969007527,,0,5,0.0,0.125,True
ecb,rgdp,real_gdp_yoy,2011,3,2011,2011,current_year,0.0,,TN1_0|FN1_0TN0_6|FN0_5TN0_1|F0_0T0_4|F0_5T0_9|F1_0T1_4|F1_5T1_9|F2_0T2_4|F2_5T2_9|F3_0T3_4|F3_5T3_9|F4_0,3.0,45,0.01728715590337778,0.01728715590337778,0.01728715590337778,14,14,0.3111111111111111,0.3111111111111111,False
ecb,rgdp,real_gdp_yoy,2011,3,2011,2011,current_year,0.0,,TN1_0|FN1_0TN0_6|FN0_5TN0_1|F0_0T0_4|F0_5T0_9|F1_0T1_4|F1_5T1_9|F2_0T2_4|F2_5T2_9|F3_0T3_4|F3_5T3_9|F4_0,4.0,45,0.00032506020015555555,0.00032506020015555555,0.00032506020015555555,5,5,0.1111111111111111,0.1111111111111111,False
ecb,rgdp,real_gdp_yoy,2011,3,2011,2011,current_year,0.0,,TN1_0|FN1_0TN0_6|FN0_5TN0_1|F0_0T0_4|F0_5T0_9|F1_0T1_4|F1_5T1_9|F2_0T2_4|F2_5T2_9|F3_0T3_4|F3_5T3_9|F4_0,5.0,45,0.0,0.00032506020015555555,,0,5,0.0,0.1111111111111111,True
ecb,rgdp,real_gdp_yoy,2011,3,2011,2011,current_year,0.0,,TN1_0|FN1_0TN0_6|FN0_5TN0_1|F0_0T0_4|F0_5T0_9|F1_0T1_4|F1_5T1_9|F2_0T2_4|F2_5T2_9|F3_0T3_4|F3_5T3_9|F4_0,10.0,45,0.0,0.00032506020015555555,,0,5,0.0,0.1111111111111111,True
ecb,rgdp,real_gdp_yoy,2011,3,2012,2012,next_year,1.0,,TN1_0|FN1_0TN0_6|FN0_5TN0_1|F0_0T0_4|F0_5T0_9|F1_0T1_4|F1_5T1_9|F2_0T2_4|F2_5T2_9|F3_0T3_4|F3_5T3_9|F4_0,3.0,44,0.02164964314609091,0.02164964314609091,0.02164964314609091,20,20,0.45454545454545453,0.45454545454545453,False
ecb,rgdp,real_gdp_yoy,2011,3,2012,2012,next_year,1.0,,TN1_0|FN1_0TN0_6|FN0_5TN0_1|F0_0T0_4|F0_5T0_9|F1_0T1_4|F1_5T1_9|F2_0T2_4|F2_5T2_9|F3_0T3_4|F3_5T3_9|F4_0,4.0,44,0.0010678621311818182,0.0010678621311818182,0.0010678621311818182,5,5,0.11363636363636363,0.11363636363636363,False
ecb,rgdp,real_gdp_yoy,2011,3,2012,2012,next_year,1.0,,TN1_0|FN1_0TN0_6|FN0_5TN0_1|F0_0T0_4|F0_5T0_9|F1_0T1_4|F1_5T1_9|F2_0T2_4|F2_5T2_9|F3_0T3_4|F3_5T3_9|F4_0,5.0,44,0.0,0.0010678621311818182,,0,5,0.0,0.11363636363636363,True
ecb,rgdp,real_gdp_yoy,2011,3,2012,2012,next_year,1.0,,TN1_0|FN1_0TN0_6|FN0_5TN0_1|F0_0T0_4|F0_5T0_9|F1_0T1_4|F1_5T1_9|F2_0T2_4|F2_5T2_9|F3_0T3_4|F3_5T3_9|F4_0,10.0,44,0.0,0.0010678621311818182,,0,5,0.0,0.11363636363636363,True
ecb,rgdp,real_gdp_yoy,2011,3,2013,2013,year_after_next,2.0,,TN1_0|FN1_0TN0_6|FN0_5TN0_1|F0_0T0_4|F0_5T0_9|F1_0T1_4|F1_5T1_9|F2_0T2_4|F2_5T2_9|F3_0T3_4|F3_5T3_9|F4_0,3.0,36,0.043525837408527786,0.043525837408527786,0.04352583740852778,19,19,0.5277777777777778,0.5277777777777778,False
ecb,rgdp,real_gdp_yoy,2011,3,2013,2013,year_after_next,2.0,,TN1_0|FN1_0TN0_6|FN0_5TN0_1|F0_0T0_4|F0_5T0_9|F1_0T1_4|F1_5T1_9|F2_0T2_4|F2_5T2_9|F3_0T3_4|F3_5T3_9|F4_0,4.0,36,0.0031878662748611106,0.0031878662748611106,0.0031878662748611106,6,6,0.16666666666666666,0.16666666666666666,False
ecb,rgdp,real_gdp_yoy,2011,3,2013,2013,year_after_next,2.0,,TN1_0|FN1_0TN0_6|FN0_5TN0_1|F0_0T0_4|F0_5T0_9|F1_0T1_4|F1_5T1_9|F2_0T2_4|F2_5T2_9|F3_0T3_4|F3_5T3_9|F4_0,5.0,36,0.0,0.0031878662748611106,,0,6,0.0,0.16666666666666666,True
ecb,rgdp,real_gdp_yoy,2011,3,2013,2013,year_after_next,2.0,,TN1_0|FN1_0TN0_6|FN0_5TN0_1|F0_0T0_4|F0_5T0_9|F1_0T1_4|F1_5T1_9|F2_0T2_4|F2_5T2_9|F3_0T3_4|F3_5T3_9|F4_0,10.0,36,0.0,0.0031878662748611106,,0,6,0.0,0.16666666666666666,True
ecb,rgdp,real_gdp_yoy,2011,3,2016,2016,longer_term,5.0,,TN1_0|FN1_0TN0_6|FN0_5TN0_1|F0_0T0_4|F0_5T0_9|F1_0T1_4|F1_5T1_9|F2_0T2_4|F2_5T2_9|F3_0T3_4|F3_5T3_9|F4_0,3.0,35,0.06236438163954286,0.06236438163954286,0.06236438163954286,21,21,0.6,0.6,False
ecb,rgdp,real_gdp_yoy,2011,3,2016,2016,longer_term,5.0,,TN1_0|FN1_0TN0_6|FN0_5TN0_1|F0_0T0_4|F0_5T0_9|F1_0T1_4|F1_5T1_9|F2_0T2_4|F2_5T2_9|F3_0T3_4|F3_5T3_9|F4_0,4.0,35,0.004492016250742857,0.004492016250742857,0.004492016250742857,12,12,0.34285714285714286,0.34285714285714286,False
ecb,rgdp,real_gdp_yoy,2011,3,2016,2016,longer_term,5.0,,TN1_0|FN1_0TN0_6|FN0_5TN0_1|F0_0T0_4|F0_5T0_9|F1_0T1_4|F1_5T1_9|F2_0T2_4|F2_5T2_9|F3_0T3_4|F3_5T3_9|F4_0,5.0,35,0.0,0.004492016250742857,,0,12,0.0,0.34285714285714286,True
ecb,rgdp,real_gdp_yoy,2011,3,2016,2016,longer_term,5.0,,TN1_0|FN1_0TN0_6|FN0_5TN0_1|F0_0T0_4|F0_5T0_9|F1_0T1_4|F1_5T1_9|F2_0T2_4|F2_5T2_9|F3_0T3_4|F3_5T3_9|F4_0,10.0,35,0.0,0.004492016250742857,,0,12,0.0,0.34285714285714286,True
ecb,rgdp,real_gdp_yoy,2011,3,,2012Q1,rolling_1y,1.0,,TN1_0|FN1_0TN0_6|FN0_5TN0_1|F0_0T0_4|F0_5T0_9|F1_0T1_4|F1_5T1_9|F2_0T2_4|F2_5T2_9|F3_0T3_4|F3_5T3_9|F4_0,3.0,36,0.014708184723416666,0.014708184723416666,0.014708184723416666,13,13,0.3611111111111111,0.3611111111111111,False
ecb,rgdp,real_gdp_yoy,2011,3,,2012Q1,rolling_1y,1.0,,TN1_0|FN1_0TN0_6|FN0_5TN0_1|F0_0T0_4|F0_5T0_9|F1_0T1_4|F1_5T1_9|F2_0T2_4|F2_5T2_9|F3_0T3_4|F3_5T3_9|F4_0,4.0,36,0.00039700731358333335,0.00039700731358333335,0.00039700731358333335,5,5,0.1388888888888889,0.1388888888888889,False
ecb,rgdp,real_gdp_yoy,2011,3,,2012Q1,rolling_1y,1.0,,TN1_0|FN1_0TN0_6|FN0_5TN0_1|F0_0T0_4|F0_5T0_9|F1_0T1_4|F1_5T1_9|F2_0T2_4|F2_5T2_9|F3_0T3_4|F3_5T3_9|F4_0,5.0,36,0.0,0.00039700731358333335,,0,5,0.0,0.1388888888888889,True
ecb,rgdp,real_gdp_yoy,2011,3,,2012Q1,rolling_1y,1.0,,TN1_0|FN1_0TN0_6|FN0_5TN0_1|F0_0T0_4|F0_5T0_9|F1_0T1_4|F1_5T1_9|F2_0T2_4|F2_5T2_9|F3_0T3_4|F3_5T3_9|F4_0,10.0,36,0.0,0.00039700731358333335,,0,5,0.0,0.1388888888888889,True
ecb,rgdp,real_gdp_yoy,2011,3,,2013Q1,rolling_2y,2.0,,TN1_0|FN1_0TN0_6|FN0_5TN0_1|F0_0T0_4|F0_5T0_9|F1_0T1_4|F1_5T1_9|F2_0T2_4|F2_5T2_9|F3_0T3_4|F3_5T3_9|F4_0,3.0,32,0.042530747783375004,0.042530747783375004,0.042530747783375004,16,16,0.5,0.5,False
ecb,rgdp,real_gdp_yoy,2011,3,,2013Q1,rolling_2y,2.0,,TN1_0|FN1_0TN0_6|FN0_5TN0_1|F0_0T0_4|F0_5T0_9|F1_0T1_4|F1_5T1_9|F2_0T2_4|F2_5T2_9|F3_0T3_4|F3_5T3_9|F4_0,4.0,32,0.0021317423807187498,0.0021317423807187498,0.0021317423807187498,4,4,0.125,0.125,False
ecb,rgdp,real_gdp_yoy,2011,3,,2013Q1,rolling_2y,2.0,,TN1_0|FN1_0TN0_6|FN0_5TN0_1|F0_0T0_4|F0_5T0_9|F1_0T1_4|F1_5T1_9|F2_0T2_4|F2_5T2_9|F3_0T3_4|F3_5T3_9|F4_0,5.0,32,0.0,0.0021317423807187498,,0,4,0.0,0.125,True
ecb,rgdp,real_gdp_yoy,2011,3,,2013Q1,rolling_2y,2.0,,TN1_0|FN1_0TN0_6|FN0_5TN0_1|F0_0T0_4|F0_5T0_9|F1_0T1_4|F1_5T1_9|F2_0T2_4|F2_5T2_9|F3_0T3_4|F3_5T3_9|F4_0,10.0,32,0.0,0.0021317423807187498,,0,4,0.0,0.125,True
ecb,rgdp,real_gdp_yoy,2011,4,2011,2011,current_year,0.0,,TN1_0|FN1_0TN0_6|FN0_5TN0_1|F0_0T0_4|F0_5T0_9|F1_0T1_4|F1_5T1_9|F2_0T2_4|F2_5T2_9|F3_0T3_4|F3_5T3_9|F4_0,3.0,59,0.004813548131152543,0.004813548131152543,0.004813548131152543,9,9,0.15254237288135594,0.15254237288135594,False
ecb,rgdp,real_gdp_yoy,2011,4,2011,2011,current_year,0.0,,TN1_0|FN1_0TN0_6|FN0_5TN0_1|F0_0T0_4|F0_5T0_9|F1_0T1_4|F1_5T1_9|F2_0T2_4|F2_5T2_9|F3_0T3_4|F3_5T3_9|F4_0,4.0,59,0.00022906739145762714,0.00022906739145762714,0.00022906739145762714,6,6,0.1016949152542373,0.1016949152542373,False
ecb,rgdp,real_gdp_yoy,2011,4,2011,2011,current_year,0.0,,TN1_0|FN1_0TN0_6|FN0_5TN0_1|F0_0T0_4|F0_5T0_9|F1_0T1_4|F1_5T1_9|F2_0T2_4|F2_5T2_9|F3_0T3_4|F3_5T3_9|F4_0,5.0,59,0.0,0.00022906739145762714,,0,6,0.0,0.1016949152542373,True
ecb,rgdp,real_gdp_yoy,2011,4,2011,2011,current_year,0.0,,TN1_0|FN1_0TN0_6|FN0_5TN0_1|F0_0T0_4|F0_5T0_9|F1_0T1_4|F1_5T1_9|F2_0T2_4|F2_5T2_9|F3_0T3_4|F3_5T3_9|F4_0,10.0,59,0.0,0.00022906739145762714,,0,6,0.0,0.1016949152542373,True
ecb,rgdp,real_gdp_yoy,2011,4,2012,2012,next_year,1.0,,TN1_0|FN1_0TN0_6|FN0_5TN0_1|F0_0T0_4|F0_5T0_9|F1_0T1_4|F1_5T1_9|F2_0T2_4|F2_5T2_9|F3_0T3_4|F3_5T3_9|F4_0,3.0,58,0.005838841886982759,0.005838841886982759,0.005838841886982759,14,14,0.2413793103448276,0.2413793103448276,False
ecb,rgdp,real_gdp_yoy,2011,4,2012,2012,next_year,1.0,,TN1_0|FN1_0TN0_6|FN0_5TN0_1|F0_0T0_4|F0_5T0_9|F1_0T1_4|F1_5T1_9|F2_0T2_4|F2_5T2_9|F3_0T3_4|F3_5T3_9|F4_0,4.0,58,0.0005965354066379312,0.0005965354066379312,0.0005965354066379312,6,6,0.10344827586206896,0.10344827586206896,False
ecb,rgdp,real_gdp_yoy,2011,4,2012,2012,next_year,1.0,,TN1_0|FN1_0TN0_6|FN0_5TN0_1|F0_0T0_4|F0_5T0_9|F1_0T1_4|F1_5T1_9|F2_0T2_4|F2_5T2_9|F3_0T3_4|F3_5T3_9|F4_0,5.0,58,0.0,0.0005965354066379312,,0,6,0.0,0.10344827586206896,True
ecb,rgdp,real_gdp_yoy,2011,4,2012,2012,next_year,1.0,,TN1_0|FN1_0TN0_6|FN0_5TN0_1|F0_0T0_4|F0_5T0_9|F1_0T1_4|F1_5T1_9|F2_0T2_4|F2_5T2_9|F3_0T3_4|F3_5T3_9|F4_0,10.0,58,0.0,0.0005965354066379312,,0,6,0.0,0.10344827586206896,True
ecb,rgdp,real_gdp_yoy,2011,4,2013,2013,year_after_next,2.0,,TN1_0|FN1_0TN0_6|FN0_5TN0_1|F0_0T0_4|F0_5T0_9|F1_0T1_4|F1_5T1_9|F2_0T2_4|F2_5T2_9|F3_0T3_4|F3_5T3_9|F4_0,3.0,50,0.03244600999432,0.03244600999432,0.03244600999432,22,22,0.44,0.44,False
ecb,rgdp,real_gdp_yoy,2011,4,2013,2013,year_after_next,2.0,,TN1_0|FN1_0TN0_6|FN0_5TN0_1|F0_0T0_4|F0_5T0_9|F1_0T1_4|F1_5T1_9|F2_0T2_4|F2_5T2_9|F3_0T3_4|F3_5T3_9|F4_0,4.0,50,0.00465362865074,0.00465362865074,0.00465362865074,6,6,0.12,0.12,False
ecb,rgdp,real_gdp_yoy,2011,4,2013,2013,year_after_next,2.0,,TN1_0|FN1_0TN0_6|FN0_5TN0_1|F0_0T0_4|F0_5T0_9|F1_0T1_4|F1_5T1_9|F2_0T2_4|F2_5T2_9|F3_0T3_4|F3_5T3_9|F4_0,5.0,50,0.0,0.00465362865074,,0,6,0.0,0.12,True
ecb,rgdp,real_gdp_yoy,2011,4,2013,2013,year_after_next,2.0,,TN1_0|FN1_0TN0_6|FN0_5TN0_1|F0_0T0_4|F0_5T0_9|F1_0T1_4|F1_5T1_9|F2_0T2_4|F2_5T2_9|F3_0T3_4|F3_5T3_9|F4_0,10.0,50,0.0,0.00465362865074,,0,6,0.0,0.12,True
ecb,rgdp,real_gdp_yoy,2011,4,2016,2016,longer_term,5.0,,TN1_0|FN1_0TN0_6|FN0_5TN0_1|F0_0T0_4|F0_5T0_9|F1_0T1_4|F1_5T1_9|F2_0T2_4|F2_5T2_9|F3_0T3_4|F3_5T3_9|F4_0,3.0,43,0.05667781468688372,0.05667781468688372,0.05667781468688372,23,23,0.5348837209302325,0.5348837209302325,False
ecb,rgdp,real_gdp_yoy,2011,4,2016,2016,longer_term,5.0,,TN1_0|FN1_0TN0_6|FN0_5TN0_1|F0_0T0_4|F0_5T0_9|F1_0T1_4|F1_5T1_9|F2_0T2_4|F2_5T2_9|F3_0T3_4|F3_5T3_9|F4_0,4.0,43,0.00519078047988372,0.00519078047988372,0.00519078047988372,12,12,0.27906976744186046,0.27906976744186046,False
ecb,rgdp,real_gdp_yoy,2011,4,2016,2016,longer_term,5.0,,TN1_0|FN1_0TN0_6|FN0_5TN0_1|F0_0T0_4|F0_5T0_9|F1_0T1_4|F1_5T1_9|F2_0T2_4|F2_5T2_9|F3_0T3_4|F3_5T3_9|F4_0,5.0,43,0.0,0.00519078047988372,,0,12,0.0,0.27906976744186046,True
ecb,rgdp,real_gdp_yoy,2011,4,2016,2016,longer_term,5.0,,TN1_0|FN1_0TN0_6|FN0_5TN0_1|F0_0T0_4|F0_5T0_9|F1_0T1_4|F1_5T1_9|F2_0T2_4|F2_5T2_9|F3_0T3_4|F3_5T3_9|F4_0,10.0,43,0.0,0.00519078047988372,,0,12,0.0,0.27906976744186046,True
ecb,rgdp,real_gdp_yoy,2011,4,,2012Q2,rolling_1y,1.0,,TN1_0|FN1_0TN0_6|FN0_5TN0_1|F0_0T0_4|F0_5T0_9|F1_0T1_4|F1_5T1_9|F2_0T2_4|F2_5T2_9|F3_0T3_4|F3_5T3_9|F4_0,3.0,44,0.004116324403613637,0.004116324403613637,0.004116324403613637,11,11,0.25,0.25,False
ecb,rgdp,real_gdp_yoy,2011,4,,2012Q2,rolling_1y,1.0,,TN1_0|FN1_0TN0_6|FN0_5TN0_1|F0_0T0_4|F0_5T0_9|F1_0T1_4|F1_5T1_9|F2_0T2_4|F2_5T2_9|F3_0T3_4|F3_5T3_9|F4_0,4.0,44,0.00014438016322727276,0.00014438016322727276,0.00014438016322727276,5,5,0.11363636363636363,0.11363636363636363,False
ecb,rgdp,real_gdp_yoy,2011,4,,2012Q2,rolling_1y,1.0,,TN1_0|FN1_0TN0_6|FN0_5TN0_1|F0_0T0_4|F0_5T0_9|F1_0T1_4|F1_5T1_9|F2_0T2_4|F2_5T2_9|F3_0T3_4|F3_5T3_9|F4_0,5.0,44,0.0,0.00014438016322727276,,0,5,0.0,0.11363636363636363,True
ecb,rgdp,real_gdp_yoy,2011,4,,2012Q2,rolling_1y,1.0,,TN1_0|FN1_0TN0_6|FN0_5TN0_1|F0_0T0_4|F0_5T0_9|F1_0T1_4|F1_5T1_9|F2_0T2_4|F2_5T2_9|F3_0T3_4|F3_5T3_9|F4_0,10.0,44,0.0,0.00014438016322727276,,0,5,0.0,0.11363636363636363,True
ecb,rgdp,real_gdp_yoy,2011,4,,2013Q2,rolling_2y,2.0,,TN1_0|FN1_0TN0_6|FN0_5TN0_1|F0_0T0_4|F0_5T0_9|F1_0T1_4|F1_5T1_9|F2_0T2_4|F2_5T2_9|F3_0T3_4|F3_5T3_9|F4_0,3.0,38,0.03561570820602632,0.03561570820602632,0.03561570820602632,20,20,0.5263157894736842,0.5263157894736842,False
ecb,rgdp,real_gdp_yoy,2011,4,,2013Q2,rolling_2y,2.0,,TN1_0|FN1_0TN0_6|FN0_5TN0_1|F0_0T0_4|F0_5T0_9|F1_0T1_4|F1_5T1_9|F2_0T2_4|F2_5T2_9|F3_0T3_4|F3_5T3_9|F4_0,4.0,38,0.002367244043263158,0.002367244043263158,0.002367244043263158,5,5,0.13157894736842105,0.13157894736842105,False
ecb,rgdp,real_gdp_yoy,2011,4,,2013Q2,rolling_2y,2.0,,TN1_0|FN1_0TN0_6|FN0_5TN0_1|F0_0T0_4|F0_5T0_9|F1_0T1_4|F1_5T1_9|F2_0T2_4|F2_5T2_9|F3_0T3_4|F3_5T3_9|F4_0,5.0,38,0.0,0.002367244043263158,,0,5,0.0,0.13157894736842105,True
ecb,rgdp,real_gdp_yoy,2011,4,,2013Q2,rolling_2y,2.0,,TN1_0|FN1_0TN0_6|FN0_5TN0_1|F0_0T0_4|F0_5T0_9|F1_0T1_4|F1_5T1_9|F2_0T2_4|F2_5T2_9|F3_0T3_4|F3_5T3_9|F4_0,10.0,38,0.0,0.002367244043263158,,0,5,0.0,0.13157894736842105,True
ecb,rgdp,real_gdp_yoy,2012,1,2012,2012,current_year,0.0,,TN1_0|FN1_0TN0_6|FN0_5TN0_1|F0_0T0_4|F0_5T0_9|F1_0T1_4|F1_5T1_9|F2_0T2_4|F2_5T2_9|F3_0T3_4|F3_5T3_9|F4_0,3.0,53,0.0008475501535471699,0.0008475501535471699,0.0008475501535471699,6,6,0.11320754716981132,0.11320754716981132,False
ecb,rgdp,real_gdp_yoy,2012,1,2012,2012,current_year,0.0,,TN1_0|FN1_0TN0_6|FN0_5TN0_1|F0_0T0_4|F0_5T0_9|F1_0T1_4|F1_5T1_9|F2_0T2_4|F2_5T2_9|F3_0T3_4|F3_5T3_9|F4_0,4.0,53,0.00010417481167924527,0.00010417481167924527,0.00010417481167924527,6,6,0.11320754716981132,0.11320754716981132,False
ecb,rgdp,real_gdp_yoy,2012,1,2012,2012,current_year,0.0,,TN1_0|FN1_0TN0_6|FN0_5TN0_1|F0_0T0_4|F0_5T0_9|F1_0T1_4|F1_5T1_9|F2_0T2_4|F2_5T2_9|F3_0T3_4|F3_5T3_9|F4_0,5.0,53,0.0,0.00010417481167924527,,0,6,0.0,0.11320754716981132,True
ecb,rgdp,real_gdp_yoy,2012,1,2012,2012,current_year,0.0,,TN1_0|FN1_0TN0_6|FN0_5TN0_1|F0_0T0_4|F0_5T0_9|F1_0T1_4|F1_5T1_9|F2_0T2_4|F2_5T2_9|F3_0T3_4|F3_5T3_9|F4_0,10.0,53,0.0,0.00010417481167924527,,0,6,0.0,0.11320754716981132,True
ecb,rgdp,real_gdp_yoy,2012,1,2013,2013,next_year,1.0,,TN1_0|FN1_0TN0_6|FN0_5TN0_1|F0_0T0_4|F0_5T0_9|F1_0T1_4|F1_5T1_9|F2_0T2_4|F2_5T2_9|F3_0T3_4|F3_5T3_9|F4_0,3.0,49,0.013642497508183672,0.013642497508183672,0.013642497508183672,13,13,0.2653061224489796,0.2653061224489796,False
ecb,rgdp,real_gdp_yoy,2012,1,2013,2013,next_year,1.0,,TN1_0|FN1_0TN0_6|FN0_5TN0_1|F0_0T0_4|F0_5T0_9|F1_0T1_4|F1_5T1_9|F2_0T2_4|F2_5T2_9|F3_0T3_4|F3_5T3_9|F4_0,4.0,49,0.0021727851391020406,0.0021727851391020406,0.0021727851391020406,6,6,0.12244897959183673,0.12244897959183673,False
ecb,rgdp,real_gdp_yoy,2012,1,2013,2013,next_year,1.0,,TN1_0|FN1_0TN0_6|FN0_5TN0_1|F0_0T0_4|F0_5T0_9|F1_0T1_4|F1_5T1_9|F2_0T2_4|F2_5T2_9|F3_0T3_4|F3_5T3_9|F4_0,5.0,49,0.0,0.0021727851391020406,,0,6,0.0,0.12244897959183673,True
ecb,rgdp,real_gdp_yoy,2012,1,2013,2013,next_year,1.0,,TN1_0|FN1_0TN0_6|FN0_5TN0_1|F0_0T0_4|F0_5T0_9|F1_0T1_4|F1_5T1_9|F2_0T2_4|F2_5T2_9|F3_0T3_4|F3_5T3_9|F4_0,10.0,49,0.0,0.0021727851391020406,,0,6,0.0,0.12244897959183673,True
ecb,rgdp,real_gdp_yoy,2012,1,2016,2016,longer_term,4.0,,TN1_0|FN1_0TN0_6|FN0_5TN0_1|F0_0T0_4|F0_5T0_9|F1_0T1_4|F1_5T1_9|F2_0T2_4|F2_5T2_9|F3_0T3_4|F3_5T3_9|F4_0,3.0,40,0.059563615544025006,0.059563615544025006,0.059563615544025006,23,23,0.575,0.575,False
ecb,rgdp,real_gdp_yoy,2012,1,2016,2016,longer_term,4.0,,TN1_0|FN1_0TN0_6|FN0_5TN0_1|F0_0T0_4|F0_5T0_9|F1_0T1_4|F1_5T1_9|F2_0T2_4|F2_5T2_9|F3_0T3_4|F3_5T3_9|F4_0,4.0,40,0.00462891356055,0.00462891356055,0.00462891356055,12,12,0.3,0.3,False
ecb,rgdp,real_gdp_yoy,2012,1,2016,2016,longer_term,4.0,,TN1_0|FN1_0TN0_6|FN0_5TN0_1|F0_0T0_4|F0_5T0_9|F1_0T1_4|F1_5T1_9|F2_0T2_4|F2_5T2_9|F3_0T3_4|F3_5T3_9|F4_0,5.0,40,0.0,0.00462891356055,,0,12,0.0,0.3,True
ecb,rgdp,real_gdp_yoy,2012,1,2016,2016,longer_term,4.0,,TN1_0|FN1_0TN0_6|FN0_5TN0_1|F0_0T0_4|F0_5T0_9|F1_0T1_4|F1_5T1_9|F2_0T2_4|F2_5T2_9|F3_0T3_4|F3_5T3_9|F4_0,10.0,40,0.0,0.00462891356055,,0,12,0.0,0.3,True
ecb,rgdp,real_gdp_yoy,2012,1,,2012Q3,rolling_1y,1.0,,TN1_0|FN1_0TN0_6|FN0_5TN0_1|F0_0T0_4|F0_5T0_9|F1_0T1_4|F1_5T1_9|F2_0T2_4|F2_5T2_9|F3_0T3_4|F3_5T3_9|F4_0,3.0,40,0.0039843200194,0.0039843200194,0.0039843200194,7,7,0.175,0.175,False
ecb,rgdp,real_gdp_yoy,2012,1,,2012Q3,rolling_1y,1.0,,TN1_0|FN1_0TN0_6|FN0_5TN0_1|F0_0T0_4|F0_5T0_9|F1_0T1_4|F1_5T1_9|F2_0T2_4|F2_5T2_9|F3_0T3_4|F3_5T3_9|F4_0,4.0,40,0.00016463487247500003,0.00016463487247500003,0.00016463487247500003,4,4,0.1,0.1,False
ecb,rgdp,real_gdp_yoy,2012,1,,2012Q3,rolling_1y,1.0,,TN1_0|FN1_0TN0_6|FN0_5TN0_1|F0_0T0_4|F0_5T0_9|F1_0T1_4|F1_5T1_9|F2_0T2_4|F2_5T2_9|F3_0T3_4|F3_5T3_9|F4_0,5.0,40,0.0,0.00016463487247500003,,0,4,0.0,0.1,True
ecb,rgdp,real_gdp_yoy,2012,1,,2012Q3,rolling_1y,1.0,,TN1_0|FN1_0TN0_6|FN0_5TN0_1|F0_0T0_4|F0_5T0_9|F1_0T1_4|F1_5T1_9|F2_0T2_4|F2_5T2_9|F3_0T3_4|F3_5T3_9|F4_0,10.0,40,0.0,0.00016463487247500003,,0,4,0.0,0.1,True
ecb,rgdp,real_gdp_yoy,2012,1,,2013Q3,rolling_2y,2.0,,TN1_0|FN1_0TN0_6|FN0_5TN0_1|F0_0T0_4|F0_5T0_9|F1_0T1_4|F1_5T1_9|F2_0T2_4|F2_5T2_9|F3_0T3_4|F3_5T3_9|F4_0,3.0,37,0.017489817142594597,0.017489817142594597,0.017489817142594597,12,12,0.32432432432432434,0.32432432432432434,False
ecb,rgdp,real_gdp_yoy,2012,1,,2013Q3,rolling_2y,2.0,,TN1_0|FN1_0TN0_6|FN0_5TN0_1|F0_0T0_4|F0_5T0_9|F1_0T1_4|F1_5T1_9|F2_0T2_4|F2_5T2_9|F3_0T3_4|F3_5T3_9|F4_0,4.0,37,0.0019619546324864865,0.0019619546324864865,0.0019619546324864865,5,5,0.13513513513513514,0.13513513513513514,False
ecb,rgdp,real_gdp_yoy,2012,1,,2013Q3,rolling_2y,2.0,,TN1_0|FN1_0TN0_6|FN0_5TN0_1|F0_0T0_4|F0_5T0_9|F1_0T1_4|F1_5T1_9|F2_0T2_4|F2_5T2_9|F3_0T3_4|F3_5T3_9|F4_0,5.0,37,0.0,0.0019619546324864865,,0,5,0.0,0.13513513513513514,True
ecb,rgdp,real_gdp_yoy,2012,1,,2013Q3,rolling_2y,2.0,,TN1_0|FN1_0TN0_6|FN0_5TN0_1|F0_0T0_4|F0_5T0_9|F1_0T1_4|F1_5T1_9|F2_0T2_4|F2_5T2_9|F3_0T3_4|F3_5T3_9|F4_0,10.0,37,0.0,0.0019619546324864865,,0,5,0.0,0.13513513513513514,True
ecb,rgdp,real_gdp_yoy,2012,2,2012,2012,current_year,0.0,,TN1_0|FN1_0TN0_6|FN0_5TN0_1|F0_0T0_4|F0_5T0_9|F1_0T1_4|F1_5T1_9|F2_0T2_4|F2_5T2_9|F3_0T3_4|F3_5T3_9|F4_0,3.0,50,0.00015608678528,0.00015608678528,0.00015608678528,6,6,0.12,0.12,False
ecb,rgdp,real_gdp_yoy,2012,2,2012,2012,current_year,0.0,,TN1_0|FN1_0TN0_6|FN0_5TN0_1|F0_0T0_4|F0_5T0_9|F1_0T1_4|F1_5T1_9|F2_0T2_4|F2_5T2_9|F3_0T3_4|F3_5T3_9|F4_0,4.0,50,1.3863659140000001e-05,1.3863659140000001e-05,1.3863659140000001e-05,4,4,0.08,0.08,False
ecb,rgdp,real_gdp_yoy,2012,2,2012,2012,current_year,0.0,,TN1_0|FN1_0TN0_6|FN0_5TN0_1|F0_0T0_4|F0_5T0_9|F1_0T1_4|F1_5T1_9|F2_0T2_4|F2_5T2_9|F3_0T3_4|F3_5T3_9|F4_0,5.0,50,0.0,1.3863659140000001e-05,,0,4,0.0,0.08,True
ecb,rgdp,real_gdp_yoy,2012,2,2012,2012,current_year,0.0,,TN1_0|FN1_0TN0_6|FN0_5TN0_1|F0_0T0_4|F0_5T0_9|F1_0T1_4|F1_5T1_9|F2_0T2_4|F2_5T2_9|F3_0T3_4|F3_5T3_9|F4_0,10.0,50,0.0,1.3863659140000001e-05,,0,4,0.0,0.08,True
ecb,rgdp,real_gdp_yoy,2012,2,2013,2013,next_year,1.0,,TN1_0|FN1_0TN0_6|FN0_5TN0_1|F0_0T0_4|F0_5T0_9|F1_0T1_4|F1_5T1_9|F2_0T2_4|F2_5T2_9|F3_0T3_4|F3_5T3_9|F4_0,3.0,50,0.01081044190218,0.01081044190218,0.01081044190218,13,13,0.26,0.26,False
ecb,rgdp,real_gdp_yoy,2012,2,2013,2013,next_year,1.0,,TN1_0|FN1_0TN0_6|FN0_5TN0_1|F0_0T0_4|F0_5T0_9|F1_0T1_4|F1_5T1_9|F2_0T2_4|F2_5T2_9|F3_0T3_4|F3_5T3_9|F4_0,4.0,50,0.00143530377338,0.00143530377338,0.00143530377338,6,6,0.12,0.12,False
ecb,rgdp,real_gdp_yoy,2012,2,2013,2013,next_year,1.0,,TN1_0|FN1_0TN0_6|FN0_5TN0_1|F0_0T0_4|F0_5T0_9|F1_0T1_4|F1_5T1_9|F2_0T2_4|F2_5T2_9|F3_0T3_4|F3_5T3_9|F4_0,5.0,50,0.0,0.00143530377338,,0,6,0.0,0.12,True
ecb,rgdp,real_gdp_yoy,2012,2,2013,2013,next_year,1.0,,TN1_0|FN1_0TN0_6|FN0_5TN0_1|F0_0T0_4|F0_5T0_9|F1_0T1_4|F1_5T1_9|F2_0T2_4|F2_5T2_9|F3_0T3_4|F3_5T3_9|F4_0,10.0,50,0.0,0.00143530377338,,0,6,0.0,0.12,True
ecb,rgdp,real_gdp_yoy,2012,2,2016,2016,longer_term,4.0,,TN1_0|FN1_0TN0_6|FN0_5TN0_1|F0_0T0_4|F0_5T0_9|F1_0T1_4|F1_5T1_9|F2_0T2_4|F2_5T2_9|F3_0T3_4|F3_5T3_9|F4_0,3.0,39,0.07628536818146155,0.07628536818146155,0.07628536818146155,24,24,0.6153846153846154,0.6153846153846154,False
ecb,rgdp,real_gdp_yoy,2012,2,2016,2016,longer_term,4.0,,TN1_0|FN1_0TN0_6|FN0_5TN0_1|F0_0T0_4|F0_5T0_9|F1_0T1_4|F1_5T1_9|F2_0T2_4|F2_5T2_9|F3_0T3_4|F3_5T3_9|F4_0,4.0,39,0.0059723865894358965,0.0059723865894358965,0.0059723865894358965,13,13,0.3333333333333333,0.3333333333333333,False
ecb,rgdp,real_gdp_yoy,2012,2,2016,2016,longer_term,4.0,,TN1_0|FN1_0TN0_6|FN0_5TN0_1|F0_0T0_4|F0_5T0_9|F1_0T1_4|F1_5T1_9|F2_0T2_4|F2_5T2_9|F3_0T3_4|F3_5T3_9|F4_0,5.0,39,0.0,0.0059723865894358965,,0,13,0.0,0.3333333333333333,True
ecb,rgdp,real_gdp_yoy,2012,2,2016,2016,longer_term,4.0,,TN1_0|FN1_0TN0_6|FN0_5TN0_1|F0_0T0_4|F0_5T0_9|F1_0T1_4|F1_5T1_9|F2_0T2_4|F2_5T2_9|F3_0T3_4|F3_5T3_9|F4_0,10.0,39,0.0,0.0059723865894358965,,0,13,0.0,0.3333333333333333,True
ecb,rgdp,real_gdp_yoy,2012,2,,2012Q4,rolling_1y,1.0,,TN1_0|FN1_0TN0_6|FN0_5TN0_1|F0_0T0_4|F0_5T0_9|F1_0T1_4|F1_5T1_9|F2_0T2_4|F2_5T2_9|F3_0T3_4|F3_5T3_9|F4_0,3.0,38,0.0033791600712631577,0.0033791600712631577,0.0033791600712631577,6,6,0.15789473684210525,0.15789473684210525,False
ecb,rgdp,real_gdp_yoy,2012,2,,2012Q4,rolling_1y,1.0,,TN1_0|FN1_0TN0_6|FN0_5TN0_1|F0_0T0_4|F0_5T0_9|F1_0T1_4|F1_5T1_9|F2_0T2_4|F2_5T2_9|F3_0T3_4|F3_5T3_9|F4_0,4.0,38,8.329517326315791e-05,8.329517326315791e-05,8.329517326315791e-05,4,4,0.10526315789473684,0.10526315789473684,False
ecb,rgdp,real_gdp_yoy,2012,2,,2012Q4,rolling_1y,1.0,,TN1_0|FN1_0TN0_6|FN0_5TN0_1|F0_0T0_4|F0_5T0_9|F1_0T1_4|F1_5T1_9|F2_0T2_4|F2_5T2_9|F3_0T3_4|F3_5T3_9|F4_0,5.0,38,0.0,8.329517326315791e-05,,0,4,0.0,0.10526315789473684,True
ecb,rgdp,real_gdp_yoy,2012,2,,2012Q4,rolling_1y,1.0,,TN1_0|FN1_0TN0_6|FN0_5TN0_1|F0_0T0_4|F0_5T0_9|F1_0T1_4|F1_5T1_9|F2_0T2_4|F2_5T2_9|F3_0T3_4|F3_5T3_9|F4_0,10.0,38,0.0,8.329517326315791e-05,,0,4,0.0,0.10526315789473684,True
ecb,rgdp,real_gdp_yoy,2012,2,,2013Q4,rolling_2y,2.0,,TN1_0|FN1_0TN0_6|FN0_5TN0_1|F0_0T0_4|F0_5T0_9|F1_0T1_4|F1_5T1_9|F2_0T2_4|F2_5T2_9|F3_0T3_4|F3_5T3_9|F4_0,3.0,37,0.020296701802351352,0.020296701802351352,0.020296701802351352,12,12,0.32432432432432434,0.32432432432432434,False
ecb,rgdp,real_gdp_yoy,2012,2,,2013Q4,rolling_2y,2.0,,TN1_0|FN1_0TN0_6|FN0_5TN0_1|F0_0T0_4|F0_5T0_9|F1_0T1_4|F1_5T1_9|F2_0T2_4|F2_5T2_9|F3_0T3_4|F3_5T3_9|F4_0,4.0,37,0.0019732755984324325,0.0019732755984324325,0.0019732755984324325,6,6,0.16216216216216217,0.16216216216216217,False
ecb,rgdp,real_gdp_yoy,2012,2,,2013Q4,rolling_2y,2.0,,TN1_0|FN1_0TN0_6|FN0_5TN0_1|F0_0T0_4|F0_5T0_9|F1_0T1_4|F1_5T1_9|F2_0T2_4|F2_5T2_9|F3_0T3_4|F3_5T3_9|F4_0,5.0,37,0.0,0.0019732755984324325,,0,6,0.0,0.16216216216216217,True
ecb,rgdp,real_gdp_yoy,2012,2,,2013Q4,rolling_2y,2.0,,TN1_0|FN1_0TN0_6|FN0_5TN0_1|F0_0T0_4|F0_5T0_9|F1_0T1_4|F1_5T1_9|F2_0T2_4|F2_5T2_9|F3_0T3_4|F3_5T3_9|F4_0,10.0,37,0.0,0.0019732755984324325,,0,6,0.0,0.16216216216216217,True
ecb,rgdp,real_gdp_yoy,2012,3,2012,2012,current_year,0.0,,TN1_0|FN1_0TN0_6|FN0_5TN0_1|F0_0T0_4|F0_5T0_9|F1_0T1_4|F1_5T1_9|F2_0T2_4|F2_5T2_9|F3_0T3_4|F3_5T3_9|F4_0,3.0,44,9.173679863636364e-06,9.173679863636364e-06,9.173679863636364e-06,3,3,0.06818181818181818,0.06818181818181818,False
ecb,rgdp,real_gdp_yoy,2012,3,2012,2012,current_year,0.0,,TN1_0|FN1_0TN0_6|FN0_5TN0_1|F0_0T0_4|F0_5T0_9|F1_0T1_4|F1_5T1_9|F2_0T2_4|F2_5T2_9|F3_0T3_4|F3_5T3_9|F4_0,4.0,44,4.49999225e-06,4.49999225e-06,4.49999225e-06,3,3,0.06818181818181818,0.06818181818181818,False
ecb,rgdp,real_gdp_yoy,2012,3,2012,2012,current_year,0.0,,TN1_0|FN1_0TN0_6|FN0_5TN0_1|F0_0T0_4|F0_5T0_9|F1_0T1_4|F1_5T1_9|F2_0T2_4|F2_5T2_9|F3_0T3_4|F3_5T3_9|F4_0,5.0,44,0.0,4.49999225e-06,,0,3,0.0,0.06818181818181818,True
ecb,rgdp,real_gdp_yoy,2012,3,2012,2012,current_year,0.0,,TN1_0|FN1_0TN0_6|FN0_5TN0_1|F0_0T0_4|F0_5T0_9|F1_0T1_4|F1_5T1_9|F2_0T2_4|F2_5T2_9|F3_0T3_4|F3_5T3_9|F4_0,10.0,44,0.0,4.49999225e-06,,0,3,0.0,0.06818181818181818,True
ecb,rgdp,real_gdp_yoy,2012,3,2013,2013,next_year,1.0,,TN1_0|FN1_0TN0_6|FN0_5TN0_1|F0_0T0_4|F0_5T0_9|F1_0T1_4|F1_5T1_9|F2_0T2_4|F2_5T2_9|F3_0T3_4|F3_5T3_9|F4_0,3.0,43,0.003480407897348837,0.003480407897348837,0.003480407897348837,6,6,0.13953488372093023,0.13953488372093023,False
ecb,rgdp,real_gdp_yoy,2012,3,2013,2013,next_year,1.0,,TN1_0|FN1_0TN0_6|FN0_5TN0_1|F0_0T0_4|F0_5T0_9|F1_0T1_4|F1_5T1_9|F2_0T2_4|F2_5T2_9|F3_0T3_4|F3_5T3_9|F4_0,4.0,43,0.00040120444737209304,0.00040120444737209304,0.00040120444737209304,4,4,0.09302325581395349,0.09302325581395349,False
ecb,rgdp,real_gdp_yoy,2012,3,2013,2013,next_year,1.0,,TN1_0|FN1_0TN0_6|FN0_5TN0_1|F0_0T0_4|F0_5T0_9|F1_0T1_4|F1_5T1_9|F2_0T2_4|F2_5T2_9|F3_0T3_4|F3_5T3_9|F4_0,5.0,43,0.0,0.00040120444737209304,,0,4,0.0,0.09302325581395349,True
ecb,rgdp,real_gdp_yoy,2012,3,2013,2013,next_year,1.0,,TN1_0|FN1_0TN0_6|FN0_5TN0_1|F0_0T0_4|F0_5T0_9|F1_0T1_4|F1_5T1_9|F2_0T2_4|F2_5T2_9|F3_0T3_4|F3_5T3_9|F4_0,10.0,43,0.0,0.00040120444737209304,,0,4,0.0,0.09302325581395349,True
ecb,rgdp,real_gdp_yoy,2012,3,2014,2014,year_after_next,2.0,,TN1_0|FN1_0TN0_6|FN0_5TN0_1|F0_0T0_4|F0_5T0_9|F1_0T1_4|F1_5T1_9|F2_0T2_4|F2_5T2_9|F3_0T3_4|F3_5T3_9|F4_0,3.0,37,0.02560523753664865,0.02560523753664865,0.02560523753664865,15,15,0.40540540540540543,0.40540540540540543,False
ecb,rgdp,real_gdp_yoy,2012,3,2014,2014,year_after_next,2.0,,TN1_0|FN1_0TN0_6|FN0_5TN0_1|F0_0T0_4|F0_5T0_9|F1_0T1_4|F1_5T1_9|F2_0T2_4|F2_5T2_9|F3_0T3_4|F3_5T3_9|F4_0,4.0,37,0.0036814202477837834,0.0036814202477837834,0.0036814202477837834,5,5,0.13513513513513514,0.13513513513513514,False
ecb,rgdp,real_gdp_yoy,2012,3,2014,2014,year_after_next,2.0,,TN1_0|FN1_0TN0_6|FN0_5TN0_1|F0_0T0_4|F0_5T0_9|F1_0T1_4|F1_5T1_9|F2_0T2_4|F2_5T2_9|F3_0T3_4|F3_5T3_9|F4_0,5.0,37,0.0,0.0036814202477837834,,0,5,0.0,0.13513513513513514,True
ecb,rgdp,real_gdp_yoy,2012,3,2014,2014,year_after_next,2.0,,TN1_0|FN1_0TN0_6|FN0_5TN0_1|F0_0T0_4|F0_5T0_9|F1_0T1_4|F1_5T1_9|F2_0T2_4|F2_5T2_9|F3_0T3_4|F3_5T3_9|F4_0,10.0,37,0.0,0.0036814202477837834,,0,5,0.0,0.13513513513513514,True
ecb,rgdp,real_gdp_yoy,2012,3,2017,2017,longer_term,5.0,,TN1_0|FN1_0TN0_6|FN0_5TN0_1|F0_0T0_4|F0_5T0_9|F1_0T1_4|F1_5T1_9|F2_0T2_4|F2_5T2_9|F3_0T3_4|F3_5T3_9|F4_0,3.0,31,0.060941367114741934,0.060941367114741934,0.06094136711474194,20,20,0.6451612903225806,0.6451612903225806,False
ecb,rgdp,real_gdp_yoy,2012,3,2017,2017,longer_term,5.0,,TN1_0|FN1_0TN0_6|FN0_5TN0_1|F0_0T0_4|F0_5T0_9|F1_0T1_4|F1_5T1_9|F2_0T2_4|F2_5T2_9|F3_0T3_4|F3_5T3_9|F4_0,4.0,31,0.004182013812064516,0.004182013812064516,0.004182013812064516,8,8,0.25806451612903225,0.25806451612903225,False
ecb,rgdp,real_gdp_yoy,2012,3,2017,2017,longer_term,5.0,,TN1_0|FN1_0TN0_6|FN0_5TN0_1|F0_0T0_4|F0_5T0_9|F1_0T1_4|F1_5T1_9|F2_0T2_4|F2_5T2_9|F3_0T3_4|F3_5T3_9|F4_0,5.0,31,0.0,0.004182013812064516,,0,8,0.0,0.25806451612903225,True
ecb,rgdp,real_gdp_yoy,2012,3,2017,2017,longer_term,5.0,,TN1_0|FN1_0TN0_6|FN0_5TN0_1|F0_0T0_4|F0_5T0_9|F1_0T1_4|F1_5T1_9|F2_0T2_4|F2_5T2_9|F3_0T3_4|F3_5T3_9|F4_0,10.0,31,0.0,0.004182013812064516,,0,8,0.0,0.25806451612903225,True
ecb,rgdp,real_gdp_yoy,2012,3,,2013Q1,rolling_1y,1.0,,TN1_0|FN1_0TN0_6|FN0_5TN0_1|F0_0T0_4|F0_5T0_9|F1_0T1_4|F1_5T1_9|F2_0T2_4|F2_5T2_9|F3_0T3_4|F3_5T3_9|F4_0,3.0,36,0.00250173943525,0.00250173943525,0.00250173943525,5,5,0.1388888888888889,0.1388888888888889,False
ecb,rgdp,real_gdp_yoy,2012,3,,2013Q1,rolling_1y,1.0,,TN1_0|FN1_0TN0_6|FN0_5TN0_1|F0_0T0_4|F0_5T0_9|F1_0T1_4|F1_5T1_9|F2_0T2_4|F2_5T2_9|F3_0T3_4|F3_5T3_9|F4_0,4.0,36,0.00038265131199999997,0.00038265131199999997,0.00038265131199999997,4,4,0.1111111111111111,0.1111111111111111,False
ecb,rgdp,real_gdp_yoy,2012,3,,2013Q1,rolling_1y,1.0,,TN1_0|FN1_0TN0_6|FN0_5TN0_1|F0_0T0_4|F0_5T0_9|F1_0T1_4|F1_5T1_9|F2_0T2_4|F2_5T2_9|F3_0T3_4|F3_5T3_9|F4_0,5.0,36,0.0,0.00038265131199999997,,0,4,0.0,0.1111111111111111,True
ecb,rgdp,real_gdp_yoy,2012,3,,2013Q1,rolling_1y,1.0,,TN1_0|FN1_0TN0_6|FN0_5TN0_1|F0_0T0_4|F0_5T0_9|F1_0T1_4|F1_5T1_9|F2_0T2_4|F2_5T2_9|F3_0T3_4|F3_5T3_9|F4_0,10.0,36,0.0,0.00038265131199999997,,0,4,0.0,0.1111111111111111,True
ecb,rgdp,real_gdp_yoy,2012,3,,2014Q1,rolling_2y,2.0,,TN1_0|FN1_0TN0_6|FN0_5TN0_1|F0_0T0_4|F0_5T0_9|F1_0T1_4|F1_5T1_9|F2_0T2_4|F2_5T2_9|F3_0T3_4|F3_5T3_9|F4_0,3.0,31,0.01758245172354839,0.01758245172354839,0.01758245172354839,11,11,0.3548387096774194,0.3548387096774194,False
ecb,rgdp,real_gdp_yoy,2012,3,,2014Q1,rolling_2y,2.0,,TN1_0|FN1_0TN0_6|FN0_5TN0_1|F0_0T0_4|F0_5T0_9|F1_0T1_4|F1_5T1_9|F2_0T2_4|F2_5T2_9|F3_0T3_4|F3_5T3_9|F4_0,4.0,31,0.0005904478156451612,0.0005904478156451612,0.0005904478156451612,4,4,0.12903225806451613,0.12903225806451613,False
ecb,rgdp,real_gdp_yoy,2012,3,,2014Q1,rolling_2y,2.0,,TN1_0|FN1_0TN0_6|FN0_5TN0_1|F0_0T0_4|F0_5T0_9|F1_0T1_4|F1_5T1_9|F2_0T2_4|F2_5T2_9|F3_0T3_4|F3_5T3_9|F4_0,5.0,31,0.0,0.0005904478156451612,,0,4,0.0,0.12903225806451613,True
ecb,rgdp,real_gdp_yoy,2012,3,,2014Q1,rolling_2y,2.0,,TN1_0|FN1_0TN0_6|FN0_5TN0_1|F0_0T0_4|F0_5T0_9|F1_0T1_4|F1_5T1_9|F2_0T2_4|F2_5T2_9|F3_0T3_4|F3_5T3_9|F4_0,10.0,31,0.0,0.0005904478156451612,,0,4,0.0,0.12903225806451613,True
ecb,rgdp,real_gdp_yoy,2012,4,2012,2012,current_year,0.0,,TN1_0|FN1_0TN0_6|FN0_5TN0_1|F0_0T0_4|F0_5T0_9|F1_0T1_4|F1_5T1_9|F2_0T2_4|F2_5T2_9|F3_0T3_4|F3_5T3_9|F4_0,3.0,50,0.0,0.0,0.0,0,0,0.0,0.0,False
ecb,rgdp,real_gdp_yoy,2012,4,2012,2012,current_year,0.0,,TN1_0|FN1_0TN0_6|FN0_5TN0_1|F0_0T0_4|F0_5T0_9|F1_0T1_4|F1_5T1_9|F2_0T2_4|F2_5T2_9|F3_0T3_4|F3_5T3_9|F4_0,4.0,50,0.0,0.0,0.0,0,0,0.0,0.0,False
ecb,rgdp,real_gdp_yoy,2012,4,2012,2012,current_year,0.0,,TN1_0|FN1_0TN0_6|FN0_5TN0_1|F0_0T0_4|F0_5T0_9|F1_0T1_4|F1_5T1_9|F2_0T2_4|F2_5T2_9|F3_0T3_4|F3_5T3_9|F4_0,5.0,50,0.0,0.0,,0,0,0.0,0.0,True
ecb,rgdp,real_gdp_yoy,2012,4,2012,2012,current_year,0.0,,TN1_0|FN1_0TN0_6|FN0_5TN0_1|F0_0T0_4|F0_5T0_9|F1_0T1_4|F1_5T1_9|F2_0T2_4|F2_5T2_9|F3_0T3_4|F3_5T3_9|F4_0,10.0,50,0.0,0.0,,0,0,0.0,0.0,True
ecb,rgdp,real_gdp_yoy,2012,4,2013,2013,next_year,1.0,,TN1_0|FN1_0TN0_6|FN0_5TN0_1|F0_0T0_4|F0_5T0_9|F1_0T1_4|F1_5T1_9|F2_0T2_4|F2_5T2_9|F3_0T3_4|F3_5T3_9|F4_0,3.0,49,0.0007248349222040817,0.0007248349222040817,0.0007248349222040817,6,6,0.12244897959183673,0.12244897959183673,False
ecb,rgdp,real_gdp_yoy,2012,4,2013,2013,next_year,1.0,,TN1_0|FN1_0TN0_6|FN0_5TN0_1|F0_0T0_4|F0_5T0_9|F1_0T1_4|F1_5T1_9|F2_0T2_4|F2_5T2_9|F3_0T3_4|F3_5T3_9|F4_0,4.0,49,1.132639393877551e-05,1.132639393877551e-05,1.132639393877551e-05,4,4,0.08163265306122448,0.08163265306122448,False
ecb,rgdp,real_gdp_yoy,2012,4,2013,2013,next_year,1.0,,TN1_0|FN1_0TN0_6|FN0_5TN0_1|F0_0T0_4|F0_5T0_9|F1_0T1_4|F1_5T1_9|F2_0T2_4|F2_5T2_9|F3_0T3_4|F3_5T3_9|F4_0,5.0,49,0.0,1.132639393877551e-05,,0,4,0.0,0.08163265306122448,True
ecb,rgdp,real_gdp_yoy,2012,4,2013,2013,next_year,1.0,,TN1_0|FN1_0TN0_6|FN0_5TN0_1|F0_0T0_4|F0_5T0_9|F1_0T1_4|F1_5T1_9|F2_0T2_4|F2_5T2_9|F3_0T3_4|F3_5T3_9|F4_0,10.0,49,0.0,1.132639393877551e-05,,0,4,0.0,0.08163265306122448,True
ecb,rgdp,real_gdp_yoy,2012,4,2014,2014,year_after_next,2.0,,TN1_0|FN1_0TN0_6|FN0_5TN0_1|F0_0T0_4|F0_5T0_9|F1_0T1_4|F1_5T1_9|F2_0T2_4|F2_5T2_9|F3_0T3_4|F3_5T3_9|F4_0,3.0,42,0.026089424889880947,0.026089424889880947,0.026089424889880947,16,16,0.38095238095238093,0.38095238095238093,False
ecb,rgdp,real_gdp_yoy,2012,4,2014,2014,year_after_next,2.0,,TN1_0|FN1_0TN0_6|FN0_5TN0_1|F0_0T0_4|F0_5T0_9|F1_0T1_4|F1_5T1_9|F2_0T2_4|F2_5T2_9|F3_0T3_4|F3_5T3_9|F4_0,4.0,42,0.002058991087142857,0.002058991087142857,0.002058991087142857,5,5,0.11904761904761904,0.11904761904761904,False
ecb,rgdp,real_gdp_yoy,2012,4,2014,2014,year_after_next,2.0,,TN1_0|FN1_0TN0_6|FN0_5TN0_1|F0_0T0_4|F0_5T0_9|F1_0T1_4|F1_5T1_9|F2_0T2_4|F2_5T2_9|F3_0T3_4|F3_5T3_9|F4_0,5.0,42,0.0,0.002058991087142857,,0,5,0.0,0.11904761904761904,True
ecb,rgdp,real_gdp_yoy,2012,4,2014,2014,year_after_next,2.0,,TN1_0|FN1_0TN0_6|FN0_5TN0_1|F0_0T0_4|F0_5T0_9|F1_0T1_4|F1_5T1_9|F2_0T2_4|F2_5T2_9|F3_0T3_4|F3_5T3_9|F4_0,10.0,42,0.0,0.002058991087142857,,0,5,0.0,0.11904761904761904,True
ecb,rgdp,real_gdp_yoy,2012,4,2017,2017,longer_term,5.0,,TN1_0|FN1_0TN0_6|FN0_5TN0_1|F0_0T0_4|F0_5T0_9|F1_0T1_4|F1_5T1_9|F2_0T2_4|F2_5T2_9|F3_0T3_4|F3_5T3_9|F4_0,3.0,39,0.06819237549594873,0.06819237549594873,0.06819237549594873,24,24,0.6153846153846154,0.6153846153846154,False
ecb,rgdp,real_gdp_yoy,2012,4,2017,2017,longer_term,5.0,,TN1_0|FN1_0TN0_6|FN0_5TN0_1|F0_0T0_4|F0_5T0_9|F1_0T1_4|F1_5T1_9|F2_0T2_4|F2_5T2_9|F3_0T3_4|F3_5T3_9|F4_0,4.0,39,0.008327552366102565,0.008327552366102565,0.008327552366102565,11,11,0.28205128205128205,0.28205128205128205,False
ecb,rgdp,real_gdp_yoy,2012,4,2017,2017,longer_term,5.0,,TN1_0|FN1_0TN0_6|FN0_5TN0_1|F0_0T0_4|F0_5T0_9|F1_0T1_4|F1_5T1_9|F2_0T2_4|F2_5T2_9|F3_0T3_4|F3_5T3_9|F4_0,5.0,39,0.0,0.008327552366102565,,0,11,0.0,0.28205128205128205,True
ecb,rgdp,real_gdp_yoy,2012,4,2017,2017,longer_term,5.0,,TN1_0|FN1_0TN0_6|FN0_5TN0_1|F0_0T0_4|F0_5T0_9|F1_0T1_4|F1_5T1_9|F2_0T2_4|F2_5T2_9|F3_0T3_4|F3_5T3_9|F4_0,10.0,39,0.0,0.008327552366102565,,0,11,0.0,0.28205128205128205,True
ecb,rgdp,real_gdp_yoy,2012,4,,2013Q2,rolling_1y,1.0,,TN1_0|FN1_0TN0_6|FN0_5TN0_1|F0_0T0_4|F0_5T0_9|F1_0T1_4|F1_5T1_9|F2_0T2_4|F2_5T2_9|F3_0T3_4|F3_5T3_9|F4_0,3.0,38,0.002427857441763158,0.002427857441763158,0.002427857441763158,6,6,0.15789473684210525,0.15789473684210525,False
ecb,rgdp,real_gdp_yoy,2012,4,,2013Q2,rolling_1y,1.0,,TN1_0|FN1_0TN0_6|FN0_5TN0_1|F0_0T0_4|F0_5T0_9|F1_0T1_4|F1_5T1_9|F2_0T2_4|F2_5T2_9|F3_0T3_4|F3_5T3_9|F4_0,4.0,38,0.00016304835189473685,0.00016304835189473685,0.00016304835189473685,4,4,0.10526315789473684,0.10526315789473684,False
ecb,rgdp,real_gdp_yoy,2012,4,,2013Q2,rolling_1y,1.0,,TN1_0|FN1_0TN0_6|FN0_5TN0_1|F0_0T0_4|F0_5T0_9|F1_0T1_4|F1_5T1_9|F2_0T2_4|F2_5T2_9|F3_0T3_4|F3_5T3_9|F4_0,5.0,38,0.0,0.00016304835189473685,,0,4,0.0,0.10526315789473684,True
ecb,rgdp,real_gdp_yoy,2012,4,,2013Q2,rolling_1y,1.0,,TN1_0|FN1_0TN0_6|FN0_5TN0_1|F0_0T0_4|F0_5T0_9|F1_0T1_4|F1_5T1_9|F2_0T2_4|F2_5T2_9|F3_0T3_4|F3_5T3_9|F4_0,10.0,38,0.0,0.00016304835189473685,,0,4,0.0,0.10526315789473684,True
ecb,rgdp,real_gdp_yoy,2012,4,,2014Q2,rolling_2y,2.0,,TN1_0|FN1_0TN0_6|FN0_5TN0_1|F0_0T0_4|F0_5T0_9|F1_0T1_4|F1_5T1_9|F2_0T2_4|F2_5T2_9|F3_0T3_4|F3_5T3_9|F4_0,3.0,33,0.026785651213424244,0.026785651213424244,0.02678565121342424,13,13,0.3939393939393939,0.3939393939393939,False
ecb,rgdp,real_gdp_yoy,2012,4,,2014Q2,rolling_2y,2.0,,TN1_0|FN1_0TN0_6|FN0_5TN0_1|F0_0T0_4|F0_5T0_9|F1_0T1_4|F1_5T1_9|F2_0T2_4|F2_5T2_9|F3_0T3_4|F3_5T3_9|F4_0,4.0,33,0.001900952353939394,0.001900952353939394,0.001900952353939394,5,5,0.15151515151515152,0.15151515151515152,False
ecb,rgdp,real_gdp_yoy,2012,4,,2014Q2,rolling_2y,2.0,,TN1_0|FN1_0TN0_6|FN0_5TN0_1|F0_0T0_4|F0_5T0_9|F1_0T1_4|F1_5T1_9|F2_0T2_4|F2_5T2_9|F3_0T3_4|F3_5T3_9|F4_0,5.0,33,0.0,0.001900952353939394,,0,5,0.0,0.15151515151515152,True
ecb,rgdp,real_gdp_yoy,2012,4,,2014Q2,rolling_2y,2.0,,TN1_0|FN1_0TN0_6|FN0_5TN0_1|F0_0T0_4|F0_5T0_9|F1_0T1_4|F1_5T1_9|F2_0T2_4|F2_5T2_9|F3_0T3_4|F3_5T3_9|F4_0,10.0,33,0.0,0.001900952353939394,,0,5,0.0,0.15151515151515152,True
ecb,rgdp,real_gdp_yoy,2013,1,2013,2013,current_year,0.0,,TN1_0|FN1_0TN0_6|FN0_5TN0_1|F0_0T0_4|F0_5T0_9|F1_0T1_4|F1_5T1_9|F2_0T2_4|F2_5T2_9|F3_0T3_4|F3_5T3_9|F4_0,3.0,49,0.0002777042202244898,0.0002777042202244898,0.0002777042202244898,5,5,0.10204081632653061,0.10204081632653061,False
ecb,rgdp,real_gdp_yoy,2013,1,2013,2013,current_year,0.0,,TN1_0|FN1_0TN0_6|FN0_5TN0_1|F0_0T0_4|F0_5T0_9|F1_0T1_4|F1_5T1_9|F2_0T2_4|F2_5T2_9|F3_0T3_4|F3_5T3_9|F4_0,4.0,49,1.7548225632653063e-05,1.7548225632653063e-05,1.7548225632653063e-05,4,4,0.08163265306122448,0.08163265306122448,False
ecb,rgdp,real_gdp_yoy,2013,1,2013,2013,current_year,0.0,,TN1_0|FN1_0TN0_6|FN0_5TN0_1|F0_0T0_4|F0_5T0_9|F1_0T1_4|F1_5T1_9|F2_0T2_4|F2_5T2_9|F3_0T3_4|F3_5T3_9|F4_0,5.0,49,0.0,1.7548225632653063e-05,,0,4,0.0,0.08163265306122448,True
ecb,rgdp,real_gdp_yoy,2013,1,2013,2013,current_year,0.0,,TN1_0|FN1_0TN0_6|FN0_5TN0_1|F0_0T0_4|F0_5T0_9|F1_0T1_4|F1_5T1_9|F2_0T2_4|F2_5T2_9|F3_0T3_4|F3_5T3_9|F4_0,10.0,49,0.0,1.7548225632653063e-05,,0,4,0.0,0.08163265306122448,True
ecb,rgdp,real_gdp_yoy,2013,1,2014,2014,next_year,1.0,,TN1_0|FN1_0TN0_6|FN0_5TN0_1|F0_0T0_4|F0_5T0_9|F1_0T1_4|F1_5T1_9|F2_0T2_4|F2_5T2_9|F3_0T3_4|F3_5T3_9|F4_0,3.0,49,0.011769723046632654,0.011769723046632654,0.011769723046632654,13,13,0.2653061224489796,0.2653061224489796,False
ecb,rgdp,real_gdp_yoy,2013,1,2014,2014,next_year,1.0,,TN1_0|FN1_0TN0_6|FN0_5TN0_1|F0_0T0_4|F0_5T0_9|F1_0T1_4|F1_5T1_9|F2_0T2_4|F2_5T2_9|F3_0T3_4|F3_5T3_9|F4_0,4.0,49,0.0007545296369795919,0.0007545296369795919,0.0007545296369795919,4,4,0.08163265306122448,0.08163265306122448,False
ecb,rgdp,real_gdp_yoy,2013,1,2014,2014,next_year,1.0,,TN1_0|FN1_0TN0_6|FN0_5TN0_1|F0_0T0_4|F0_5T0_9|F1_0T1_4|F1_5T1_9|F2_0T2_4|F2_5T2_9|F3_0T3_4|F3_5T3_9|F4_0,5.0,49,0.0,0.0007545296369795919,,0,4,0.0,0.08163265306122448,True
ecb,rgdp,real_gdp_yoy,2013,1,2014,2014,next_year,1.0,,TN1_0|FN1_0TN0_6|FN0_5TN0_1|F0_0T0_4|F0_5T0_9|F1_0T1_4|F1_5T1_9|F2_0T2_4|F2_5T2_9|F3_0T3_4|F3_5T3_9|F4_0,10.0,49,0.0,0.0007545296369795919,,0,4,0.0,0.08163265306122448,True
ecb,rgdp,real_gdp_yoy,2013,1,2015,2015,year_after_next,2.0,,TN1_0|FN1_0TN0_6|FN0_5TN0_1|F0_0T0_4|F0_5T0_9|F1_0T1_4|F1_5T1_9|F2_0T2_4|F2_5T2_9|F3_0T3_4|F3_5T3_9|F4_0,3.0,42,0.04961392581799999,0.04961392581799999,0.04961392581799999,18,18,0.42857142857142855,0.42857142857142855,False
ecb,rgdp,real_gdp_yoy,2013,1,2015,2015,year_after_next,2.0,,TN1_0|FN1_0TN0_6|FN0_5TN0_1|F0_0T0_4|F0_5T0_9|F1_0T1_4|F1_5T1_9|F2_0T2_4|F2_5T2_9|F3_0T3_4|F3_5T3_9|F4_0,4.0,42,0.0065383473645,0.0065383473645,0.0065383473645,7,7,0.16666666666666666,0.16666666666666666,False
ecb,rgdp,real_gdp_yoy,2013,1,2015,2015,year_after_next,2.0,,TN1_0|FN1_0TN0_6|FN0_5TN0_1|F0_0T0_4|F0_5T0_9|F1_0T1_4|F1_5T1_9|F2_0T2_4|F2_5T2_9|F3_0T3_4|F3_5T3_9|F4_0,5.0,42,0.0,0.0065383473645,,0,7,0.0,0.16666666666666666,True
ecb,rgdp,real_gdp_yoy,2013,1,2015,2015,year_after_next,2.0,,TN1_0|FN1_0TN0_6|FN0_5TN0_1|F0_0T0_4|F0_5T0_9|F1_0T1_4|F1_5T1_9|F2_0T2_4|F2_5T2_9|F3_0T3_4|F3_5T3_9|F4_0,10.0,42,0.0,0.0065383473645,,0,7,0.0,0.16666666666666666,True
ecb,rgdp,real_gdp_yoy,2013,1,2017,2017,longer_term,4.0,,TN1_0|FN1_0TN0_6|FN0_5TN0_1|F0_0T0_4|F0_5T0_9|F1_0T1_4|F1_5T1_9|F2_0T2_4|F2_5T2_9|F3_0T3_4|F3_5T3_9|F4_0,3.0,41,0.06690670524863414,0.06690670524863414,0.06690670524863414,27,27,0.6585365853658537,0.6585365853658537,False
ecb,rgdp,real_gdp_yoy,2013,1,2017,2017,longer_term,4.0,,TN1_0|FN1_0TN0_6|FN0_5TN0_1|F0_0T0_4|F0_5T0_9|F1_0T1_4|F1_5T1_9|F2_0T2_4|F2_5T2_9|F3_0T3_4|F3_5T3_9|F4_0,4.0,41,0.0058654032851707325,0.0058654032851707325,0.0058654032851707325,13,13,0.3170731707317073,0.3170731707317073,False
ecb,rgdp,real_gdp_yoy,2013,1,2017,2017,longer_term,4.0,,TN1_0|FN1_0TN0_6|FN0_5TN0_1|F0_0T0_4|F0_5T0_9|F1_0T1_4|F1_5T1_9|F2_0T2_4|F2_5T2_9|F3_0T3_4|F3_5T3_9|F4_0,5.0,41,0.0,0.0058654032851707325,,0,13,0.0,0.3170731707317073,True
ecb,rgdp,real_gdp_yoy,2013,1,2017,2017,longer_term,4.0,,TN1_0|FN1_0TN0_6|FN0_5TN0_1|F0_0T0_4|F0_5T0_9|F1_0T1_4|F1_5T1_9|F2_0T2_4|F2_5T2_9|F3_0T3_4|F3_5T3_9|F4_0,10.0,41,0.0,0.0058654032851707325,,0,13,0.0,0.3170731707317073,True
ecb,rgdp,real_gdp_yoy,2013,1,,2013Q3,rolling_1y,1.0,,TN1_0|FN1_0TN0_6|FN0_5TN0_1|F0_0T0_4|F0_5T0_9|F1_0T1_4|F1_5T1_9|F2_0T2_4|F2_5T2_9|F3_0T3_4|F3_5T3_9|F4_0,3.0,38,0.0008000200387368421,0.0008000200387368421,0.0008000200387368421,5,5,0.13157894736842105,0.13157894736842105,False
ecb,rgdp,real_gdp_yoy,2013,1,,2013Q3,rolling_1y,1.0,,TN1_0|FN1_0TN0_6|FN0_5TN0_1|F0_0T0_4|F0_5T0_9|F1_0T1_4|F1_5T1_9|F2_0T2_4|F2_5T2_9|F3_0T3_4|F3_5T3_9|F4_0,4.0,38,3.747955060526316e-05,3.747955060526316e-05,3.747955060526316e-05,3,3,0.07894736842105263,0.07894736842105263,False
ecb,rgdp,real_gdp_yoy,2013,1,,2013Q3,rolling_1y,1.0,,TN1_0|FN1_0TN0_6|FN0_5TN0_1|F0_0T0_4|F0_5T0_9|F1_0T1_4|F1_5T1_9|F2_0T2_4|F2_5T2_9|F3_0T3_4|F3_5T3_9|F4_0,5.0,38,0.0,3.747955060526316e-05,,0,3,0.0,0.07894736842105263,True
ecb,rgdp,real_gdp_yoy,2013,1,,2013Q3,rolling_1y,1.0,,TN1_0|FN1_0TN0_6|FN0_5TN0_1|F0_0T0_4|F0_5T0_9|F1_0T1_4|F1_5T1_9|F2_0T2_4|F2_5T2_9|F3_0T3_4|F3_5T3_9|F4_0,10.0,38,0.0,3.747955060526316e-05,,0,3,0.0,0.07894736842105263,True
ecb,rgdp,real_gdp_yoy,2013,1,,2014Q3,rolling_2y,2.0,,TN1_0|FN1_0TN0_6|FN0_5TN0_1|F0_0T0_4|F0_5T0_9|F1_0T1_4|F1_5T1_9|F2_0T2_4|F2_5T2_9|F3_0T3_4|F3_5T3_9|F4_0,3.0,37,0.014761892614486488,0.014761892614486488,0.014761892614486488,13,13,0.35135135135135137,0.35135135135135137,False
ecb,rgdp,real_gdp_yoy,2013,1,,2014Q3,rolling_2y,2.0,,TN1_0|FN1_0TN0_6|FN0_5TN0_1|F0_0T0_4|F0_5T0_9|F1_0T1_4|F1_5T1_9|F2_0T2_4|F2_5T2_9|F3_0T3_4|F3_5T3_9|F4_0,4.0,37,0.0008000532114324323,0.0008000532114324323,0.0008000532114324323,4,4,0.10810810810810811,0.10810810810810811,False
ecb,rgdp,real_gdp_yoy,2013,1,,2014Q3,rolling_2y,2.0,,TN1_0|FN1_0TN0_6|FN0_5TN0_1|F0_0T0_4|F0_5T0_9|F1_0T1_4|F1_5T1_9|F2_0T2_4|F2_5T2_9|F3_0T3_4|F3_5T3_9|F4_0,5.0,37,0.0,0.0008000532114324323,,0,4,0.0,0.10810810810810811,True
ecb,rgdp,real_gdp_yoy,2013,1,,2014Q3,rolling_2y,2.0,,TN1_0|FN1_0TN0_6|FN0_5TN0_1|F0_0T0_4|F0_5T0_9|F1_0T1_4|F1_5T1_9|F2_0T2_4|F2_5T2_9|F3_0T3_4|F3_5T3_9|F4_0,10.0,37,0.0,0.0008000532114324323,,0,4,0.0,0.10810810810810811,True
ecb,rgdp,real_gdp_yoy,2013,2,2013,2013,current_year,0.0,,TN1_0|FN1_0TN0_6|FN0_5TN0_1|F0_0T0_4|F0_5T0_9|F1_0T1_4|F1_5T1_9|F2_0T2_4|F2_5T2_9|F3_0T3_4|F3_5T3_9|F4_0,3.0,47,8.260617361702128e-06,8.260617361702128e-06,8.260617361702128e-06,2,2,0.0425531914893617,0.0425531914893617,False
ecb,rgdp,real_gdp_yoy,2013,2,2013,2013,current_year,0.0,,TN1_0|FN1_0TN0_6|FN0_5TN0_1|F0_0T0_4|F0_5T0_9|F1_0T1_4|F1_5T1_9|F2_0T2_4|F2_5T2_9|F3_0T3_4|F3_5T3_9|F4_0,4.0,47,8.471734042553193e-08,8.471734042553193e-08,8.471734042553193e-08,1,1,0.02127659574468085,0.02127659574468085,False
ecb,rgdp,real_gdp_yoy,2013,2,2013,2013,current_year,0.0,,TN1_0|FN1_0TN0_6|FN0_5TN0_1|F0_0T0_4|F0_5T0_9|F1_0T1_4|F1_5T1_9|F2_0T2_4|F2_5T2_9|F3_0T3_4|F3_5T3_9|F4_0,5.0,47,0.0,8.471734042553193e-08,,0,1,0.0,0.02127659574468085,True
ecb,rgdp,real_gdp_yoy,2013,2,2013,2013,current_year,0.0,,TN1_0|FN1_0TN0_6|FN0_5TN0_1|F0_0T0_4|F0_5T0_9|F1_0T1_4|F1_5T1_9|F2_0T2_4|F2_5T2_9|F3_0T3_4|F3_5T3_9|F4_0,10.0,47,0.0,8.471734042553193e-08,,0,1,0.0,0.02127659574468085,True
ecb,rgdp,real_gdp_yoy,2013,2,2014,2014,next_year,1.0,,TN1_0|FN1_0TN0_6|FN0_5TN0_1|F0_0T0_4|F0_5T0_9|F1_0T1_4|F1_5T1_9|F2_0T2_4|F2_5T2_9|F3_0T3_4|F3_5T3_9|F4_0,3.0,47,0.011311375815553193,0.011311375815553193,0.011311375815553193,11,11,0.23404255319148937,0.23404255319148937,False
ecb,rgdp,real_gdp_yoy,2013,2,2014,2014,next_year,1.0,,TN1_0|FN1_0TN0_6|FN0_5TN0_1|F0_0T0_4|F0_5T0_9|F1_0T1_4|F1_5T1_9|F2_0T2_4|F2_5T2_9|F3_0T3_4|F3_5T3_9|F4_0,4.0,47,0.0009963669817021276,0.0009963669817021276,0.0009963669817021276,4,4,0.0851063829787234,0.0851063829787234,False
ecb,rgdp,real_gdp_yoy,2013,2,2014,2014,next_year,1.0,,TN1_0|FN1_0TN0_6|FN0_5TN0_1|F0_0T0_4|F0_5T0_9|F1_0T1_4|F1_5T1_9|F2_0T2_4|F2_5T2_9|F3_0T3_4|F3_5T3_9|F4_0,5.0,47,0.0,0.0009963669817021276,,0,4,0.0,0.0851063829787234,True
ecb,rgdp,real_gdp_yoy,2013,2,2014,2014,next_year,1.0,,TN1_0|FN1_0TN0_6|FN0_5TN0_1|F0_0T0_4|F0_5T0_9|F1_0T1_4|F1_5T1_9|F2_0T2_4|F2_5T2_9|F3_0T3_4|F3_5T3_9|F4_0,10.0,47,0.0,0.0009963669817021276,,0,4,0.0,0.0851063829787234,True
ecb,rgdp,real_gdp_yoy,2013,2,2015,2015,year_after_next,2.0,,TN1_0|FN1_0TN0_6|FN0_5TN0_1|F0_0T0_4|F0_5T0_9|F1_0T1_4|F1_5T1_9|F2_0T2_4|F2_5T2_9|F3_0T3_4|F3_5T3_9|F4_0,3.0,40,0.050875357403,0.050875357403,0.050875357403,18,18,0.45,0.45,False
ecb,rgdp,real_gdp_yoy,2013,2,2015,2015,year_after_next,2.0,,TN1_0|FN1_0TN0_6|FN0_5TN0_1|F0_0T0_4|F0_5T0_9|F1_0T1_4|F1_5T1_9|F2_0T2_4|F2_5T2_9|F3_0T3_4|F3_5T3_9|F4_0,4.0,40,0.005447176497425,0.005447176497425,0.005447176497425,5,5,0.125,0.125,False
ecb,rgdp,real_gdp_yoy,2013,2,2015,2015,year_after_next,2.0,,TN1_0|FN1_0TN0_6|FN0_5TN0_1|F0_0T0_4|F0_5T0_9|F1_0T1_4|F1_5T1_9|F2_0T2_4|F2_5T2_9|F3_0T3_4|F3_5T3_9|F4_0,5.0,40,0.0,0.005447176497425,,0,5,0.0,0.125,True
ecb,rgdp,real_gdp_yoy,2013,2,2015,2015,year_after_next,2.0,,TN1_0|FN1_0TN0_6|FN0_5TN0_1|F0_0T0_4|F0_5T0_9|F1_0T1_4|F1_5T1_9|F2_0T2_4|F2_5T2_9|F3_0T3_4|F3_5T3_9|F4_0,10.0,40,0.0,0.005447176497425,,0,5,0.0,0.125,True
ecb,rgdp,real_gdp_yoy,2013,2,2017,2017,longer_term,4.0,,TN1_0|FN1_0TN0_6|FN0_5TN0_1|F0_0T0_4|F0_5T0_9|F1_0T1_4|F1_5T1_9|F2_0T2_4|F2_5T2_9|F3_0T3_4|F3_5T3_9|F4_0,3.0,38,0.0681390100146579,0.0681390100146579,0.0681390100146579,26,26,0.6842105263157895,0.6842105263157895,False
ecb,rgdp,real_gdp_yoy,2013,2,2017,2017,longer_term,4.0,,TN1_0|FN1_0TN0_6|FN0_5TN0_1|F0_0T0_4|F0_5T0_9|F1_0T1_4|F1_5T1_9|F2_0T2_4|F2_5T2_9|F3_0T3_4|F3_5T3_9|F4_0,4.0,38,0.00466164284668421,0.00466164284668421,0.00466164284668421,10,10,0.2631578947368421,0.2631578947368421,False
ecb,rgdp,real_gdp_yoy,2013,2,2017,2017,longer_term,4.0,,TN1_0|FN1_0TN0_6|FN0_5TN0_1|F0_0T0_4|F0_5T0_9|F1_0T1_4|F1_5T1_9|F2_0T2_4|F2_5T2_9|F3_0T3_4|F3_5T3_9|F4_0,5.0,38,0.0,0.00466164284668421,,0,10,0.0,0.2631578947368421,True
ecb,rgdp,real_gdp_yoy,2013,2,2017,2017,longer_term,4.0,,TN1_0|FN1_0TN0_6|FN0_5TN0_1|F0_0T0_4|F0_5T0_9|F1_0T1_4|F1_5T1_9|F2_0T2_4|F2_5T2_9|F3_0T3_4|F3_5T3_9|F4_0,10.0,38,0.0,0.00466164284668421,,0,10,0.0,0.2631578947368421,True
ecb,rgdp,real_gdp_yoy,2013,2,,2013Q4,rolling_1y,1.0,,TN1_0|FN1_0TN0_6|FN0_5TN0_1|F0_0T0_4|F0_5T0_9|F1_0T1_4|F1_5T1_9|F2_0T2_4|F2_5T2_9|F3_0T3_4|F3_5T3_9|F4_0,3.0,39,0.001450026327205128,0.001450026327205128,0.001450026327205128,3,3,0.07692307692307693,0.07692307692307693,False
ecb,rgdp,real_gdp_yoy,2013,2,,2013Q4,rolling_1y,1.0,,TN1_0|FN1_0TN0_6|FN0_5TN0_1|F0_0T0_4|F0_5T0_9|F1_0T1_4|F1_5T1_9|F2_0T2_4|F2_5T2_9|F3_0T3_4|F3_5T3_9|F4_0,4.0,39,0.0001156657026153846,0.0001156657026153846,0.0001156657026153846,2,2,0.05128205128205128,0.05128205128205128,False
ecb,rgdp,real_gdp_yoy,2013,2,,2013Q4,rolling_1y,1.0,,TN1_0|FN1_0TN0_6|FN0_5TN0_1|F0_0T0_4|F0_5T0_9|F1_0T1_4|F1_5T1_9|F2_0T2_4|F2_5T2_9|F3_0T3_4|F3_5T3_9|F4_0,5.0,39,0.0,0.0001156657026153846,,0,2,0.0,0.05128205128205128,True
ecb,rgdp,real_gdp_yoy,2013,2,,2013Q4,rolling_1y,1.0,,TN1_0|FN1_0TN0_6|FN0_5TN0_1|F0_0T0_4|F0_5T0_9|F1_0T1_4|F1_5T1_9|F2_0T2_4|F2_5T2_9|F3_0T3_4|F3_5T3_9|F4_0,10.0,39,0.0,0.0001156657026153846,,0,2,0.0,0.05128205128205128,True
ecb,rgdp,real_gdp_yoy,2013,2,,2014Q4,rolling_2y,2.0,,TN1_0|FN1_0TN0_6|FN0_5TN0_1|F0_0T0_4|F0_5T0_9|F1_0T1_4|F1_5T1_9|F2_0T2_4|F2_5T2_9|F3_0T3_4|F3_5T3_9|F4_0,3.0,39,0.020573937147025642,0.020573937147025642,0.020573937147025642,15,15,0.38461538461538464,0.38461538461538464,False
ecb,rgdp,real_gdp_yoy,2013,2,,2014Q4,rolling_2y,2.0,,TN1_0|FN1_0TN0_6|FN0_5TN0_1|F0_0T0_4|F0_5T0_9|F1_0T1_4|F1_5T1_9|F2_0T2_4|F2_5T2_9|F3_0T3_4|F3_5T3_9|F4_0,4.0,39,0.0017066703602051285,0.0017066703602051285,0.0017066703602051285,4,4,0.10256410256410256,0.10256410256410256,False
ecb,rgdp,real_gdp_yoy,2013,2,,2014Q4,rolling_2y,2.0,,TN1_0|FN1_0TN0_6|FN0_5TN0_1|F0_0T0_4|F0_5T0_9|F1_0T1_4|F1_5T1_9|F2_0T2_4|F2_5T2_9|F3_0T3_4|F3_5T3_9|F4_0,5.0,39,0.0,0.0017066703602051285,,0,4,0.0,0.10256410256410256,True
ecb,rgdp,real_gdp_yoy,2013,2,,2014Q4,rolling_2y,2.0,,TN1_0|FN1_0TN0_6|FN0_5TN0_1|F0_0T0_4|F0_5T0_9|F1_0T1_4|F1_5T1_9|F2_0T2_4|F2_5T2_9|F3_0T3_4|F3_5T3_9|F4_0,10.0,39,0.0,0.0017066703602051285,,0,4,0.0,0.10256410256410256,True
ecb,rgdp,real_gdp_yoy,2013,3,2013,2013,current_year,0.0,,TN1_0|FN1_0TN0_6|FN0_5TN0_1|F0_0T0_4|F0_5T0_9|F1_0T1_4|F1_5T1_9|F2_0T2_4|F2_5T2_9|F3_0T3_4|F3_5T3_9|F4_0,3.0,46,0.001087339207978261,0.001087339207978261,0.001087339207978261,4,4,0.08695652173913043,0.08695652173913043,False
ecb,rgdp,real_gdp_yoy,2013,3,2013,2013,current_year,0.0,,TN1_0|FN1_0TN0_6|FN0_5TN0_1|F0_0T0_4|F0_5T0_9|F1_0T1_4|F1_5T1_9|F2_0T2_4|F2_5T2_9|F3_0T3_4|F3_5T3_9|F4_0,4.0,46,0.00043478391921739133,0.00043478391921739133,0.00043478391921739133,2,2,0.043478260869565216,0.043478260869565216,False
ecb,rgdp,real_gdp_yoy,2013,3,2013,2013,current_year,0.0,,TN1_0|FN1_0TN0_6|FN0_5TN0_1|F0_0T0_4|F0_5T0_9|F1_0T1_4|F1_5T1_9|F2_0T2_4|F2_5T2_9|F3_0T3_4|F3_5T3_9|F4_0,5.0,46,0.0,0.00043478391921739133,,0,2,0.0,0.043478260869565216,True
ecb,rgdp,real_gdp_yoy,2013,3,2013,2013,current_year,0.0,,TN1_0|FN1_0TN0_6|FN0_5TN0_1|F0_0T0_4|F0_5T0_9|F1_0T1_4|F1_5T1_9|F2_0T2_4|F2_5T2_9|F3_0T3_4|F3_5T3_9|F4_0,10.0,46,0.0,0.00043478391921739133,,0,2,0.0,0.043478260869565216,True
ecb,rgdp,real_gdp_yoy,2013,3,2014,2014,next_year,1.0,,TN1_0|FN1_0TN0_6|FN0_5TN0_1|F0_0T0_4|F0_5T0_9|F1_0T1_4|F1_5T1_9|F2_0T2_4|F2_5T2_9|F3_0T3_4|F3_5T3_9|F4_0,3.0,45,0.006184300605777778,0.006184300605777778,0.006184300605777778,7,7,0.15555555555555556,0.15555555555555556,False
ecb,rgdp,real_gdp_yoy,2013,3,2014,2014,next_year,1.0,,TN1_0|FN1_0TN0_6|FN0_5TN0_1|F0_0T0_4|F0_5T0_9|F1_0T1_4|F1_5T1_9|F2_0T2_4|F2_5T2_9|F3_0T3_4|F3_5T3_9|F4_0,4.0,45,0.0006336707424,0.0006336707424,0.0006336707424,5,5,0.1111111111111111,0.1111111111111111,False
ecb,rgdp,real_gdp_yoy,2013,3,2014,2014,next_year,1.0,,TN1_0|FN1_0TN0_6|FN0_5TN0_1|F0_0T0_4|F0_5T0_9|F1_0T1_4|F1_5T1_9|F2_0T2_4|F2_5T2_9|F3_0T3_4|F3_5T3_9|F4_0,5.0,45,0.0,0.0006336707424,,0,5,0.0,0.1111111111111111,True
ecb,rgdp,real_gdp_yoy,2013,3,2014,2014,next_year,1.0,,TN1_0|FN1_0TN0_6|FN0_5TN0_1|F0_0T0_4|F0_5T0_9|F1_0T1_4|F1_5T1_9|F2_0T2_4|F2_5T2_9|F3_0T3_4|F3_5T3_9|F4_0,10.0,45,0.0,0.0006336707424,,0,5,0.0,0.1111111111111111,True
ecb,rgdp,real_gdp_yoy,2013,3,2015,2015,year_after_next,2.0,,TN1_0|FN1_0TN0_6|FN0_5TN0_1|F0_0T0_4|F0_5T0_9|F1_0T1_4|F1_5T1_9|F2_0T2_4|F2_5T2_9|F3_0T3_4|F3_5T3_9|F4_0,3.0,37,0.030676849514972977,0.030676849514972977,0.030676849514972977,16,16,0.43243243243243246,0.43243243243243246,False
ecb,rgdp,real_gdp_yoy,2013,3,2015,2015,year_after_next,2.0,,TN1_0|FN1_0TN0_6|FN0_5TN0_1|F0_0T0_4|F0_5T0_9|F1_0T1_4|F1_5T1_9|F2_0T2_4|F2_5T2_9|F3_0T3_4|F3_5T3_9|F4_0,4.0,37,0.002617837335324324,0.002617837335324324,0.002617837335324324,2,2,0.05405405405405406,0.05405405405405406,False
ecb,rgdp,real_gdp_yoy,2013,3,2015,2015,year_after_next,2.0,,TN1_0|FN1_0TN0_6|FN0_5TN0_1|F0_0T0_4|F0_5T0_9|F1_0T1_4|F1_5T1_9|F2_0T2_4|F2_5T2_9|F3_0T3_4|F3_5T3_9|F4_0,5.0,37,0.0,0.002617837335324324,,0,2,0.0,0.05405405405405406,True
ecb,rgdp,real_gdp_yoy,2013,3,2015,2015,year_after_next,2.0,,TN1_0|FN1_0TN0_6|FN0_5TN0_1|F0_0T0_4|F0_5T0_9|F1_0T1_4|F1_5T1_9|F2_0T2_4|F2_5T2_9|F3_0T3_4|F3_5T3_9|F4_0,10.0,37,0.0,0.002617837335324324,,0,2,0.0,0.05405405405405406,True
ecb,rgdp,real_gdp_yoy,2013,3,2018,2018,longer_term,5.0,,TN1_0|FN1_0TN0_6|FN0_5TN0_1|F0_0T0_4|F0_5T0_9|F1_0T1_4|F1_5T1_9|F2_0T2_4|F2_5T2_9|F3_0T3_4|F3_5T3_9|F4_0,3.0,33,0.06254313337169697,0.06254313337169697,0.06254313337169697,22,22,0.6666666666666666,0.6666666666666666,False
ecb,rgdp,real_gdp_yoy,2013,3,2018,2018,longer_term,5.0,,TN1_0|FN1_0TN0_6|FN0_5TN0_1|F0_0T0_4|F0_5T0_9|F1_0T1_4|F1_5T1_9|F2_0T2_4|F2_5T2_9|F3_0T3_4|F3_5T3_9|F4_0,4.0,33,0.003595870855090909,0.003595870855090909,0.003595870855090909,8,8,0.24242424242424243,0.24242424242424243,False
ecb,rgdp,real_gdp_yoy,2013,3,2018,2018,longer_term,5.0,,TN1_0|FN1_0TN0_6|FN0_5TN0_1|F0_0T0_4|F0_5T0_9|F1_0T1_4|F1_5T1_9|F2_0T2_4|F2_5T2_9|F3_0T3_4|F3_5T3_9|F4_0,5.0,33,0.0,0.003595870855090909,,0,8,0.0,0.24242424242424243,True
ecb,rgdp,real_gdp_yoy,2013,3,2018,2018,longer_term,5.0,,TN1_0|FN1_0TN0_6|FN0_5TN0_1|F0_0T0_4|F0_5T0_9|F1_0T1_4|F1_5T1_9|F2_0T2_4|F2_5T2_9|F3_0T3_4|F3_5T3_9|F4_0,10.0,33,0.0,0.003595870855090909,,0,8,0.0,0.24242424242424243,True
ecb,rgdp,real_gdp_yoy,2013,3,,2014Q1,rolling_1y,1.0,,TN1_0|FN1_0TN0_6|FN0_5TN0_1|F0_0T0_4|F0_5T0_9|F1_0T1_4|F1_5T1_9|F2_0T2_4|F2_5T2_9|F3_0T3_4|F3_5T3_9|F4_0,3.0,35,0.006768142711428571,0.006768142711428571,0.006768142711428571,8,8,0.22857142857142856,0.22857142857142856,False
ecb,rgdp,real_gdp_yoy,2013,3,,2014Q1,rolling_1y,1.0,,TN1_0|FN1_0TN0_6|FN0_5TN0_1|F0_0T0_4|F0_5T0_9|F1_0T1_4|F1_5T1_9|F2_0T2_4|F2_5T2_9|F3_0T3_4|F3_5T3_9|F4_0,4.0,35,0.002096035659714286,0.002096035659714286,0.002096035659714286,6,6,0.17142857142857143,0.17142857142857143,False
ecb,rgdp,real_gdp_yoy,2013,3,,2014Q1,rolling_1y,1.0,,TN1_0|FN1_0TN0_6|FN0_5TN0_1|F0_0T0_4|F0_5T0_9|F1_0T1_4|F1_5T1_9|F2_0T2_4|F2_5T2_9|F3_0T3_4|F3_5T3_9|F4_0,5.0,35,0.0,0.002096035659714286,,0,6,0.0,0.17142857142857143,True
ecb,rgdp,real_gdp_yoy,2013,3,,2014Q1,rolling_1y,1.0,,TN1_0|FN1_0TN0_6|FN0_5TN0_1|F0_0T0_4|F0_5T0_9|F1_0T1_4|F1_5T1_9|F2_0T2_4|F2_5T2_9|F3_0T3_4|F3_5T3_9|F4_0,10.0,35,0.0,0.002096035659714286,,0,6,0.0,0.17142857142857143,True
ecb,rgdp,real_gdp_yoy,2013,3,,2015Q1,rolling_2y,2.0,,TN1_0|FN1_0TN0_6|FN0_5TN0_1|F0_0T0_4|F0_5T0_9|F1_0T1_4|F1_5T1_9|F2_0T2_4|F2_5T2_9|F3_0T3_4|F3_5T3_9|F4_0,3.0,31,0.020445693753290323,0.020445693753290323,0.020445693753290323,12,12,0.3870967741935484,0.3870967741935484,False
ecb,rgdp,real_gdp_yoy,2013,3,,2015Q1,rolling_2y,2.0,,TN1_0|FN1_0TN0_6|FN0_5TN0_1|F0_0T0_4|F0_5T0_9|F1_0T1_4|F1_5T1_9|F2_0T2_4|F2_5T2_9|F3_0T3_4|F3_5T3_9|F4_0,4.0,31,0.001091546721483871,0.001091546721483871,0.001091546721483871,2,2,0.06451612903225806,0.06451612903225806,False
ecb,rgdp,real_gdp_yoy,2013,3,,2015Q1,rolling_2y,2.0,,TN1_0|FN1_0TN0_6|FN0_5TN0_1|F0_0T0_4|F0_5T0_9|F1_0T1_4|F1_5T1_9|F2_0T2_4|F2_5T2_9|F3_0T3_4|F3_5T3_9|F4_0,5.0,31,0.0,0.001091546721483871,,0,2,0.0,0.06451612903225806,True
ecb,rgdp,real_gdp_yoy,2013,3,,2015Q1,rolling_2y,2.0,,TN1_0|FN1_0TN0_6|FN0_5TN0_1|F0_0T0_4|F0_5T0_9|F1_0T1_4|F1_5T1_9|F2_0T2_4|F2_5T2_9|F3_0T3_4|F3_5T3_9|F4_0,10.0,31,0.0,0.001091546721483871,,0,2,0.0,0.06451612903225806,True
ecb,rgdp,real_gdp_yoy,2013,4,2013,2013,current_year,0.0,,TN1_0|FN1_0TN0_6|FN0_5TN0_1|F0_0T0_4|F0_5T0_9|F1_0T1_4|F1_5T1_9|F2_0T2_4|F2_5T2_9|F3_0T3_4|F3_5T3_9|F4_0,3.0,50,6.000025359999999e-06,6.000025359999999e-06,6.000025359999999e-06,2,2,0.04,0.04,False
ecb,rgdp,real_gdp_yoy,2013,4,2013,2013,current_year,0.0,,TN1_0|FN1_0TN0_6|FN0_5TN0_1|F0_0T0_4|F0_5T0_9|F1_0T1_4|F1_5T1_9|F2_0T2_4|F2_5T2_9|F3_0T3_4|F3_5T3_9|F4_0,4.0,50,2e-06,2e-06,2e-06,1,1,0.02,0.02,False
ecb,rgdp,real_gdp_yoy,2013,4,2013,2013,current_year,0.0,,TN1_0|FN1_0TN0_6|FN0_5TN0_1|F0_0T0_4|F0_5T0_9|F1_0T1_4|F1_5T1_9|F2_0T2_4|F2_5T2_9|F3_0T3_4|F3_5T3_9|F4_0,5.0,50,0.0,2e-06,,0,1,0.0,0.02,True
ecb,rgdp,real_gdp_yoy,2013,4,2013,2013,current_year,0.0,,TN1_0|FN1_0TN0_6|FN0_5TN0_1|F0_0T0_4|F0_5T0_9|F1_0T1_4|F1_5T1_9|F2_0T2_4|F2_5T2_9|F3_0T3_4|F3_5T3_9|F4_0,10.0,50,0.0,2e-06,,0,1,0.0,0.02,True
ecb,rgdp,real_gdp_yoy,2013,4,2014,2014,next_year,1.0,,TN1_0|FN1_0TN0_6|FN0_5TN0_1|F0_0T0_4|F0_5T0_9|F1_0T1_4|F1_5T1_9|F2_0T2_4|F2_5T2_9|F3_0T3_4|F3_5T3_9|F4_0,3.0,49,0.005020739976102041,0.005020739976102041,0.005020739976102041,9,9,0.1836734693877551,0.1836734693877551,False
ecb,rgdp,real_gdp_yoy,2013,4,2014,2014,next_year,1.0,,TN1_0|FN1_0TN0_6|FN0_5TN0_1|F0_0T0_4|F0_5T0_9|F1_0T1_4|F1_5T1_9|F2_0T2_4|F2_5T2_9|F3_0T3_4|F3_5T3_9|F4_0,4.0,49,0.00031524739246938777,0.00031524739246938777,0.00031524739246938777,5,5,0.10204081632653061,0.10204081632653061,False
ecb,rgdp,real_gdp_yoy,2013,4,2014,2014,next_year,1.0,,TN1_0|FN1_0TN0_6|FN0_5TN0_1|F0_0T0_4|F0_5T0_9|F1_0T1_4|F1_5T1_9|F2_0T2_4|F2_5T2_9|F3_0T3_4|F3_5T3_9|F4_0,5.0,49,0.0,0.00031524739246938777,,0,5,0.0,0.10204081632653061,True
ecb,rgdp,real_gdp_yoy,2013,4,2014,2014,next_year,1.0,,TN1_0|FN1_0TN0_6|FN0_5TN0_1|F0_0T0_4|F0_5T0_9|F1_0T1_4|F1_5T1_9|F2_0T2_4|F2_5T2_9|F3_0T3_4|F3_5T3_9|F4_0,10.0,49,0.0,0.00031524739246938777,,0,5,0.0,0.10204081632653061,True
ecb,rgdp,real_gdp_yoy,2013,4,2015,2015,year_after_next,2.0,,TN1_0|FN1_0TN0_6|FN0_5TN0_1|F0_0T0_4|F0_5T0_9|F1_0T1_4|F1_5T1_9|F2_0T2_4|F2_5T2_9|F3_0T3_4|F3_5T3_9|F4_0,3.0,39,0.028017084530948717,0.028017084530948717,0.028017084530948717,16,16,0.41025641025641024,0.41025641025641024,False
ecb,rgdp,real_gdp_yoy,2013,4,2015,2015,year_after_next,2.0,,TN1_0|FN1_0TN0_6|FN0_5TN0_1|F0_0T0_4|F0_5T0_9|F1_0T1_4|F1_5T1_9|F2_0T2_4|F2_5T2_9|F3_0T3_4|F3_5T3_9|F4_0,4.0,39,0.0030675169665641024,0.0030675169665641024,0.0030675169665641024,3,3,0.07692307692307693,0.07692307692307693,False
ecb,rgdp,real_gdp_yoy,2013,4,2015,2015,year_after_next,2.0,,TN1_0|FN1_0TN0_6|FN0_5TN0_1|F0_0T0_4|F0_5T0_9|F1_0T1_4|F1_5T1_9|F2_0T2_4|F2_5T2_9|F3_0T3_4|F3_5T3_9|F4_0,5.0,39,0.0,0.0030675169665641024,,0,3,0.0,0.07692307692307693,True
ecb,rgdp,real_gdp_yoy,2013,4,2015,2015,year_after_next,2.0,,TN1_0|FN1_0TN0_6|FN0_5TN0_1|F0_0T0_4|F0_5T0_9|F1_0T1_4|F1_5T1_9|F2_0T2_4|F2_5T2_9|F3_0T3_4|F3_5T3_9|F4_0,10.0,39,0.0,0.0030675169665641024,,0,3,0.0,0.07692307692307693,True
ecb,rgdp,real_gdp_yoy,2013,4,2018,2018,longer_term,5.0,,TN1_0|FN1_0TN0_6|FN0_5TN0_1|F0_0T0_4|F0_5T0_9|F1_0T1_4|F1_5T1_9|F2_0T2_4|F2_5T2_9|F3_0T3_4|F3_5T3_9|F4_0,3.0,38,0.0583516565234737,0.0583516565234737,0.05835165652347368,22,22,0.5789473684210527,0.5789473684210527,False
ecb,rgdp,real_gdp_yoy,2013,4,2018,2018,longer_term,5.0,,TN1_0|FN1_0TN0_6|FN0_5TN0_1|F0_0T0_4|F0_5T0_9|F1_0T1_4|F1_5T1_9|F2_0T2_4|F2_5T2_9|F3_0T3_4|F3_5T3_9|F4_0,4.0,38,0.0036080027308684212,0.0036080027308684212,0.0036080027308684212,9,9,0.23684210526315788,0.23684210526315788,False
ecb,rgdp,real_gdp_yoy,2013,4,2018,2018,longer_term,5.0,,TN1_0|FN1_0TN0_6|FN0_5TN0_1|F0_0T0_4|F0_5T0_9|F1_0T1_4|F1_5T1_9|F2_0T2_4|F2_5T2_9|F3_0T3_4|F3_5T3_9|F4_0,5.0,38,0.0,0.0036080027308684212,,0,9,0.0,0.23684210526315788,True
ecb,rgdp,real_gdp_yoy,2013,4,2018,2018,longer_term,5.0,,TN1_0|FN1_0TN0_6|FN0_5TN0_1|F0_0T0_4|F0_5T0_9|F1_0T1_4|F1_5T1_9|F2_0T2_4|F2_5T2_9|F3_0T3_4|F3_5T3_9|F4_0,10.0,38,0.0,0.0036080027308684212,,0,9,0.0,0.23684210526315788,True
ecb,rgdp,real_gdp_yoy,2013,4,,2014Q2,rolling_1y,1.0,,TN1_0|FN1_0TN0_6|FN0_5TN0_1|F0_0T0_4|F0_5T0_9|F1_0T1_4|F1_5T1_9|F2_0T2_4|F2_5T2_9|F3_0T3_4|F3_5T3_9|F4_0,3.0,36,0.005198769269833333,0.005198769269833333,0.005198769269833333,7,7,0.19444444444444445,0.19444444444444445,False
ecb,rgdp,real_gdp_yoy,2013,4,,2014Q2,rolling_1y,1.0,,TN1_0|FN1_0TN0_6|FN0_5TN0_1|F0_0T0_4|F0_5T0_9|F1_0T1_4|F1_5T1_9|F2_0T2_4|F2_5T2_9|F3_0T3_4|F3_5T3_9|F4_0,4.0,36,0.00037033867880555555,0.00037033867880555555,0.00037033867880555555,4,4,0.1111111111111111,0.1111111111111111,False
ecb,rgdp,real_gdp_yoy,2013,4,,2014Q2,rolling_1y,1.0,,TN1_0|FN1_0TN0_6|FN0_5TN0_1|F0_0T0_4|F0_5T0_9|F1_0T1_4|F1_5T1_9|F2_0T2_4|F2_5T2_9|F3_0T3_4|F3_5T3_9|F4_0,5.0,36,0.0,0.00037033867880555555,,0,4,0.0,0.1111111111111111,True
ecb,rgdp,real_gdp_yoy,2013,4,,2014Q2,rolling_1y,1.0,,TN1_0|FN1_0TN0_6|FN0_5TN0_1|F0_0T0_4|F0_5T0_9|F1_0T1_4|F1_5T1_9|F2_0T2_4|F2_5T2_9|F3_0T3_4|F3_5T3_9|F4_0,10.0,36,0.0,0.00037033867880555555,,0,4,0.0,0.1111111111111111,True
ecb,rgdp,real_gdp_yoy,2013,4,,2015Q2,rolling_2y,2.0,,TN1_0|FN1_0TN0_6|FN0_5TN0_1|F0_0T0_4|F0_5T0_9|F1_0T1_4|F1_5T1_9|F2_0T2_4|F2_5T2_9|F3_0T3_4|F3_5T3_9|F4_0,3.0,32,0.02961012269921875,0.02961012269921875,0.029610122699218748,13,13,0.40625,0.40625,False
ecb,rgdp,real_gdp_yoy,2013,4,,2015Q2,rolling_2y,2.0,,TN1_0|FN1_0TN0_6|FN0_5TN0_1|F0_0T0_4|F0_5T0_9|F1_0T1_4|F1_5T1_9|F2_0T2_4|F2_5T2_9|F3_0T3_4|F3_5T3_9|F4_0,4.0,32,0.0026827499417812497,0.0026827499417812497,0.0026827499417812497,3,3,0.09375,0.09375,False
ecb,rgdp,real_gdp_yoy,2013,4,,2015Q2,rolling_2y,2.0,,TN1_0|FN1_0TN0_6|FN0_5TN0_1|F0_0T0_4|F0_5T0_9|F1_0T1_4|F1_5T1_9|F2_0T2_4|F2_5T2_9|F3_0T3_4|F3_5T3_9|F4_0,5.0,32,0.0,0.0026827499417812497,,0,3,0.0,0.09375,True
ecb,rgdp,real_gdp_yoy,2013,4,,2015Q2,rolling_2y,2.0,,TN1_0|FN1_0TN0_6|FN0_5TN0_1|F0_0T0_4|F0_5T0_9|F1_0T1_4|F1_5T1_9|F2_0T2_4|F2_5T2_9|F3_0T3_4|F3_5T3_9|F4_0,10.0,32,0.0,0.0026827499417812497,,0,3,0.0,0.09375,True
ecb,rgdp,real_gdp_yoy,2014,1,2014,2014,current_year,0.0,,TN1_0|FN1_0TN0_6|FN0_5TN0_1|F0_0T0_4|F0_5T0_9|F1_0T1_4|F1_5T1_9|F2_0T2_4|F2_5T2_9|F3_0T3_4|F3_5T3_9|F4_0,3.0,49,0.0016768185329791743,0.0016768185329791743,0.0016768185329791743,7,7,0.14285714285714285,0.14285714285714285,False
ecb,rgdp,real_gdp_yoy,2014,1,2014,2014,current_year,0.0,,TN1_0|FN1_0TN0_6|FN0_5TN0_1|F0_0T0_4|F0_5T0_9|F1_0T1_4|F1_5T1_9|F2_0T2_4|F2_5T2_9|F3_0T3_4|F3_5T3_9|F4_0,4.0,49,3.157752573467986e-05,3.157752573467986e-05,3.157752573467986e-05,5,5,0.10204081632653061,0.10204081632653061,False
ecb,rgdp,real_gdp_yoy,2014,1,2014,2014,current_year,0.0,,TN1_0|FN1_0TN0_6|FN0_5TN0_1|F0_0T0_4|F0_5T0_9|F1_0T1_4|F1_5T1_9|F2_0T2_4|F2_5T2_9|F3_0T3_4|F3_5T3_9|F4_0,5.0,49,0.0,3.157752573467986e-05,,0,5,0.0,0.10204081632653061,True
ecb,rgdp,real_gdp_yoy,2014,1,2014,2014,current_year,0.0,,TN1_0|FN1_0TN0_6|FN0_5TN0_1|F0_0T0_4|F0_5T0_9|F1_0T1_4|F1_5T1_9|F2_0T2_4|F2_5T2_9|F3_0T3_4|F3_5T3_9|F4_0,10.0,49,0.0,3.157752573467986e-05,,0,5,0.0,0.10204081632653061,True
ecb,rgdp,real_gdp_yoy,2014,1,2015,2015,next_year,1.0,,TN1_0|FN1_0TN0_6|FN0_5TN0_1|F0_0T0_4|F0_5T0_9|F1_0T1_4|F1_5T1_9|F2_0T2_4|F2_5T2_9|F3_0T3_4|F3_5T3_9|F4_0,3.0,46,0.025066488171489633,0.025066488171489633,0.025066488171489633,19,19,0.41304347826086957,0.41304347826086957,False
ecb,rgdp,real_gdp_yoy,2014,1,2015,2015,next_year,1.0,,TN1_0|FN1_0TN0_6|FN0_5TN0_1|F0_0T0_4|F0_5T0_9|F1_0T1_4|F1_5T1_9|F2_0T2_4|F2_5T2_9|F3_0T3_4|F3_5T3_9|F4_0,4.0,46,0.002119008407959563,0.002119008407959563,0.002119008407959563,4,4,0.08695652173913043,0.08695652173913043,False
ecb,rgdp,real_gdp_yoy,2014,1,2015,2015,next_year,1.0,,TN1_0|FN1_0TN0_6|FN0_5TN0_1|F0_0T0_4|F0_5T0_9|F1_0T1_4|F1_5T1_9|F2_0T2_4|F2_5T2_9|F3_0T3_4|F3_5T3_9|F4_0,5.0,46,0.0,0.002119008407959563,,0,4,0.0,0.08695652173913043,True
ecb,rgdp,real_gdp_yoy,2014,1,2015,2015,next_year,1.0,,TN1_0|FN1_0TN0_6|FN0_5TN0_1|F0_0T0_4|F0_5T0_9|F1_0T1_4|F1_5T1_9|F2_0T2_4|F2_5T2_9|F3_0T3_4|F3_5T3_9|F4_0,10.0,46,0.0,0.002119008407959563,,0,4,0.0,0.08695652173913043,True
ecb,rgdp,real_gdp_yoy,2014,1,2016,2016,year_after_next,2.0,,TN1_0|FN1_0TN0_6|FN0_5TN0_1|F0_0T0_4|F0_5T0_9|F1_0T1_4|F1_5T1_9|F2_0T2_4|F2_5T2_9|F3_0T3_4|F3_5T3_9|F4_0,3.0,37,0.03217753547790132,0.03217753547790132,0.032177535477901316,19,19,0.5135135135135135,0.5135135135135135,False
ecb,rgdp,real_gdp_yoy,2014,1,2016,2016,year_after_next,2.0,,TN1_0|FN1_0TN0_6|FN0_5TN0_1|F0_0T0_4|F0_5T0_9|F1_0T1_4|F1_5T1_9|F2_0T2_4|F2_5T2_9|F3_0T3_4|F3_5T3_9|F4_0,4.0,37,0.0049290792480588775,0.0049290792480588775,0.0049290792480588775,2,2,0.05405405405405406,0.05405405405405406,False
ecb,rgdp,real_gdp_yoy,2014,1,2016,2016,year_after_next,2.0,,TN1_0|FN1_0TN0_6|FN0_5TN0_1|F0_0T0_4|F0_5T0_9|F1_0T1_4|F1_5T1_9|F2_0T2_4|F2_5T2_9|F3_0T3_4|F3_5T3_9|F4_0,5.0,37,0.0,0.0049290792480588775,,0,2,0.0,0.05405405405405406,True
ecb,rgdp,real_gdp_yoy,2014,1,2016,2016,year_after_next,2.0,,TN1_0|FN1_0TN0_6|FN0_5TN0_1|F0_0T0_4|F0_5T0_9|F1_0T1_4|F1_5T1_9|F2_0T2_4|F2_5T2_9|F3_0T3_4|F3_5T3_9|F4_0,10.0,37,0.0,0.0049290792480588775,,0,2,0.0,0.05405405405405406,True
ecb,rgdp,real_gdp_yoy,2014,1,2018,2018,longer_term,4.0,,TN1_0|FN1_0TN0_6|FN0_5TN0_1|F0_0T0_4|F0_5T0_9|F1_0T1_4|F1_5T1_9|F2_0T2_4|F2_5T2_9|F3_0T3_4|F3_5T3_9|F4_0,3.0,38,0.06125597862684371,0.06125597862684371,0.06125597862684371,22,22,0.5789473684210527,0.5789473684210527,False
ecb,rgdp,real_gdp_yoy,2014,1,2018,2018,longer_term,4.0,,TN1_0|FN1_0TN0_6|FN0_5TN0_1|F0_0T0_4|F0_5T0_9|F1_0T1_4|F1_5T1_9|F2_0T2_4|F2_5T2_9|F3_0T3_4|F3_5T3_9|F4_0,4.0,38,0.003953783334079004,0.003953783334079004,0.003953783334079004,8,8,0.21052631578947367,0.21052631578947367,False
ecb,rgdp,real_gdp_yoy,2014,1,2018,2018,longer_term,4.0,,TN1_0|FN1_0TN0_6|FN0_5TN0_1|F0_0T0_4|F0_5T0_9|F1_0T1_4|F1_5T1_9|F2_0T2_4|F2_5T2_9|F3_0T3_4|F3_5T3_9|F4_0,5.0,38,0.0,0.003953783334079004,,0,8,0.0,0.21052631578947367,True
ecb,rgdp,real_gdp_yoy,2014,1,2018,2018,longer_term,4.0,,TN1_0|FN1_0TN0_6|FN0_5TN0_1|F0_0T0_4|F0_5T0_9|F1_0T1_4|F1_5T1_9|F2_0T2_4|F2_5T2_9|F3_0T3_4|F3_5T3_9|F4_0,10.0,38,0.0,0.003953783334079004,,0,8,0.0,0.21052631578947367,True
ecb,rgdp,real_gdp_yoy,2014,1,,2014Q3,rolling_1y,1.0,,TN1_0|FN1_0TN0_6|FN0_5TN0_1|F0_0T0_4|F0_5T0_9|F1_0T1_4|F1_5T1_9|F2_0T2_4|F2_5T2_9|F3_0T3_4|F3_5T3_9|F4_0,3.0,38,0.004524823246526064,0.004524823246526064,0.004524823246526064,6,6,0.15789473684210525,0.15789473684210525,False
ecb,rgdp,real_gdp_yoy,2014,1,,2014Q3,rolling_1y,1.0,,TN1_0|FN1_0TN0_6|FN0_5TN0_1|F0_0T0_4|F0_5T0_9|F1_0T1_4|F1_5T1_9|F2_0T2_4|F2_5T2_9|F3_0T3_4|F3_5T3_9|F4_0,4.0,38,0.0003604173754209121,0.0003604173754209121,0.0003604173754209121,4,4,0.10526315789473684,0.10526315789473684,False
ecb,rgdp,real_gdp_yoy,2014,1,,2014Q3,rolling_1y,1.0,,TN1_0|FN1_0TN0_6|FN0_5TN0_1|F0_0T0_4|F0_5T0_9|F1_0T1_4|F1_5T1_9|F2_0T2_4|F2_5T2_9|F3_0T3_4|F3_5T3_9|F4_0,5.0,38,0.0,0.0003604173754209121,,0,4,0.0,0.10526315789473684,True
ecb,rgdp,real_gdp_yoy,2014,1,,2014Q3,rolling_1y,1.0,,TN1_0|FN1_0TN0_6|FN0_5TN0_1|F0_0T0_4|F0_5T0_9|F1_0T1_4|F1_5T1_9|F2_0T2_4|F2_5T2_9|F3_0T3_4|F3_5T3_9|F4_0,10.0,38,0.0,0.0003604173754209121,,0,4,0.0,0.10526315789473684,True
ecb,rgdp,real_gdp_yoy,2014,1,,2015Q3,rolling_2y,2.0,,TN1_0|FN1_0TN0_6|FN0_5TN0_1|F0_0T0_4|F0_5T0_9|F1_0T1_4|F1_5T1_9|F2_0T2_4|F2_5T2_9|F3_0T3_4|F3_5T3_9|F4_0,3.0,36,0.024296854718566477,0.024296854718566477,0.024296854718566477,14,14,0.3888888888888889,0.3888888888888889,False
ecb,rgdp,real_gdp_yoy,2014,1,,2015Q3,rolling_2y,2.0,,TN1_0|FN1_0TN0_6|FN0_5TN0_1|F0_0T0_4|F0_5T0_9|F1_0T1_4|F1_5T1_9|F2_0T2_4|F2_5T2_9|F3_0T3_4|F3_5T3_9|F4_0,4.0,36,0.0028724502153908526,0.0028724502153908526,0.0028724502153908526,3,3,0.08333333333333333,0.08333333333333333,False
ecb,rgdp,real_gdp_yoy,2014,1,,2015Q3,rolling_2y,2.0,,TN1_0|FN1_0TN0_6|FN0_5TN0_1|F0_0T0_4|F0_5T0_9|F1_0T1_4|F1_5T1_9|F2_0T2_4|F2_5T2_9|F3_0T3_4|F3_5T3_9|F4_0,5.0,36,0.0,0.0028724502153908526,,0,3,0.0,0.08333333333333333,True
ecb,rgdp,real_gdp_yoy,2014,1,,2015Q3,rolling_2y,2.0,,TN1_0|FN1_0TN0_6|FN0_5TN0_1|F0_0T0_4|F0_5T0_9|F1_0T1_4|F1_5T1_9|F2_0T2_4|F2_5T2_9|F3_0T3_4|F3_5T3_9|F4_0,10.0,36,0.0,0.0028724502153908526,,0,3,0.0,0.08333333333333333,True
ecb,rgdp,real_gdp_yoy,2014,2,2014,2014,current_year,0.0,,TN1_0|FN1_0TN0_6|FN0_5TN0_1|F0_0T0_4|F0_5T0_9|F1_0T1_4|F1_5T1_9|F2_0T2_4|F2_5T2_9|F3_0T3_4|F3_5T3_9|F4_0,3.0,51,0.003112158963725724,0.003112158963725724,0.003112158963725724,8,8,0.1568627450980392,0.1568627450980392,False
ecb,rgdp,real_gdp_yoy,2014,2,2014,2014,current_year,0.0,,TN1_0|FN1_0TN0_6|FN0_5TN0_1|F0_0T0_4|F0_5T0_9|F1_0T1_4|F1_5T1_9|F2_0T2_4|F2_5T2_9|F3_0T3_4|F3_5T3_9|F4_0,4.0,51,0.0002515900761372571,0.0002515900761372571,0.0002515900761372571,6,6,0.11764705882352941,0.11764705882352941,False
ecb,rgdp,real_gdp_yoy,2014,2,2014,2014,current_year,0.0,,TN1_0|FN1_0TN0_6|FN0_5TN0_1|F0_0T0_4|F0_5T0_9|F1_0T1_4|F1_5T1_9|F2_0T2_4|F2_5T2_9|F3_0T3_4|F3_5T3_9|F4_0,5.0,51,0.0,0.0002515900761372571,,0,6,0.0,0.11764705882352941,True
ecb,rgdp,real_gdp_yoy,2014,2,2014,2014,current_year,0.0,,TN1_0|FN1_0TN0_6|FN0_5TN0_1|F0_0T0_4|F0_5T0_9|F1_0T1_4|F1_5T1_9|F2_0T2_4|F2_5T2_9|F3_0T3_4|F3_5T3_9|F4_0,10.0,51,0.0,0.0002515900761372571,,0,6,0.0,0.11764705882352941,True
ecb,rgdp,real_gdp_yoy,2014,2,2015,2015,next_year,1.0,,TN1_0|FN1_0TN0_6|FN0_5TN0_1|F0_0T0_4|F0_5T0_9|F1_0T1_4|F1_5T1_9|F2_0T2_4|F2_5T2_9|F3_0T3_4|F3_5T3_9|F4_0,3.0,49,0.02267443536346967,0.02267443536346967,0.02267443536346967,22,22,0.4489795918367347,0.4489795918367347,False
ecb,rgdp,real_gdp_yoy,2014,2,2015,2015,next_year,1.0,,TN1_0|FN1_0TN0_6|FN0_5TN0_1|F0_0T0_4|F0_5T0_9|F1_0T1_4|F1_5T1_9|F2_0T2_4|F2_5T2_9|F3_0T3_4|F3_5T3_9|F4_0,4.0,49,0.002351842168571449,0.002351842168571449,0.002351842168571449,6,6,0.12244897959183673,0.12244897959183673,False
ecb,rgdp,real_gdp_yoy,2014,2,2015,2015,next_year,1.0,,TN1_0|FN1_0TN0_6|FN0_5TN0_1|F0_0T0_4|F0_5T0_9|F1_0T1_4|F1_5T1_9|F2_0T2_4|F2_5T2_9|F3_0T3_4|F3_5T3_9|F4_0,5.0,49,0.0,0.002351842168571449,,0,6,0.0,0.12244897959183673,True
ecb,rgdp,real_gdp_yoy,2014,2,2015,2015,next_year,1.0,,TN1_0|FN1_0TN0_6|FN0_5TN0_1|F0_0T0_4|F0_5T0_9|F1_0T1_4|F1_5T1_9|F2_0T2_4|F2_5T2_9|F3_0T3_4|F3_5T3_9|F4_0,10.0,49,0.0,0.002351842168571449,,0,6,0.0,0.12244897959183673,True
ecb,rgdp,real_gdp_yoy,2014,2,2016,2016,year_after_next,2.0,,TN1_0|FN1_0TN0_6|FN0_5TN0_1|F0_0T0_4|F0_5T0_9|F1_0T1_4|F1_5T1_9|F2_0T2_4|F2_5T2_9|F3_0T3_4|F3_5T3_9|F4_0,3.0,40,0.038767737973839714,0.038767737973839714,0.038767737973839714,21,21,0.525,0.525,False
ecb,rgdp,real_gdp_yoy,2014,2,2016,2016,year_after_next,2.0,,TN1_0|FN1_0TN0_6|FN0_5TN0_1|F0_0T0_4|F0_5T0_9|F1_0T1_4|F1_5T1_9|F2_0T2_4|F2_5T2_9|F3_0T3_4|F3_5T3_9|F4_0,4.0,40,0.004710802699379523,0.004710802699379523,0.004710802699379523,4,4,0.1,0.1,False
ecb,rgdp,real_gdp_yoy,2014,2,2016,2016,year_after_next,2.0,,TN1_0|FN1_0TN0_6|FN0_5TN0_1|F0_0T0_4|F0_5T0_9|F1_0T1_4|F1_5T1_9|F2_0T2_4|F2_5T2_9|F3_0T3_4|F3_5T3_9|F4_0,5.0,40,0.0,0.004710802699379523,,0,4,0.0,0.1,True
ecb,rgdp,real_gdp_yoy,2014,2,2016,2016,year_after_next,2.0,,TN1_0|FN1_0TN0_6|FN0_5TN0_1|F0_0T0_4|F0_5T0_9|F1_0T1_4|F1_5T1_9|F2_0T2_4|F2_5T2_9|F3_0T3_4|F3_5T3_9|F4_0,10.0,40,0.0,0.004710802699379523,,0,4,0.0,0.1,True
ecb,rgdp,real_gdp_yoy,2014,2,2018,2018,longer_term,4.0,,TN1_0|FN1_0TN0_6|FN0_5TN0_1|F0_0T0_4|F0_5T0_9|F1_0T1_4|F1_5T1_9|F2_0T2_4|F2_5T2_9|F3_0T3_4|F3_5T3_9|F4_0,3.0,39,0.05433597364785164,0.05433597364785164,0.05433597364785164,22,22,0.5641025641025641,0.5641025641025641,False
ecb,rgdp,real_gdp_yoy,2014,2,2018,2018,longer_term,4.0,,TN1_0|FN1_0TN0_6|FN0_5TN0_1|F0_0T0_4|F0_5T0_9|F1_0T1_4|F1_5T1_9|F2_0T2_4|F2_5T2_9|F3_0T3_4|F3_5T3_9|F4_0,4.0,39,0.0036789809960271224,0.0036789809960271224,0.0036789809960271224,7,7,0.1794871794871795,0.1794871794871795,False
ecb,rgdp,real_gdp_yoy,2014,2,2018,2018,longer_term,4.0,,TN1_0|FN1_0TN0_6|FN0_5TN0_1|F0_0T0_4|F0_5T0_9|F1_0T1_4|F1_5T1_9|F2_0T2_4|F2_5T2_9|F3_0T3_4|F3_5T3_9|F4_0,5.0,39,0.0,0.0036789809960271224,,0,7,0.0,0.1794871794871795,True
ecb,rgdp,real_gdp_yoy,2014,2,2018,2018,longer_term,4.0,,TN1_0|FN1_0TN0_6|FN0_5TN0_1|F0_0T0_4|F0_5T0_9|F1_0T1_4|F1_5T1_9|F2_0T2_4|F2_5T2_9|F3_0T3_4|F3_5T3_9|F4_0,10.0,39,0.0,0.0036789809960271224,,0,7,0.0,0.1794871794871795,True
ecb,rgdp,real_gdp_yoy,2014,2,,2014Q4,rolling_1y,1.0,,TN1_0|FN1_0TN0_6|FN0_5TN0_1|F0_0T0_4|F0_5T0_9|F1_0T1_4|F1_5T1_9|F2_0T2_4|F2_5T2_9|F3_0T3_4|F3_5T3_9|F4_0,3.0,37,0.011457304790220953,0.011457304790220953,0.011457304790220953,8,8,0.21621621621621623,0.21621621621621623,False
ecb,rgdp,real_gdp_yoy,2014,2,,2014Q4,rolling_1y,1.0,,TN1_0|FN1_0TN0_6|FN0_5TN0_1|F0_0T0_4|F0_5T0_9|F1_0T1_4|F1_5T1_9|F2_0T2_4|F2_5T2_9|F3_0T3_4|F3_5T3_9|F4_0,4.0,37,0.0006875330270003785,0.0006875330270003785,0.0006875330270003785,5,5,0.13513513513513514,0.13513513513513514,False
ecb,rgdp,real_gdp_yoy,2014,2,,2014Q4,rolling_1y,1.0,,TN1_0|FN1_0TN0_6|FN0_5TN0_1|F0_0T0_4|F0_5T0_9|F1_0T1_4|F1_5T1_9|F2_0T2_4|F2_5T2_9|F3_0T3_4|F3_5T3_9|F4_0,5.0,37,0.0,0.0006875330270003785,,0,5,0.0,0.13513513513513514,True
ecb,rgdp,real_gdp_yoy,2014,2,,2014Q4,rolling_1y,1.0,,TN1_0|FN1_0TN0_6|FN0_5TN0_1|F0_0T0_4|F0_5T0_9|F1_0T1_4|F1_5T1_9|F2_0T2_4|F2_5T2_9|F3_0T3_4|F3_5T3_9|F4_0,10.0,37,0.0,0.0006875330270003785,,0,5,0.0,0.13513513513513514,True
ecb,rgdp,real_gdp_yoy,2014,2,,2015Q4,rolling_2y,2.0,,TN1_0|FN1_0TN0_6|FN0_5TN0_1|F0_0T0_4|F0_5T0_9|F1_0T1_4|F1_5T1_9|F2_0T2_4|F2_5T2_9|F3_0T3_4|F3_5T3_9|F4_0,3.0,37,0.04283617503918381,0.04283617503918381,0.04283617503918381,19,19,0.5135135135135135,0.5135135135135135,False
ecb,rgdp,real_gdp_yoy,2014,2,,2015Q4,rolling_2y,2.0,,TN1_0|FN1_0TN0_6|FN0_5TN0_1|F0_0T0_4|F0_5T0_9|F1_0T1_4|F1_5T1_9|F2_0T2_4|F2_5T2_9|F3_0T3_4|F3_5T3_9|F4_0,4.0,37,0.004684606455457683,0.004684606455457683,0.004684606455457683,6,6,0.16216216216216217,0.16216216216216217,False
ecb,rgdp,real_gdp_yoy,2014,2,,2015Q4,rolling_2y,2.0,,TN1_0|FN1_0TN0_6|FN0_5TN0_1|F0_0T0_4|F0_5T0_9|F1_0T1_4|F1_5T1_9|F2_0T2_4|F2_5T2_9|F3_0T3_4|F3_5T3_9|F4_0,5.0,37,0.0,0.004684606455457683,,0,6,0.0,0.16216216216216217,True
ecb,rgdp,real_gdp_yoy,2014,2,,2015Q4,rolling_2y,2.0,,TN1_0|FN1_0TN0_6|FN0_5TN0_1|F0_0T0_4|F0_5T0_9|F1_0T1_4|F1_5T1_9|F2_0T2_4|F2_5T2_9|F3_0T3_4|F3_5T3_9|F4_0,10.0,37,0.0,0.004684606455457683,,0,6,0.0,0.16216216216216217,True
ecb,rgdp,real_gdp_yoy,2014,3,2014,2014,current_year,0.0,,TN1_0|FN1_0TN0_6|FN0_5TN0_1|F0_0T0_4|F0_5T0_9|F1_0T1_4|F1_5T1_9|F2_0T2_4|F2_5T2_9|F3_0T3_4|F3_5T3_9|F4_0,3.0,52,0.003925848757557693,0.003925848757557693,0.003925848757557693,8,8,0.15384615384615385,0.15384615384615385,False
ecb,rgdp,real_gdp_yoy,2014,3,2014,2014,current_year,0.0,,TN1_0|FN1_0TN0_6|FN0_5TN0_1|F0_0T0_4|F0_5T0_9|F1_0T1_4|F1_5T1_9|F2_0T2_4|F2_5T2_9|F3_0T3_4|F3_5T3_9|F4_0,4.0,52,0.0006202759399807693,0.0006202759399807693,0.0006202759399807693,6,6,0.11538461538461539,0.11538461538461539,False
ecb,rgdp,real_gdp_yoy,2014,3,2014,2014,current_year,0.0,,TN1_0|FN1_0TN0_6|FN0_5TN0_1|F0_0T0_4|F0_5T0_9|F1_0T1_4|F1_5T1_9|F2_0T2_4|F2_5T2_9|F3_0T3_4|F3_5T3_9|F4_0,5.0,52,0.0,0.0006202759399807693,,0,6,0.0,0.11538461538461539,True
ecb,rgdp,real_gdp_yoy,2014,3,2014,2014,current_year,0.0,,TN1_0|FN1_0TN0_6|FN0_5TN0_1|F0_0T0_4|F0_5T0_9|F1_0T1_4|F1_5T1_9|F2_0T2_4|F2_5T2_9|F3_0T3_4|F3_5T3_9|F4_0,10.0,52,0.0,0.0006202759399807693,,0,6,0.0,0.11538461538461539,True
ecb,rgdp,real_gdp_yoy,2014,3,2015,2015,next_year,1.0,,TN1_0|FN1_0TN0_6|FN0_5TN0_1|F0_0T0_4|F0_5T0_9|F1_0T1_4|F1_5T1_9|F2_0T2_4|F2_5T2_9|F3_0T3_4|F3_5T3_9|F4_0,3.0,50,0.021094449228707644,0.021094449228707644,0.021094449228707644,19,19,0.38,0.38,False
ecb,rgdp,real_gdp_yoy,2014,3,2015,2015,next_year,1.0,,TN1_0|FN1_0TN0_6|FN0_5TN0_1|F0_0T0_4|F0_5T0_9|F1_0T1_4|F1_5T1_9|F2_0T2_4|F2_5T2_9|F3_0T3_4|F3_5T3_9|F4_0,4.0,50,0.002757782909021491,0.002757782909021491,0.002757782909021491,6,6,0.12,0.12,False
ecb,rgdp,real_gdp_yoy,2014,3,2015,2015,next_year,1.0,,TN1_0|FN1_0TN0_6|FN0_5TN0_1|F0_0T0_4|F0_5T0_9|F1_0T1_4|F1_5T1_9|F2_0T2_4|F2_5T2_9|F3_0T3_4|F3_5T3_9|F4_0,5.0,50,0.0,0.002757782909021491,,0,6,0.0,0.12,True
ecb,rgdp,real_gdp_yoy,2014,3,2015,2015,next_year,1.0,,TN1_0|FN1_0TN0_6|FN0_5TN0_1|F0_0T0_4|F0_5T0_9|F1_0T1_4|F1_5T1_9|F2_0T2_4|F2_5T2_9|F3_0T3_4|F3_5T3_9|F4_0,10.0,50,0.0,0.002757782909021491,,0,6,0.0,0.12,True
ecb,rgdp,real_gdp_yoy,2014,3,2016,2016,year_after_next,2.0,,TN1_0|FN1_0TN0_6|FN0_5TN0_1|F0_0T0_4|F0_5T0_9|F1_0T1_4|F1_5T1_9|F2_0T2_4|F2_5T2_9|F3_0T3_4|F3_5T3_9|F4_0,3.0,41,0.040666440583730736,0.040666440583730736,0.040666440583730736,20,20,0.4878048780487805,0.4878048780487805,False
ecb,rgdp,real_gdp_yoy,2014,3,2016,2016,year_after_next,2.0,,TN1_0|FN1_0TN0_6|FN0_5TN0_1|F0_0T0_4|F0_5T0_9|F1_0T1_4|F1_5T1_9|F2_0T2_4|F2_5T2_9|F3_0T3_4|F3_5T3_9|F4_0,4.0,41,0.005806948144813909,0.005806948144813909,0.005806948144813909,4,4,0.0975609756097561,0.0975609756097561,False
ecb,rgdp,real_gdp_yoy,2014,3,2016,2016,year_after_next,2.0,,TN1_0|FN1_0TN0_6|FN0_5TN0_1|F0_0T0_4|F0_5T0_9|F1_0T1_4|F1_5T1_9|F2_0T2_4|F2_5T2_9|F3_0T3_4|F3_5T3_9|F4_0,5.0,41,0.0,0.005806948144813909,,0,4,0.0,0.0975609756097561,True
ecb,rgdp,real_gdp_yoy,2014,3,2016,2016,year_after_next,2.0,,TN1_0|FN1_0TN0_6|FN0_5TN0_1|F0_0T0_4|F0_5T0_9|F1_0T1_4|F1_5T1_9|F2_0T2_4|F2_5T2_9|F3_0T3_4|F3_5T3_9|F4_0,10.0,41,0.0,0.005806948144813909,,0,4,0.0,0.0975609756097561,True
ecb,rgdp,real_gdp_yoy,2014,3,2019,2019,longer_term,5.0,,TN1_0|FN1_0TN0_6|FN0_5TN0_1|F0_0T0_4|F0_5T0_9|F1_0T1_4|F1_5T1_9|F2_0T2_4|F2_5T2_9|F3_0T3_4|F3_5T3_9|F4_0,3.0,41,0.060253873543224395,0.060253873543224395,0.060253873543224395,22,22,0.5365853658536586,0.5365853658536586,False
ecb,rgdp,real_gdp_yoy,2014,3,2019,2019,longer_term,5.0,,TN1_0|FN1_0TN0_6|FN0_5TN0_1|F0_0T0_4|F0_5T0_9|F1_0T1_4|F1_5T1_9|F2_0T2_4|F2_5T2_9|F3_0T3_4|F3_5T3_9|F4_0,4.0,41,0.005207442363830789,0.005207442363830789,0.005207442363830789,7,7,0.17073170731707318,0.17073170731707318,False
ecb,rgdp,real_gdp_yoy,2014,3,2019,2019,longer_term,5.0,,TN1_0|FN1_0TN0_6|FN0_5TN0_1|F0_0T0_4|F0_5T0_9|F1_0T1_4|F1_5T1_9|F2_0T2_4|F2_5T2_9|F3_0T3_4|F3_5T3_9|F4_0,5.0,41,0.0,0.005207442363830789,,0,7,0.0,0.17073170731707318,True
ecb,rgdp,real_gdp_yoy,2014,3,2019,2019,longer_term,5.0,,TN1_0|FN1_0TN0_6|FN0_5TN0_1|F0_0T0_4|F0_5T0_9|F1_0T1_4|F1_5T1_9|F2_0T2_4|F2_5T2_9|F3_0T3_4|F3_5T3_9|F4_0,10.0,41,0.0,0.005207442363830789,,0,7,0.0,0.17073170731707318,True
ecb,rgdp,real_gdp_yoy,2014,3,,2015Q1,rolling_1y,1.0,,TN1_0|FN1_0TN0_6|FN0_5TN0_1|F0_0T0_4|F0_5T0_9|F1_0T1_4|F1_5T1_9|F2_0T2_4|F2_5T2_9|F3_0T3_4|F3_5T3_9|F4_0,3.0,35,0.013278751111567665,0.013278751111567665,0.013278751111567667,9,9,0.2571428571428571,0.2571428571428571,False
ecb,rgdp,real_gdp_yoy,2014,3,,2015Q1,rolling_1y,1.0,,TN1_0|FN1_0TN0_6|FN0_5TN0_1|F0_0T0_4|F0_5T0_9|F1_0T1_4|F1_5T1_9|F2_0T2_4|F2_5T2_9|F3_0T3_4|F3_5T3_9|F4_0,4.0,35,0.001420693737056145,0.001420693737056145,0.001420693737056145,5,5,0.14285714285714285,0.14285714285714285,False
ecb,rgdp,real_gdp_yoy,2014,3,,2015Q1,rolling_1y,1.0,,TN1_0|FN1_0TN0_6|FN0_5TN0_1|F0_0T0_4|F0_5T0_9|F1_0T1_4|F1_5T1_9|F2_0T2_4|F2_5T2_9|F3_0T3_4|F3_5T3_9|F4_0,5.0,35,0.0,0.001420693737056145,,0,5,0.0,0.14285714285714285,True
ecb,rgdp,real_gdp_yoy,2014,3,,2015Q1,rolling_1y,1.0,,TN1_0|FN1_0TN0_6|FN0_5TN0_1|F0_0T0_4|F0_5T0_9|F1_0T1_4|F1_5T1_9|F2_0T2_4|F2_5T2_9|F3_0T3_4|F3_5T3_9|F4_0,10.0,35,0.0,0.001420693737056145,,0,5,0.0,0.14285714285714285,True
ecb,rgdp,real_gdp_yoy,2014,3,,2016Q1,rolling_2y,2.0,,TN1_0|FN1_0TN0_6|FN0_5TN0_1|F0_0T0_4|F0_5T0_9|F1_0T1_4|F1_5T1_9|F2_0T2_4|F2_5T2_9|F3_0T3_4|F3_5T3_9|F4_0,3.0,32,0.036811387927460165,0.036811387927460165,0.036811387927460165,14,14,0.4375,0.4375,False
ecb,rgdp,real_gdp_yoy,2014,3,,2016Q1,rolling_2y,2.0,,TN1_0|FN1_0TN0_6|FN0_5TN0_1|F0_0T0_4|F0_5T0_9|F1_0T1_4|F1_5T1_9|F2_0T2_4|F2_5T2_9|F3_0T3_4|F3_5T3_9|F4_0,4.0,32,0.004030817709904661,0.004030817709904661,0.004030817709904661,3,3,0.09375,0.09375,False
ecb,rgdp,real_gdp_yoy,2014,3,,2016Q1,rolling_2y,2.0,,TN1_0|FN1_0TN0_6|FN0_5TN0_1|F0_0T0_4|F0_5T0_9|F1_0T1_4|F1_5T1_9|F2_0T2_4|F2_5T2_9|F3_0T3_4|F3_5T3_9|F4_0,5.0,32,0.0,0.004030817709904661,,0,3,0.0,0.09375,True
ecb,rgdp,real_gdp_yoy,2014,3,,2016Q1,rolling_2y,2.0,,TN1_0|FN1_0TN0_6|FN0_5TN0_1|F0_0T0_4|F0_5T0_9|F1_0T1_4|F1_5T1_9|F2_0T2_4|F2_5T2_9|F3_0T3_4|F3_5T3_9|F4_0,10.0,32,0.0,0.004030817709904661,,0,3,0.0,0.09375,True
ecb,rgdp,real_gdp_yoy,2014,4,2014,2014,current_year,0.0,,TN1_0|FN1_0TN0_6|FN0_5TN0_1|F0_0T0_4|F0_5T0_9|F1_0T1_4|F1_5T1_9|F2_0T2_4|F2_5T2_9|F3_0T3_4|F3_5T3_9|F4_0,3.0,55,0.0020517281191454553,0.0020517281191454553,0.0020517281191454553,6,6,0.10909090909090909,0.10909090909090909,False
ecb,rgdp,real_gdp_yoy,2014,4,2014,2014,current_year,0.0,,TN1_0|FN1_0TN0_6|FN0_5TN0_1|F0_0T0_4|F0_5T0_9|F1_0T1_4|F1_5T1_9|F2_0T2_4|F2_5T2_9|F3_0T3_4|F3_5T3_9|F4_0,4.0,55,0.00034073766318181835,0.00034073766318181835,0.00034073766318181835,4,4,0.07272727272727272,0.07272727272727272,False
ecb,rgdp,real_gdp_yoy,2014,4,2014,2014,current_year,0.0,,TN1_0|FN1_0TN0_6|FN0_5TN0_1|F0_0T0_4|F0_5T0_9|F1_0T1_4|F1_5T1_9|F2_0T2_4|F2_5T2_9|F3_0T3_4|F3_5T3_9|F4_0,5.0,55,0.0,0.00034073766318181835,,0,4,0.0,0.07272727272727272,True
ecb,rgdp,real_gdp_yoy,2014,4,2014,2014,current_year,0.0,,TN1_0|FN1_0TN0_6|FN0_5TN0_1|F0_0T0_4|F0_5T0_9|F1_0T1_4|F1_5T1_9|F2_0T2_4|F2_5T2_9|F3_0T3_4|F3_5T3_9|F4_0,10.0,55,0.0,0.00034073766318181835,,0,4,0.0,0.07272727272727272,True
ecb,rgdp,real_gdp_yoy,2014,4,2015,2015,next_year,1.0,,TN1_0|FN1_0TN0_6|FN0_5TN0_1|F0_0T0_4|F0_5T0_9|F1_0T1_4|F1_5T1_9|F2_0T2_4|F2_5T2_9|F3_0T3_4|F3_5T3_9|F4_0,3.0,54,0.010916139353796296,0.010916139353796296,0.010916139353796296,10,10,0.18518518518518517,0.18518518518518517,False
ecb,rgdp,real_gdp_yoy,2014,4,2015,2015,next_year,1.0,,TN1_0|FN1_0TN0_6|FN0_5TN0_1|F0_0T0_4|F0_5T0_9|F1_0T1_4|F1_5T1_9|F2_0T2_4|F2_5T2_9|F3_0T3_4|F3_5T3_9|F4_0,4.0,54,0.0014035602778703705,0.0014035602778703705,0.0014035602778703705,6,6,0.1111111111111111,0.1111111111111111,False
ecb,rgdp,real_gdp_yoy,2014,4,2015,2015,next_year,1.0,,TN1_0|FN1_0TN0_6|FN0_5TN0_1|F0_0T0_4|F0_5T0_9|F1_0T1_4|F1_5T1_9|F2_0T2_4|F2_5T2_9|F3_0T3_4|F3_5T3_9|F4_0,5.0,54,0.0,0.0014035602778703705,,0,6,0.0,0.1111111111111111,True
ecb,rgdp,real_gdp_yoy,2014,4,2015,2015,next_year,1.0,,TN1_0|FN1_0TN0_6|FN0_5TN0_1|F0_0T0_4|F0_5T0_9|F1_0T1_4|F1_5T1_9|F2_0T2_4|F2_5T2_9|F3_0T3_4|F3_5T3_9|F4_0,10.0,54,0.0,0.0014035602778703705,,0,6,0.0,0.1111111111111111,True
ecb,rgdp,real_gdp_yoy,2014,4,2016,2016,year_after_next,2.0,,TN1_0|FN1_0TN0_6|FN0_5TN0_1|F0_0T0_4|F0_5T0_9|F1_0T1_4|F1_5T1_9|F2_0T2_4|F2_5T2_9|F3_0T3_4|F3_5T3_9|F4_0,3.0,47,0.03321696093142553,0.03321696093142553,0.03321696093142553,19,19,0.40425531914893614,0.40425531914893614,False
ecb,rgdp,real_gdp_yoy,2014,4,2016,2016,year_after_next,2.0,,TN1_0|FN1_0TN0_6|FN0_5TN0_1|F0_0T0_4|F0_5T0_9|F1_0T1_4|F1_5T1_9|F2_0T2_4|F2_5T2_9|F3_0T3_4|F3_5T3_9|F4_0,4.0,47,0.005334757989872341,0.005334757989872341,0.005334757989872341,6,6,0.1276595744680851,0.1276595744680851,False
ecb,rgdp,real_gdp_yoy,2014,4,2016,2016,year_after_next,2.0,,TN1_0|FN1_0TN0_6|FN0_5TN0_1|F0_0T0_4|F0_5T0_9|F1_0T1_4|F1_5T1_9|F2_0T2_4|F2_5T2_9|F3_0T3_4|F3_5T3_9|F4_0,5.0,47,0.0,0.005334757989872341,,0,6,0.0,0.1276595744680851,True
ecb,rgdp,real_gdp_yoy,2014,4,2016,2016,year_after_next,2.0,,TN1_0|FN1_0TN0_6|FN0_5TN0_1|F0_0T0_4|F0_5T0_9|F1_0T1_4|F1_5T1_9|F2_0T2_4|F2_5T2_9|F3_0T3_4|F3_5T3_9|F4_0,10.0,47,0.0,0.005334757989872341,,0,6,0.0,0.1276595744680851,True
ecb,rgdp,real_gdp_yoy,2014,4,2019,2019,longer_term,5.0,,TN1_0|FN1_0TN0_6|FN0_5TN0_1|F0_0T0_4|F0_5T0_9|F1_0T1_4|F1_5T1_9|F2_0T2_4|F2_5T2_9|F3_0T3_4|F3_5T3_9|F4_0,3.0,40,0.05583419043894999,0.05583419043894999,0.05583419043894999,21,21,0.525,0.525,False
ecb,rgdp,real_gdp_yoy,2014,4,2019,2019,longer_term,5.0,,TN1_0|FN1_0TN0_6|FN0_5TN0_1|F0_0T0_4|F0_5T0_9|F1_0T1_4|F1_5T1_9|F2_0T2_4|F2_5T2_9|F3_0T3_4|F3_5T3_9|F4_0,4.0,40,0.0047531323114500005,0.0047531323114500005,0.0047531323114500005,8,8,0.2,0.2,False
ecb,rgdp,real_gdp_yoy,2014,4,2019,2019,longer_term,5.0,,TN1_0|FN1_0TN0_6|FN0_5TN0_1|F0_0T0_4|F0_5T0_9|F1_0T1_4|F1_5T1_9|F2_0T2_4|F2_5T2_9|F3_0T3_4|F3_5T3_9|F4_0,5.0,40,0.0,0.0047531323114500005,,0,8,0.0,0.2,True
ecb,rgdp,real_gdp_yoy,2014,4,2019,2019,longer_term,5.0,,TN1_0|FN1_0TN0_6|FN0_5TN0_1|F0_0T0_4|F0_5T0_9|F1_0T1_4|F1_5T1_9|F2_0T2_4|F2_5T2_9|F3_0T3_4|F3_5T3_9|F4_0,10.0,40,0.0,0.0047531323114500005,,0,8,0.0,0.2,True
ecb,rgdp,real_gdp_yoy,2014,4,,2015Q2,rolling_1y,1.0,,TN1_0|FN1_0TN0_6|FN0_5TN0_1|F0_0T0_4|F0_5T0_9|F1_0T1_4|F1_5T1_9|F2_0T2_4|F2_5T2_9|F3_0T3_4|F3_5T3_9|F4_0,3.0,39,0.016125125136564104,0.016125125136564104,0.016125125136564104,11,11,0.28205128205128205,0.28205128205128205,False
ecb,rgdp,real_gdp_yoy,2014,4,,2015Q2,rolling_1y,1.0,,TN1_0|FN1_0TN0_6|FN0_5TN0_1|F0_0T0_4|F0_5T0_9|F1_0T1_4|F1_5T1_9|F2_0T2_4|F2_5T2_9|F3_0T3_4|F3_5T3_9|F4_0,4.0,39,0.001696141518974359,0.001696141518974359,0.001696141518974359,6,6,0.15384615384615385,0.15384615384615385,False
ecb,rgdp,real_gdp_yoy,2014,4,,2015Q2,rolling_1y,1.0,,TN1_0|FN1_0TN0_6|FN0_5TN0_1|F0_0T0_4|F0_5T0_9|F1_0T1_4|F1_5T1_9|F2_0T2_4|F2_5T2_9|F3_0T3_4|F3_5T3_9|F4_0,5.0,39,0.0,0.001696141518974359,,0,6,0.0,0.15384615384615385,True
ecb,rgdp,real_gdp_yoy,2014,4,,2015Q2,rolling_1y,1.0,,TN1_0|FN1_0TN0_6|FN0_5TN0_1|F0_0T0_4|F0_5T0_9|F1_0T1_4|F1_5T1_9|F2_0T2_4|F2_5T2_9|F3_0T3_4|F3_5T3_9|F4_0,10.0,39,0.0,0.001696141518974359,,0,6,0.0,0.15384615384615385,True
ecb,rgdp,real_gdp_yoy,2014,4,,2016Q2,rolling_2y,2.0,,TN1_0|FN1_0TN0_6|FN0_5TN0_1|F0_0T0_4|F0_5T0_9|F1_0T1_4|F1_5T1_9|F2_0T2_4|F2_5T2_9|F3_0T3_4|F3_5T3_9|F4_0,3.0,36,0.03856011776030555,0.03856011776030555,0.03856011776030555,15,15,0.4166666666666667,0.4166666666666667,False
ecb,rgdp,real_gdp_yoy,2014,4,,2016Q2,rolling_2y,2.0,,TN1_0|FN1_0TN0_6|FN0_5TN0_1|F0_0T0_4|F0_5T0_9|F1_0T1_4|F1_5T1_9|F2_0T2_4|F2_5T2_9|F3_0T3_4|F3_5T3_9|F4_0,4.0,36,0.006144755409972222,0.006144755409972222,0.006144755409972222,5,5,0.1388888888888889,0.1388888888888889,False
ecb,rgdp,real_gdp_yoy,2014,4,,2016Q2,rolling_2y,2.0,,TN1_0|FN1_0TN0_6|FN0_5TN0_1|F0_0T0_4|F0_5T0_9|F1_0T1_4|F1_5T1_9|F2_0T2_4|F2_5T2_9|F3_0T3_4|F3_5T3_9|F4_0,5.0,36,0.0,0.006144755409972222,,0,5,0.0,0.1388888888888889,True
ecb,rgdp,real_gdp_yoy,2014,4,,2016Q2,rolling_2y,2.0,,TN1_0|FN1_0TN0_6|FN0_5TN0_1|F0_0T0_4|F0_5T0_9|F1_0T1_4|F1_5T1_9|F2_0T2_4|F2_5T2_9|F3_0T3_4|F3_5T3_9|F4_0,10.0,36,0.0,0.006144755409972222,,0,5,0.0,0.1388888888888889,True
ecb,rgdp,real_gdp_yoy,2015,1,2015,2015,current_year,0.0,,TN1_0|FN1_0TN0_6|FN0_5TN0_1|F0_0T0_4|F0_5T0_9|F1_0T1_4|F1_5T1_9|F2_0T2_4|F2_5T2_9|F3_0T3_4|F3_5T3_9|F4_0,3.0,52,0.005606939526115384,0.005606939526115384,0.005606939526115384,8,8,0.15384615384615385,0.15384615384615385,False
ecb,rgdp,real_gdp_yoy,2015,1,2015,2015,current_year,0.0,,TN1_0|FN1_0TN0_6|FN0_5TN0_1|F0_0T0_4|F0_5T0_9|F1_0T1_4|F1_5T1_9|F2_0T2_4|F2_5T2_9|F3_0T3_4|F3_5T3_9|F4_0,4.0,52,0.0008448680913653845,0.0008448680913653845,0.0008448680913653845,5,5,0.09615384615384616,0.09615384615384616,False
ecb,rgdp,real_gdp_yoy,2015,1,2015,2015,current_year,0.0,,TN1_0|FN1_0TN0_6|FN0_5TN0_1|F0_0T0_4|F0_5T0_9|F1_0T1_4|F1_5T1_9|F2_0T2_4|F2_5T2_9|F3_0T3_4|F3_5T3_9|F4_0,5.0,52,0.0,0.0008448680913653845,,0,5,0.0,0.09615384615384616,True
ecb,rgdp,real_gdp_yoy,2015,1,2015,2015,current_year,0.0,,TN1_0|FN1_0TN0_6|FN0_5TN0_1|F0_0T0_4|F0_5T0_9|F1_0T1_4|F1_5T1_9|F2_0T2_4|F2_5T2_9|F3_0T3_4|F3_5T3_9|F4_0,10.0,52,0.0,0.0008448680913653845,,0,5,0.0,0.09615384615384616,True
ecb,rgdp,real_gdp_yoy,2015,1,2016,2016,next_year,1.0,,TN1_0|FN1_0TN0_6|FN0_5TN0_1|F0_0T0_4|F0_5T0_9|F1_0T1_4|F1_5T1_9|F2_0T2_4|F2_5T2_9|F3_0T3_4|F3_5T3_9|F4_0,3.0,48,0.026447849742437506,0.026447849742437506,0.026447849742437506,17,17,0.3541666666666667,0.3541666666666667,False
ecb,rgdp,real_gdp_yoy,2015,1,2016,2016,next_year,1.0,,TN1_0|FN1_0TN0_6|FN0_5TN0_1|F0_0T0_4|F0_5T0_9|F1_0T1_4|F1_5T1_9|F2_0T2_4|F2_5T2_9|F3_0T3_4|F3_5T3_9|F4_0,4.0,48,0.003554727721479167,0.003554727721479167,0.003554727721479167,6,6,0.125,0.125,False
ecb,rgdp,real_gdp_yoy,2015,1,2016,2016,next_year,1.0,,TN1_0|FN1_0TN0_6|FN0_5TN0_1|F0_0T0_4|F0_5T0_9|F1_0T1_4|F1_5T1_9|F2_0T2_4|F2_5T2_9|F3_0T3_4|F3_5T3_9|F4_0,5.0,48,0.0,0.003554727721479167,,0,6,0.0,0.125,True
ecb,rgdp,real_gdp_yoy,2015,1,2016,2016,next_year,1.0,,TN1_0|FN1_0TN0_6|FN0_5TN0_1|F0_0T0_4|F0_5T0_9|F1_0T1_4|F1_5T1_9|F2_0T2_4|F2_5T2_9|F3_0T3_4|F3_5T3_9|F4_0,10.0,48,0.0,0.003554727721479167,,0,6,0.0,0.125,True
ecb,rgdp,real_gdp_yoy,2015,1,2017,2017,year_after_next,2.0,,TN1_0|FN1_0TN0_6|FN0_5TN0_1|F0_0T0_4|F0_5T0_9|F1_0T1_4|F1_5T1_9|F2_0T2_4|F2_5T2_9|F3_0T3_4|F3_5T3_9|F4_0,3.0,42,0.037462355600738094,0.037462355600738094,0.037462355600738094,18,18,0.42857142857142855,0.42857142857142855,False
ecb,rgdp,real_gdp_yoy,2015,1,2017,2017,year_after_next,2.0,,TN1_0|FN1_0TN0_6|FN0_5TN0_1|F0_0T0_4|F0_5T0_9|F1_0T1_4|F1_5T1_9|F2_0T2_4|F2_5T2_9|F3_0T3_4|F3_5T3_9|F4_0,4.0,42,0.005470998125595238,0.005470998125595238,0.005470998125595238,6,6,0.14285714285714285,0.14285714285714285,False
ecb,rgdp,real_gdp_yoy,2015,1,2017,2017,year_after_next,2.0,,TN1_0|FN1_0TN0_6|FN0_5TN0_1|F0_0T0_4|F0_5T0_9|F1_0T1_4|F1_5T1_9|F2_0T2_4|F2_5T2_9|F3_0T3_4|F3_5T3_9|F4_0,5.0,42,0.0,0.005470998125595238,,0,6,0.0,0.14285714285714285,True
ecb,rgdp,real_gdp_yoy,2015,1,2017,2017,year_after_next,2.0,,TN1_0|FN1_0TN0_6|FN0_5TN0_1|F0_0T0_4|F0_5T0_9|F1_0T1_4|F1_5T1_9|F2_0T2_4|F2_5T2_9|F3_0T3_4|F3_5T3_9|F4_0,10.0,42,0.0,0.005470998125595238,,0,6,0.0,0.14285714285714285,True
ecb,rgdp,real_gdp_yoy,2015,1,2019,2019,longer_term,4.0,,TN1_0|FN1_0TN0_6|FN0_5TN0_1|F0_0T0_4|F0_5T0_9|F1_0T1_4|F1_5T1_9|F2_0T2_4|F2_5T2_9|F3_0T3_4|F3_5T3_9|F4_0,3.0,44,0.04825536526877272,0.04825536526877272,0.04825536526877272,23,23,0.5227272727272727,0.5227272727272727,False
ecb,rgdp,real_gdp_yoy,2015,1,2019,2019,longer_term,4.0,,TN1_0|FN1_0TN0_6|FN0_5TN0_1|F0_0T0_4|F0_5T0_9|F1_0T1_4|F1_5T1_9|F2_0T2_4|F2_5T2_9|F3_0T3_4|F3_5T3_9|F4_0,4.0,44,0.004053918819454545,0.004053918819454545,0.004053918819454545,8,8,0.18181818181818182,0.18181818181818182,False
ecb,rgdp,real_gdp_yoy,2015,1,2019,2019,longer_term,4.0,,TN1_0|FN1_0TN0_6|FN0_5TN0_1|F0_0T0_4|F0_5T0_9|F1_0T1_4|F1_5T1_9|F2_0T2_4|F2_5T2_9|F3_0T3_4|F3_5T3_9|F4_0,5.0,44,0.0,0.004053918819454545,,0,8,0.0,0.18181818181818182,True
ecb,rgdp,real_gdp_yoy,2015,1,2019,2019,longer_term,4.0,,TN1_0|FN1_0TN0_6|FN0_5TN0_1|F0_0T0_4|F0_5T0_9|F1_0T1_4|F1_5T1_9|F2_0T2_4|F2_5T2_9|F3_0T3_4|F3_5T3_9|F4_0,10.0,44,0.0,0.004053918819454545,,0,8,0.0,0.18181818181818182,True
ecb,rgdp,real_gdp_yoy,2015,1,,2015Q3,rolling_1y,1.0,,TN1_0|FN1_0TN0_6|FN0_5TN0_1|F0_0T0_4|F0_5T0_9|F1_0T1_4|F1_5T1_9|F2_0T2_4|F2_5T2_9|F3_0T3_4|F3_5T3_9|F4_0,3.0,39,0.012482463868307692,0.012482463868307692,0.012482463868307692,9,9,0.23076923076923078,0.23076923076923078,False
ecb,rgdp,real_gdp_yoy,2015,1,,2015Q3,rolling_1y,1.0,,TN1_0|FN1_0TN0_6|FN0_5TN0_1|F0_0T0_4|F0_5T0_9|F1_0T1_4|F1_5T1_9|F2_0T2_4|F2_5T2_9|F3_0T3_4|F3_5T3_9|F4_0,4.0,39,0.001623131125974359,0.001623131125974359,0.001623131125974359,4,4,0.10256410256410256,0.10256410256410256,False
ecb,rgdp,real_gdp_yoy,2015,1,,2015Q3,rolling_1y,1.0,,TN1_0|FN1_0TN0_6|FN0_5TN0_1|F0_0T0_4|F0_5T0_9|F1_0T1_4|F1_5T1_9|F2_0T2_4|F2_5T2_9|F3_0T3_4|F3_5T3_9|F4_0,5.0,39,0.0,0.001623131125974359,,0,4,0.0,0.10256410256410256,True
ecb,rgdp,real_gdp_yoy,2015,1,,2015Q3,rolling_1y,1.0,,TN1_0|FN1_0TN0_6|FN0_5TN0_1|F0_0T0_4|F0_5T0_9|F1_0T1_4|F1_5T1_9|F2_0T2_4|F2_5T2_9|F3_0T3_4|F3_5T3_9|F4_0,10.0,39,0.0,0.001623131125974359,,0,4,0.0,0.10256410256410256,True
ecb,rgdp,real_gdp_yoy,2015,1,,2016Q3,rolling_2y,2.0,,TN1_0|FN1_0TN0_6|FN0_5TN0_1|F0_0T0_4|F0_5T0_9|F1_0T1_4|F1_5T1_9|F2_0T2_4|F2_5T2_9|F3_0T3_4|F3_5T3_9|F4_0,3.0,37,0.03834567083110811,0.03834567083110811,0.03834567083110811,15,15,0.40540540540540543,0.40540540540540543,False
ecb,rgdp,real_gdp_yoy,2015,1,,2016Q3,rolling_2y,2.0,,TN1_0|FN1_0TN0_6|FN0_5TN0_1|F0_0T0_4|F0_5T0_9|F1_0T1_4|F1_5T1_9|F2_0T2_4|F2_5T2_9|F3_0T3_4|F3_5T3_9|F4_0,4.0,37,0.005820029075243244,0.005820029075243244,0.005820029075243244,6,6,0.16216216216216217,0.16216216216216217,False
ecb,rgdp,real_gdp_yoy,2015,1,,2016Q3,rolling_2y,2.0,,TN1_0|FN1_0TN0_6|FN0_5TN0_1|F0_0T0_4|F0_5T0_9|F1_0T1_4|F1_5T1_9|F2_0T2_4|F2_5T2_9|F3_0T3_4|F3_5T3_9|F4_0,5.0,37,0.0,0.005820029075243244,,0,6,0.0,0.16216216216216217,True
ecb,rgdp,real_gdp_yoy,2015,1,,2016Q3,rolling_2y,2.0,,TN1_0|FN1_0TN0_6|FN0_5TN0_1|F0_0T0_4|F0_5T0_9|F1_0T1_4|F1_5T1_9|F2_0T2_4|F2_5T2_9|F3_0T3_4|F3_5T3_9|F4_0,10.0,37,0.0,0.005820029075243244,,0,6,0.0,0.16216216216216217,True
ecb,rgdp,real_gdp_yoy,2015,2,2015,2015,current_year,0.0,,TN1_0|FN1_0TN0_6|FN0_5TN0_1|F0_0T0_4|F0_5T0_9|F1_0T1_4|F1_5T1_9|F2_0T2_4|F2_5T2_9|F3_0T3_4|F3_5T3_9|F4_0,3.0,56,0.006691923504214286,0.006691923504214286,0.006691923504214286,9,9,0.16071428571428573,0.16071428571428573,False
ecb,rgdp,real_gdp_yoy,2015,2,2015,2015,current_year,0.0,,TN1_0|FN1_0TN0_6|FN0_5TN0_1|F0_0T0_4|F0_5T0_9|F1_0T1_4|F1_5T1_9|F2_0T2_4|F2_5T2_9|F3_0T3_4|F3_5T3_9|F4_0,4.0,56,0.0010105835655357142,0.0010105835655357142,0.0010105835655357142,5,5,0.08928571428571429,0.08928571428571429,False
ecb,rgdp,real_gdp_yoy,2015,2,2015,2015,current_year,0.0,,TN1_0|FN1_0TN0_6|FN0_5TN0_1|F0_0T0_4|F0_5T0_9|F1_0T1_4|F1_5T1_9|F2_0T2_4|F2_5T2_9|F3_0T3_4|F3_5T3_9|F4_0,5.0,56,0.0,0.0010105835655357142,,0,5,0.0,0.08928571428571429,True
ecb,rgdp,real_gdp_yoy,2015,2,2015,2015,current_year,0.0,,TN1_0|FN1_0TN0_6|FN0_5TN0_1|F0_0T0_4|F0_5T0_9|F1_0T1_4|F1_5T1_9|F2_0T2_4|F2_5T2_9|F3_0T3_4|F3_5T3_9|F4_0,10.0,56,0.0,0.0010105835655357142,,0,5,0.0,0.08928571428571429,True
ecb,rgdp,real_gdp_yoy,2015,2,2016,2016,next_year,1.0,,TN1_0|FN1_0TN0_6|FN0_5TN0_1|F0_0T0_4|F0_5T0_9|F1_0T1_4|F1_5T1_9|F2_0T2_4|F2_5T2_9|F3_0T3_4|F3_5T3_9|F4_0,3.0,54,0.038151611155407404,0.038151611155407404,0.038151611155407404,25,25,0.46296296296296297,0.46296296296296297,False
ecb,rgdp,real_gdp_yoy,2015,2,2016,2016,next_year,1.0,,TN1_0|FN1_0TN0_6|FN0_5TN0_1|F0_0T0_4|F0_5T0_9|F1_0T1_4|F1_5T1_9|F2_0T2_4|F2_5T2_9|F3_0T3_4|F3_5T3_9|F4_0,4.0,54,0.004880859218370371,0.004880859218370371,0.004880859218370371,7,7,0.12962962962962962,0.12962962962962962,False
ecb,rgdp,real_gdp_yoy,2015,2,2016,2016,next_year,1.0,,TN1_0|FN1_0TN0_6|FN0_5TN0_1|F0_0T0_4|F0_5T0_9|F1_0T1_4|F1_5T1_9|F2_0T2_4|F2_5T2_9|F3_0T3_4|F3_5T3_9|F4_0,5.0,54,0.0,0.004880859218370371,,0,7,0.0,0.12962962962962962,True
ecb,rgdp,real_gdp_yoy,2015,2,2016,2016,next_year,1.0,,TN1_0|FN1_0TN0_6|FN0_5TN0_1|F0_0T0_4|F0_5T0_9|F1_0T1_4|F1_5T1_9|F2_0T2_4|F2_5T2_9|F3_0T3_4|F3_5T3_9|F4_0,10.0,54,0.0,0.004880859218370371,,0,7,0.0,0.12962962962962962,True
ecb,rgdp,real_gdp_yoy,2015,2,2017,2017,year_after_next,2.0,,TN1_0|FN1_0TN0_6|FN0_5TN0_1|F0_0T0_4|F0_5T0_9|F1_0T1_4|F1_5T1_9|F2_0T2_4|F2_5T2_9|F3_0T3_4|F3_5T3_9|F4_0,3.0,47,0.038340802174978726,0.038340802174978726,0.038340802174978726,22,22,0.46808510638297873,0.46808510638297873,False
ecb,rgdp,real_gdp_yoy,2015,2,2017,2017,year_after_next,2.0,,TN1_0|FN1_0TN0_6|FN0_5TN0_1|F0_0T0_4|F0_5T0_9|F1_0T1_4|F1_5T1_9|F2_0T2_4|F2_5T2_9|F3_0T3_4|F3_5T3_9|F4_0,4.0,47,0.004905812566872341,0.004905812566872341,0.004905812566872341,7,7,0.14893617021276595,0.14893617021276595,False
ecb,rgdp,real_gdp_yoy,2015,2,2017,2017,year_after_next,2.0,,TN1_0|FN1_0TN0_6|FN0_5TN0_1|F0_0T0_4|F0_5T0_9|F1_0T1_4|F1_5T1_9|F2_0T2_4|F2_5T2_9|F3_0T3_4|F3_5T3_9|F4_0,5.0,47,0.0,0.004905812566872341,,0,7,0.0,0.14893617021276595,True
ecb,rgdp,real_gdp_yoy,2015,2,2017,2017,year_after_next,2.0,,TN1_0|FN1_0TN0_6|FN0_5TN0_1|F0_0T0_4|F0_5T0_9|F1_0T1_4|F1_5T1_9|F2_0T2_4|F2_5T2_9|F3_0T3_4|F3_5T3_9|F4_0,10.0,47,0.0,0.004905812566872341,,0,7,0.0,0.14893617021276595,True
ecb,rgdp,real_gdp_yoy,2015,2,2019,2019,longer_term,4.0,,TN1_0|FN1_0TN0_6|FN0_5TN0_1|F0_0T0_4|F0_5T0_9|F1_0T1_4|F1_5T1_9|F2_0T2_4|F2_5T2_9|F3_0T3_4|F3_5T3_9|F4_0,3.0,43,0.05971257001595349,0.05971257001595349,0.05971257001595349,25,25,0.5813953488372093,0.5813953488372093,False
ecb,rgdp,real_gdp_yoy,2015,2,2019,2019,longer_term,4.0,,TN1_0|FN1_0TN0_6|FN0_5TN0_1|F0_0T0_4|F0_5T0_9|F1_0T1_4|F1_5T1_9|F2_0T2_4|F2_5T2_9|F3_0T3_4|F3_5T3_9|F4_0,4.0,43,0.004627671609860464,0.004627671609860464,0.004627671609860464,9,9,0.20930232558139536,0.20930232558139536,False
ecb,rgdp,real_gdp_yoy,2015,2,2019,2019,longer_term,4.0,,TN1_0|FN1_0TN0_6|FN0_5TN0_1|F0_0T0_4|F0_5T0_9|F1_0T1_4|F1_5T1_9|F2_0T2_4|F2_5T2_9|F3_0T3_4|F3_5T3_9|F4_0,5.0,43,0.0,0.004627671609860464,,0,9,0.0,0.20930232558139536,True
ecb,rgdp,real_gdp_yoy,2015,2,2019,2019,longer_term,4.0,,TN1_0|FN1_0TN0_6|FN0_5TN0_1|F0_0T0_4|F0_5T0_9|F1_0T1_4|F1_5T1_9|F2_0T2_4|F2_5T2_9|F3_0T3_4|F3_5T3_9|F4_0,10.0,43,0.0,0.004627671609860464,,0,9,0.0,0.20930232558139536,True
ecb,rgdp,real_gdp_yoy,2015,2,,2015Q4,rolling_1y,1.0,,TN1_0|FN1_0TN0_6|FN0_5TN0_1|F0_0T0_4|F0_5T0_9|F1_0T1_4|F1_5T1_9|F2_0T2_4|F2_5T2_9|F3_0T3_4|F3_5T3_9|F4_0,3.0,41,0.0377182270505122,0.0377182270505122,0.0377182270505122,18,18,0.43902439024390244,0.43902439024390244,False
ecb,rgdp,real_gdp_yoy,2015,2,,2015Q4,rolling_1y,1.0,,TN1_0|FN1_0TN0_6|FN0_5TN0_1|F0_0T0_4|F0_5T0_9|F1_0T1_4|F1_5T1_9|F2_0T2_4|F2_5T2_9|F3_0T3_4|F3_5T3_9|F4_0,4.0,41,0.003578232090170732,0.003578232090170732,0.003578232090170732,7,7,0.17073170731707318,0.17073170731707318,False
ecb,rgdp,real_gdp_yoy,2015,2,,2015Q4,rolling_1y,1.0,,TN1_0|FN1_0TN0_6|FN0_5TN0_1|F0_0T0_4|F0_5T0_9|F1_0T1_4|F1_5T1_9|F2_0T2_4|F2_5T2_9|F3_0T3_4|F3_5T3_9|F4_0,5.0,41,0.0,0.003578232090170732,,0,7,0.0,0.17073170731707318,True
ecb,rgdp,real_gdp_yoy,2015,2,,2015Q4,rolling_1y,1.0,,TN1_0|FN1_0TN0_6|FN0_5TN0_1|F0_0T0_4|F0_5T0_9|F1_0T1_4|F1_5T1_9|F2_0T2_4|F2_5T2_9|F3_0T3_4|F3_5T3_9|F4_0,10.0,41,0.0,0.003578232090170732,,0,7,0.0,0.17073170731707318,True
ecb,rgdp,real_gdp_yoy,2015,2,,2016Q4,rolling_2y,2.0,,TN1_0|FN1_0TN0_6|FN0_5TN0_1|F0_0T0_4|F0_5T0_9|F1_0T1_4|F1_5T1_9|F2_0T2_4|F2_5T2_9|F3_0T3_4|F3_5T3_9|F4_0,3.0,40,0.052329952034974994,0.052329952034974994,0.052329952034974994,21,21,0.525,0.525,False
ecb,rgdp,real_gdp_yoy,2015,2,,2016Q4,rolling_2y,2.0,,TN1_0|FN1_0TN0_6|FN0_5TN0_1|F0_0T0_4|F0_5T0_9|F1_0T1_4|F1_5T1_9|F2_0T2_4|F2_5T2_9|F3_0T3_4|F3_5T3_9|F4_0,4.0,40,0.0066064430495999995,0.0066064430495999995,0.0066064430495999995,8,8,0.2,0.2,False
ecb,rgdp,real_gdp_yoy,2015,2,,2016Q4,rolling_2y,2.0,,TN1_0|FN1_0TN0_6|FN0_5TN0_1|F0_0T0_4|F0_5T0_9|F1_0T1_4|F1_5T1_9|F2_0T2_4|F2_5T2_9|F3_0T3_4|F3_5T3_9|F4_0,5.0,40,0.0,0.0066064430495999995,,0,8,0.0,0.2,True
ecb,rgdp,real_gdp_yoy,2015,2,,2016Q4,rolling_2y,2.0,,TN1_0|FN1_0TN0_6|FN0_5TN0_1|F0_0T0_4|F0_5T0_9|F1_0T1_4|F1_5T1_9|F2_0T2_4|F2_5T2_9|F3_0T3_4|F3_5T3_9|F4_0,10.0,40,0.0,0.0066064430495999995,,0,8,0.0,0.2,True
ecb,rgdp,real_gdp_yoy,2015,3,2015,2015,current_year,0.0,,TN1_0|FN1_0TN0_6|FN0_5TN0_1|F0_0T0_4|F0_5T0_9|F1_0T1_4|F1_5T1_9|F2_0T2_4|F2_5T2_9|F3_0T3_4|F3_5T3_9|F4_0,3.0,47,0.006471873298131417,0.006471873298131417,0.006471873298131417,8,8,0.1702127659574468,0.1702127659574468,False
ecb,rgdp,real_gdp_yoy,2015,3,2015,2015,current_year,0.0,,TN1_0|FN1_0TN0_6|FN0_5TN0_1|F0_0T0_4|F0_5T0_9|F1_0T1_4|F1_5T1_9|F2_0T2_4|F2_5T2_9|F3_0T3_4|F3_5T3_9|F4_0,4.0,47,0.0010898592993840678,0.0010898592993840678,0.0010898592993840678,3,3,0.06382978723404255,0.06382978723404255,False
ecb,rgdp,real_gdp_yoy,2015,3,2015,2015,current_year,0.0,,TN1_0|FN1_0TN0_6|FN0_5TN0_1|F0_0T0_4|F0_5T0_9|F1_0T1_4|F1_5T1_9|F2_0T2_4|F2_5T2_9|F3_0T3_4|F3_5T3_9|F4_0,5.0,47,0.0,0.0010898592993840678,,0,3,0.0,0.06382978723404255,True
ecb,rgdp,real_gdp_yoy,2015,3,2015,2015,current_year,0.0,,TN1_0|FN1_0TN0_6|FN0_5TN0_1|F0_0T0_4|F0_5T0_9|F1_0T1_4|F1_5T1_9|F2_0T2_4|F2_5T2_9|F3_0T3_4|F3_5T3_9|F4_0,10.0,47,0.0,0.0010898592993840678,,0,3,0.0,0.06382978723404255,True
ecb,rgdp,real_gdp_yoy,2015,3,2016,2016,next_year,1.0,,TN1_0|FN1_0TN0_6|FN0_5TN0_1|F0_0T0_4|F0_5T0_9|F1_0T1_4|F1_5T1_9|F2_0T2_4|F2_5T2_9|F3_0T3_4|F3_5T3_9|F4_0,3.0,45,0.03727003120136376,0.03727003120136376,0.03727003120136376,15,15,0.3333333333333333,0.3333333333333333,False
ecb,rgdp,real_gdp_yoy,2015,3,2016,2016,next_year,1.0,,TN1_0|FN1_0TN0_6|FN0_5TN0_1|F0_0T0_4|F0_5T0_9|F1_0T1_4|F1_5T1_9|F2_0T2_4|F2_5T2_9|F3_0T3_4|F3_5T3_9|F4_0,4.0,45,0.005680271607336185,0.005680271607336185,0.005680271607336185,6,6,0.13333333333333333,0.13333333333333333,False
ecb,rgdp,real_gdp_yoy,2015,3,2016,2016,next_year,1.0,,TN1_0|FN1_0TN0_6|FN0_5TN0_1|F0_0T0_4|F0_5T0_9|F1_0T1_4|F1_5T1_9|F2_0T2_4|F2_5T2_9|F3_0T3_4|F3_5T3_9|F4_0,5.0,45,0.0,0.005680271607336185,,0,6,0.0,0.13333333333333333,True
ecb,rgdp,real_gdp_yoy,2015,3,2016,2016,next_year,1.0,,TN1_0|FN1_0TN0_6|FN0_5TN0_1|F0_0T0_4|F0_5T0_9|F1_0T1_4|F1_5T1_9|F2_0T2_4|F2_5T2_9|F3_0T3_4|F3_5T3_9|F4_0,10.0,45,0.0,0.005680271607336185,,0,6,0.0,0.13333333333333333,True
ecb,rgdp,real_gdp_yoy,2015,3,2017,2017,year_after_next,2.0,,TN1_0|FN1_0TN0_6|FN0_5TN0_1|F0_0T0_4|F0_5T0_9|F1_0T1_4|F1_5T1_9|F2_0T2_4|F2_5T2_9|F3_0T3_4|F3_5T3_9|F4_0,3.0,39,0.043109383212068655,0.043109383212068655,0.043109383212068655,18,18,0.46153846153846156,0.46153846153846156,False
ecb,rgdp,real_gdp_yoy,2015,3,2017,2017,year_after_next,2.0,,TN1_0|FN1_0TN0_6|FN0_5TN0_1|F0_0T0_4|F0_5T0_9|F1_0T1_4|F1_5T1_9|F2_0T2_4|F2_5T2_9|F3_0T3_4|F3_5T3_9|F4_0,4.0,39,0.005470847180748162,0.005470847180748162,0.005470847180748162,5,5,0.1282051282051282,0.1282051282051282,False
ecb,rgdp,real_gdp_yoy,2015,3,2017,2017,year_after_next,2.0,,TN1_0|FN1_0TN0_6|FN0_5TN0_1|F0_0T0_4|F0_5T0_9|F1_0T1_4|F1_5T1_9|F2_0T2_4|F2_5T2_9|F3_0T3_4|F3_5T3_9|F4_0,5.0,39,0.0,0.005470847180748162,,0,5,0.0,0.1282051282051282,True
ecb,rgdp,real_gdp_yoy,2015,3,2017,2017,year_after_next,2.0,,TN1_0|FN1_0TN0_6|FN0_5TN0_1|F0_0T0_4|F0_5T0_9|F1_0T1_4|F1_5T1_9|F2_0T2_4|F2_5T2_9|F3_0T3_4|F3_5T3_9|F4_0,10.0,39,0.0,0.005470847180748162,,0,5,0.0,0.1282051282051282,True
ecb,rgdp,real_gdp_yoy,2015,3,2020,2020,longer_term,5.0,,TN1_0|FN1_0TN0_6|FN0_5TN0_1|F0_0T0_4|F0_5T0_9|F1_0T1_4|F1_5T1_9|F2_0T2_4|F2_5T2_9|F3_0T3_4|F3_5T3_9|F4_0,3.0,35,0.05247767789241218,0.05247767789241218,0.05247767789241218,18,18,0.5142857142857142,0.5142857142857142,False
ecb,rgdp,real_gdp_yoy,2015,3,2020,2020,longer_term,5.0,,TN1_0|FN1_0TN0_6|FN0_5TN0_1|F0_0T0_4|F0_5T0_9|F1_0T1_4|F1_5T1_9|F2_0T2_4|F2_5T2_9|F3_0T3_4|F3_5T3_9|F4_0,4.0,35,0.004216010423574495,0.004216010423574495,0.004216010423574495,7,7,0.2,0.2,False
ecb,rgdp,real_gdp_yoy,2015,3,2020,2020,longer_term,5.0,,TN1_0|FN1_0TN0_6|FN0_5TN0_1|F0_0T0_4|F0_5T0_9|F1_0T1_4|F1_5T1_9|F2_0T2_4|F2_5T2_9|F3_0T3_4|F3_5T3_9|F4_0,5.0,35,0.0,0.004216010423574495,,0,7,0.0,0.2,True
ecb,rgdp,real_gdp_yoy,2015,3,2020,2020,longer_term,5.0,,TN1_0|FN1_0TN0_6|FN0_5TN0_1|F0_0T0_4|F0_5T0_9|F1_0T1_4|F1_5T1_9|F2_0T2_4|F2_5T2_9|F3_0T3_4|F3_5T3_9|F4_0,10.0,35,0.0,0.004216010423574495,,0,7,0.0,0.2,True
ecb,rgdp,real_gdp_yoy,2015,3,,2016Q1,rolling_1y,1.0,,TN1_0|FN1_0TN0_6|FN0_5TN0_1|F0_0T0_4|F0_5T0_9|F1_0T1_4|F1_5T1_9|F2_0T2_4|F2_5T2_9|F3_0T3_4|F3_5T3_9|F4_0,3.0,33,0.03879052860400129,0.03879052860400129,0.03879052860400129,13,13,0.3939393939393939,0.3939393939393939,False
ecb,rgdp,real_gdp_yoy,2015,3,,2016Q1,rolling_1y,1.0,,TN1_0|FN1_0TN0_6|FN0_5TN0_1|F0_0T0_4|F0_5T0_9|F1_0T1_4|F1_5T1_9|F2_0T2_4|F2_5T2_9|F3_0T3_4|F3_5T3_9|F4_0,4.0,33,0.004110785686547178,0.004110785686547178,0.004110785686547178,5,5,0.15151515151515152,0.15151515151515152,False
ecb,rgdp,real_gdp_yoy,2015,3,,2016Q1,rolling_1y,1.0,,TN1_0|FN1_0TN0_6|FN0_5TN0_1|F0_0T0_4|F0_5T0_9|F1_0T1_4|F1_5T1_9|F2_0T2_4|F2_5T2_9|F3_0T3_4|F3_5T3_9|F4_0,5.0,33,0.0,0.004110785686547178,,0,5,0.0,0.15151515151515152,True
ecb,rgdp,real_gdp_yoy,2015,3,,2016Q1,rolling_1y,1.0,,TN1_0|FN1_0TN0_6|FN0_5TN0_1|F0_0T0_4|F0_5T0_9|F1_0T1_4|F1_5T1_9|F2_0T2_4|F2_5T2_9|F3_0T3_4|F3_5T3_9|F4_0,10.0,33,0.0,0.004110785686547178,,0,5,0.0,0.15151515151515152,True
ecb,rgdp,real_gdp_yoy,2015,3,,2017Q1,rolling_2y,2.0,,TN1_0|FN1_0TN0_6|FN0_5TN0_1|F0_0T0_4|F0_5T0_9|F1_0T1_4|F1_5T1_9|F2_0T2_4|F2_5T2_9|F3_0T3_4|F3_5T3_9|F4_0,3.0,29,0.05678193536409605,0.05678193536409605,0.05678193536409605,16,16,0.5517241379310345,0.5517241379310345,False
ecb,rgdp,real_gdp_yoy,2015,3,,2017Q1,rolling_2y,2.0,,TN1_0|FN1_0TN0_6|FN0_5TN0_1|F0_0T0_4|F0_5T0_9|F1_0T1_4|F1_5T1_9|F2_0T2_4|F2_5T2_9|F3_0T3_4|F3_5T3_9|F4_0,4.0,29,0.006513525268411457,0.006513525268411457,0.006513525268411457,5,5,0.1724137931034483,0.1724137931034483,False
ecb,rgdp,real_gdp_yoy,2015,3,,2017Q1,rolling_2y,2.0,,TN1_0|FN1_0TN0_6|FN0_5TN0_1|F0_0T0_4|F0_5T0_9|F1_0T1_4|F1_5T1_9|F2_0T2_4|F2_5T2_9|F3_0T3_4|F3_5T3_9|F4_0,5.0,29,0.0,0.006513525268411457,,0,5,0.0,0.1724137931034483,True
ecb,rgdp,real_gdp_yoy,2015,3,,2017Q1,rolling_2y,2.0,,TN1_0|FN1_0TN0_6|FN0_5TN0_1|F0_0T0_4|F0_5T0_9|F1_0T1_4|F1_5T1_9|F2_0T2_4|F2_5T2_9|F3_0T3_4|F3_5T3_9|F4_0,10.0,29,0.0,0.006513525268411457,,0,5,0.0,0.1724137931034483,True
ecb,rgdp,real_gdp_yoy,2015,4,2015,2015,current_year,0.0,,TN1_0|FN1_0TN0_6|FN0_5TN0_1|F0_0T0_4|F0_5T0_9|F1_0T1_4|F1_5T1_9|F2_0T2_4|F2_5T2_9|F3_0T3_4|F3_5T3_9|F4_0,3.0,50,0.00566401234552,0.00566401234552,0.00566401234552,7,7,0.14,0.14,False
ecb,rgdp,real_gdp_yoy,2015,4,2015,2015,current_year,0.0,,TN1_0|FN1_0TN0_6|FN0_5TN0_1|F0_0T0_4|F0_5T0_9|F1_0T1_4|F1_5T1_9|F2_0T2_4|F2_5T2_9|F3_0T3_4|F3_5T3_9|F4_0,4.0,50,0.00074000195314,0.00074000195314,0.00074000195314,2,2,0.04,0.04,False
ecb,rgdp,real_gdp_yoy,2015,4,2015,2015,current_year,0.0,,TN1_0|FN1_0TN0_6|FN0_5TN0_1|F0_0T0_4|F0_5T0_9|F1_0T1_4|F1_5T1_9|F2_0T2_4|F2_5T2_9|F3_0T3_4|F3_5T3_9|F4_0,5.0,50,0.0,0.00074000195314,,0,2,0.0,0.04,True
ecb,rgdp,real_gdp_yoy,2015,4,2015,2015,current_year,0.0,,TN1_0|FN1_0TN0_6|FN0_5TN0_1|F0_0T0_4|F0_5T0_9|F1_0T1_4|F1_5T1_9|F2_0T2_4|F2_5T2_9|F3_0T3_4|F3_5T3_9|F4_0,10.0,50,0.0,0.00074000195314,,0,2,0.0,0.04,True
ecb,rgdp,real_gdp_yoy,2015,4,2016,2016,next_year,1.0,,TN1_0|FN1_0TN0_6|FN0_5TN0_1|F0_0T0_4|F0_5T0_9|F1_0T1_4|F1_5T1_9|F2_0T2_4|F2_5T2_9|F3_0T3_4|F3_5T3_9|F4_0,3.0,51,0.02893376754047059,0.02893376754047059,0.02893376754047059,18,18,0.35294117647058826,0.35294117647058826,False
ecb,rgdp,real_gdp_yoy,2015,4,2016,2016,next_year,1.0,,TN1_0|FN1_0TN0_6|FN0_5TN0_1|F0_0T0_4|F0_5T0_9|F1_0T1_4|F1_5T1_9|F2_0T2_4|F2_5T2_9|F3_0T3_4|F3_5T3_9|F4_0,4.0,51,0.0032201113182549024,0.0032201113182549024,0.0032201113182549024,8,8,0.1568627450980392,0.1568627450980392,False
ecb,rgdp,real_gdp_yoy,2015,4,2016,2016,next_year,1.0,,TN1_0|FN1_0TN0_6|FN0_5TN0_1|F0_0T0_4|F0_5T0_9|F1_0T1_4|F1_5T1_9|F2_0T2_4|F2_5T2_9|F3_0T3_4|F3_5T3_9|F4_0,5.0,51,0.0,0.0032201113182549024,,0,8,0.0,0.1568627450980392,True
ecb,rgdp,real_gdp_yoy,2015,4,2016,2016,next_year,1.0,,TN1_0|FN1_0TN0_6|FN0_5TN0_1|F0_0T0_4|F0_5T0_9|F1_0T1_4|F1_5T1_9|F2_0T2_4|F2_5T2_9|F3_0T3_4|F3_5T3_9|F4_0,10.0,51,0.0,0.0032201113182549024,,0,8,0.0,0.1568627450980392,True
ecb,rgdp,real_gdp_yoy,2015,4,2017,2017,year_after_next,2.0,,TN1_0|FN1_0TN0_6|FN0_5TN0_1|F0_0T0_4|F0_5T0_9|F1_0T1_4|F1_5T1_9|F2_0T2_4|F2_5T2_9|F3_0T3_4|F3_5T3_9|F4_0,3.0,45,0.04024444444444445,0.04024444444444445,0.04024444444444445,21,21,0.4666666666666667,0.4666666666666667,False
ecb,rgdp,real_gdp_yoy,2015,4,2017,2017,year_after_next,2.0,,TN1_0|FN1_0TN0_6|FN0_5TN0_1|F0_0T0_4|F0_5T0_9|F1_0T1_4|F1_5T1_9|F2_0T2_4|F2_5T2_9|F3_0T3_4|F3_5T3_9|F4_0,4.0,45,0.005177777777777778,0.005177777777777778,0.005177777777777778,8,8,0.17777777777777778,0.17777777777777778,False
ecb,rgdp,real_gdp_yoy,2015,4,2017,2017,year_after_next,2.0,,TN1_0|FN1_0TN0_6|FN0_5TN0_1|F0_0T0_4|F0_5T0_9|F1_0T1_4|F1_5T1_9|F2_0T2_4|F2_5T2_9|F3_0T3_4|F3_5T3_9|F4_0,5.0,45,0.0,0.005177777777777778,,0,8,0.0,0.17777777777777778,True
ecb,rgdp,real_gdp_yoy,2015,4,2017,2017,year_after_next,2.0,,TN1_0|FN1_0TN0_6|FN0_5TN0_1|F0_0T0_4|F0_5T0_9|F1_0T1_4|F1_5T1_9|F2_0T2_4|F2_5T2_9|F3_0T3_4|F3_5T3_9|F4_0,10.0,45,0.0,0.005177777777777778,,0,8,0.0,0.17777777777777778,True
ecb,rgdp,real_gdp_yoy,2015,4,2020,2020,longer_term,5.0,,TN1_0|FN1_0TN0_6|FN0_5TN0_1|F0_0T0_4|F0_5T0_9|F1_0T1_4|F1_5T1_9|F2_0T2_4|F2_5T2_9|F3_0T3_4|F3_5T3_9|F4_0,3.0,37,0.05113513513513513,0.05113513513513513,0.05113513513513513,20,20,0.5405405405405406,0.5405405405405406,False
ecb,rgdp,real_gdp_yoy,2015,4,2020,2020,longer_term,5.0,,TN1_0|FN1_0TN0_6|FN0_5TN0_1|F0_0T0_4|F0_5T0_9|F1_0T1_4|F1_5T1_9|F2_0T2_4|F2_5T2_9|F3_0T3_4|F3_5T3_9|F4_0,4.0,37,0.0038108108108108104,0.0038108108108108104,0.0038108108108108104,9,9,0.24324324324324326,0.24324324324324326,False
ecb,rgdp,real_gdp_yoy,2015,4,2020,2020,longer_term,5.0,,TN1_0|FN1_0TN0_6|FN0_5TN0_1|F0_0T0_4|F0_5T0_9|F1_0T1_4|F1_5T1_9|F2_0T2_4|F2_5T2_9|F3_0T3_4|F3_5T3_9|F4_0,5.0,37,0.0,0.0038108108108108104,,0,9,0.0,0.24324324324324326,True
ecb,rgdp,real_gdp_yoy,2015,4,2020,2020,longer_term,5.0,,TN1_0|FN1_0TN0_6|FN0_5TN0_1|F0_0T0_4|F0_5T0_9|F1_0T1_4|F1_5T1_9|F2_0T2_4|F2_5T2_9|F3_0T3_4|F3_5T3_9|F4_0,10.0,37,0.0,0.0038108108108108104,,0,9,0.0,0.24324324324324326,True
ecb,rgdp,real_gdp_yoy,2015,4,,2016Q2,rolling_1y,1.0,,TN1_0|FN1_0TN0_6|FN0_5TN0_1|F0_0T0_4|F0_5T0_9|F1_0T1_4|F1_5T1_9|F2_0T2_4|F2_5T2_9|F3_0T3_4|F3_5T3_9|F4_0,3.0,38,0.036792822797789476,0.036792822797789476,0.036792822797789476,16,16,0.42105263157894735,0.42105263157894735,False
ecb,rgdp,real_gdp_yoy,2015,4,,2016Q2,rolling_1y,1.0,,TN1_0|FN1_0TN0_6|FN0_5TN0_1|F0_0T0_4|F0_5T0_9|F1_0T1_4|F1_5T1_9|F2_0T2_4|F2_5T2_9|F3_0T3_4|F3_5T3_9|F4_0,4.0,38,0.004709451207868422,0.004709451207868422,0.004709451207868422,8,8,0.21052631578947367,0.21052631578947367,False
ecb,rgdp,real_gdp_yoy,2015,4,,2016Q2,rolling_1y,1.0,,TN1_0|FN1_0TN0_6|FN0_5TN0_1|F0_0T0_4|F0_5T0_9|F1_0T1_4|F1_5T1_9|F2_0T2_4|F2_5T2_9|F3_0T3_4|F3_5T3_9|F4_0,5.0,38,0.0,0.004709451207868422,,0,8,0.0,0.21052631578947367,True
ecb,rgdp,real_gdp_yoy,2015,4,,2016Q2,rolling_1y,1.0,,TN1_0|FN1_0TN0_6|FN0_5TN0_1|F0_0T0_4|F0_5T0_9|F1_0T1_4|F1_5T1_9|F2_0T2_4|F2_5T2_9|F3_0T3_4|F3_5T3_9|F4_0,10.0,38,0.0,0.004709451207868422,,0,8,0.0,0.21052631578947367,True
ecb,rgdp,real_gdp_yoy,2015,4,,2017Q2,rolling_2y,2.0,,TN1_0|FN1_0TN0_6|FN0_5TN0_1|F0_0T0_4|F0_5T0_9|F1_0T1_4|F1_5T1_9|F2_0T2_4|F2_5T2_9|F3_0T3_4|F3_5T3_9|F4_0,3.0,33,0.04887878787878788,0.04887878787878788,0.04887878787878788,16,16,0.48484848484848486,0.48484848484848486,False
ecb,rgdp,real_gdp_yoy,2015,4,,2017Q2,rolling_2y,2.0,,TN1_0|FN1_0TN0_6|FN0_5TN0_1|F0_0T0_4|F0_5T0_9|F1_0T1_4|F1_5T1_9|F2_0T2_4|F2_5T2_9|F3_0T3_4|F3_5T3_9|F4_0,4.0,33,0.0058484848484848485,0.0058484848484848485,0.0058484848484848485,6,6,0.18181818181818182,0.18181818181818182,False
ecb,rgdp,real_gdp_yoy,2015,4,,2017Q2,rolling_2y,2.0,,TN1_0|FN1_0TN0_6|FN0_5TN0_1|F0_0T0_4|F0_5T0_9|F1_0T1_4|F1_5T1_9|F2_0T2_4|F2_5T2_9|F3_0T3_4|F3_5T3_9|F4_0,5.0,33,0.0,0.0058484848484848485,,0,6,0.0,0.18181818181818182,True
ecb,rgdp,real_gdp_yoy,2015,4,,2017Q2,rolling_2y,2.0,,TN1_0|FN1_0TN0_6|FN0_5TN0_1|F0_0T0_4|F0_5T0_9|F1_0T1_4|F1_5T1_9|F2_0T2_4|F2_5T2_9|F3_0T3_4|F3_5T3_9|F4_0,10.0,33,0.0,0.0058484848484848485,,0,6,0.0,0.18181818181818182,True
ecb,rgdp,real_gdp_yoy,2016,1,2016,2016,current_year,0.0,,TN1_0|FN1_0TN0_6|FN0_5TN0_1|F0_0T0_4|F0_5T0_9|F1_0T1_4|F1_5T1_9|F2_0T2_4|F2_5T2_9|F3_0T3_4|F3_5T3_9|F4_0,3.0,48,0.01564308844897917,0.01564308844897917,0.01564308844897917,11,11,0.22916666666666666,0.22916666666666666,False
ecb,rgdp,real_gdp_yoy,2016,1,2016,2016,current_year,0.0,,TN1_0|FN1_0TN0_6|FN0_5TN0_1|F0_0T0_4|F0_5T0_9|F1_0T1_4|F1_5T1_9|F2_0T2_4|F2_5T2_9|F3_0T3_4|F3_5T3_9|F4_0,4.0,48,0.0004522366881250001,0.0004522366881250001,0.0004522366881250001,5,5,0.10416666666666667,0.10416666666666667,False
ecb,rgdp,real_gdp_yoy,2016,1,2016,2016,current_year,0.0,,TN1_0|FN1_0TN0_6|FN0_5TN0_1|F0_0T0_4|F0_5T0_9|F1_0T1_4|F1_5T1_9|F2_0T2_4|F2_5T2_9|F3_0T3_4|F3_5T3_9|F4_0,5.0,48,0.0,0.0004522366881250001,,0,5,0.0,0.10416666666666667,True
ecb,rgdp,real_gdp_yoy,2016,1,2016,2016,current_year,0.0,,TN1_0|FN1_0TN0_6|FN0_5TN0_1|F0_0T0_4|F0_5T0_9|F1_0T1_4|F1_5T1_9|F2_0T2_4|F2_5T2_9|F3_0T3_4|F3_5T3_9|F4_0,10.0,48,0.0,0.0004522366881250001,,0,5,0.0,0.10416666666666667,True
ecb,rgdp,real_gdp_yoy,2016,1,2017,2017,next_year,1.0,,TN1_0|FN1_0TN0_6|FN0_5TN0_1|F0_0T0_4|F0_5T0_9|F1_0T1_4|F1_5T1_9|F2_0T2_4|F2_5T2_9|F3_0T3_4|F3_5T3_9|F4_0,3.0,46,0.032191474933456525,0.032191474933456525,0.032191474933456525,19,19,0.41304347826086957,0.41304347826086957,False
ecb,rgdp,real_gdp_yoy,2016,1,2017,2017,next_year,1.0,,TN1_0|FN1_0TN0_6|FN0_5TN0_1|F0_0T0_4|F0_5T0_9|F1_0T1_4|F1_5T1_9|F2_0T2_4|F2_5T2_9|F3_0T3_4|F3_5T3_9|F4_0,4.0,46,0.002838732809130435,0.002838732809130435,0.002838732809130435,7,7,0.15217391304347827,0.15217391304347827,False
ecb,rgdp,real_gdp_yoy,2016,1,2017,2017,next_year,1.0,,TN1_0|FN1_0TN0_6|FN0_5TN0_1|F0_0T0_4|F0_5T0_9|F1_0T1_4|F1_5T1_9|F2_0T2_4|F2_5T2_9|F3_0T3_4|F3_5T3_9|F4_0,5.0,46,0.0,0.002838732809130435,,0,7,0.0,0.15217391304347827,True
ecb,rgdp,real_gdp_yoy,2016,1,2017,2017,next_year,1.0,,TN1_0|FN1_0TN0_6|FN0_5TN0_1|F0_0T0_4|F0_5T0_9|F1_0T1_4|F1_5T1_9|F2_0T2_4|F2_5T2_9|F3_0T3_4|F3_5T3_9|F4_0,10.0,46,0.0,0.002838732809130435,,0,7,0.0,0.15217391304347827,True
ecb,rgdp,real_gdp_yoy,2016,1,2018,2018,year_after_next,2.0,,TN1_0|FN1_0TN0_6|FN0_5TN0_1|F0_0T0_4|F0_5T0_9|F1_0T1_4|F1_5T1_9|F2_0T2_4|F2_5T2_9|F3_0T3_4|F3_5T3_9|F4_0,3.0,40,0.032508704353875,0.032508704353875,0.032508704353875,22,22,0.55,0.55,False
ecb,rgdp,real_gdp_yoy,2016,1,2018,2018,year_after_next,2.0,,TN1_0|FN1_0TN0_6|FN0_5TN0_1|F0_0T0_4|F0_5T0_9|F1_0T1_4|F1_5T1_9|F2_0T2_4|F2_5T2_9|F3_0T3_4|F3_5T3_9|F4_0,4.0,40,0.001921073773,0.001921073773,0.001921073773,5,5,0.125,0.125,False
ecb,rgdp,real_gdp_yoy,2016,1,2018,2018,year_after_next,2.0,,TN1_0|FN1_0TN0_6|FN0_5TN0_1|F0_0T0_4|F0_5T0_9|F1_0T1_4|F1_5T1_9|F2_0T2_4|F2_5T2_9|F3_0T3_4|F3_5T3_9|F4_0,5.0,40,0.0,0.001921073773,,0,5,0.0,0.125,True
ecb,rgdp,real_gdp_yoy,2016,1,2018,2018,year_after_next,2.0,,TN1_0|FN1_0TN0_6|FN0_5TN0_1|F0_0T0_4|F0_5T0_9|F1_0T1_4|F1_5T1_9|F2_0T2_4|F2_5T2_9|F3_0T3_4|F3_5T3_9|F4_0,10.0,40,0.0,0.001921073773,,0,5,0.0,0.125,True
ecb,rgdp,real_gdp_yoy,2016,1,2020,2020,longer_term,4.0,,TN1_0|FN1_0TN0_6|FN0_5TN0_1|F0_0T0_4|F0_5T0_9|F1_0T1_4|F1_5T1_9|F2_0T2_4|F2_5T2_9|F3_0T3_4|F3_5T3_9|F4_0,3.0,38,0.04368116033286842,0.04368116033286842,0.043681160332868424,18,18,0.47368421052631576,0.47368421052631576,False
ecb,rgdp,real_gdp_yoy,2016,1,2020,2020,longer_term,4.0,,TN1_0|FN1_0TN0_6|FN0_5TN0_1|F0_0T0_4|F0_5T0_9|F1_0T1_4|F1_5T1_9|F2_0T2_4|F2_5T2_9|F3_0T3_4|F3_5T3_9|F4_0,4.0,38,0.0025210432438684213,0.0025210432438684213,0.0025210432438684213,7,7,0.18421052631578946,0.18421052631578946,False
ecb,rgdp,real_gdp_yoy,2016,1,2020,2020,longer_term,4.0,,TN1_0|FN1_0TN0_6|FN0_5TN0_1|F0_0T0_4|F0_5T0_9|F1_0T1_4|F1_5T1_9|F2_0T2_4|F2_5T2_9|F3_0T3_4|F3_5T3_9|F4_0,5.0,38,0.0,0.0025210432438684213,,0,7,0.0,0.18421052631578946,True
ecb,rgdp,real_gdp_yoy,2016,1,2020,2020,longer_term,4.0,,TN1_0|FN1_0TN0_6|FN0_5TN0_1|F0_0T0_4|F0_5T0_9|F1_0T1_4|F1_5T1_9|F2_0T2_4|F2_5T2_9|F3_0T3_4|F3_5T3_9|F4_0,10.0,38,0.0,0.0025210432438684213,,0,7,0.0,0.18421052631578946,True
ecb,rgdp,real_gdp_yoy,2016,1,,2016Q3,rolling_1y,1.0,,TN1_0|FN1_0TN0_6|FN0_5TN0_1|F0_0T0_4|F0_5T0_9|F1_0T1_4|F1_5T1_9|F2_0T2_4|F2_5T2_9|F3_0T3_4|F3_5T3_9|F4_0,3.0,36,0.02782989902563889,0.02782989902563889,0.02782989902563889,13,13,0.3611111111111111,0.3611111111111111,False
ecb,rgdp,real_gdp_yoy,2016,1,,2016Q3,rolling_1y,1.0,,TN1_0|FN1_0TN0_6|FN0_5TN0_1|F0_0T0_4|F0_5T0_9|F1_0T1_4|F1_5T1_9|F2_0T2_4|F2_5T2_9|F3_0T3_4|F3_5T3_9|F4_0,4.0,36,0.0012461239525555555,0.0012461239525555555,0.0012461239525555555,5,5,0.1388888888888889,0.1388888888888889,False
ecb,rgdp,real_gdp_yoy,2016,1,,2016Q3,rolling_1y,1.0,,TN1_0|FN1_0TN0_6|FN0_5TN0_1|F0_0T0_4|F0_5T0_9|F1_0T1_4|F1_5T1_9|F2_0T2_4|F2_5T2_9|F3_0T3_4|F3_5T3_9|F4_0,5.0,36,0.0,0.0012461239525555555,,0,5,0.0,0.1388888888888889,True
ecb,rgdp,real_gdp_yoy,2016,1,,2016Q3,rolling_1y,1.0,,TN1_0|FN1_0TN0_6|FN0_5TN0_1|F0_0T0_4|F0_5T0_9|F1_0T1_4|F1_5T1_9|F2_0T2_4|F2_5T2_9|F3_0T3_4|F3_5T3_9|F4_0,10.0,36,0.0,0.0012461239525555555,,0,5,0.0,0.1388888888888889,True
ecb,rgdp,real_gdp_yoy,2016,1,,2017Q3,rolling_2y,2.0,,TN1_0|FN1_0TN0_6|FN0_5TN0_1|F0_0T0_4|F0_5T0_9|F1_0T1_4|F1_5T1_9|F2_0T2_4|F2_5T2_9|F3_0T3_4|F3_5T3_9|F4_0,3.0,35,0.04049931357314286,0.04049931357314286,0.04049931357314286,18,18,0.5142857142857142,0.5142857142857142,False
ecb,rgdp,real_gdp_yoy,2016,1,,2017Q3,rolling_2y,2.0,,TN1_0|FN1_0TN0_6|FN0_5TN0_1|F0_0T0_4|F0_5T0_9|F1_0T1_4|F1_5T1_9|F2_0T2_4|F2_5T2_9|F3_0T3_4|F3_5T3_9|F4_0,4.0,35,0.003360058418942857,0.003360058418942857,0.003360058418942857,5,5,0.14285714285714285,0.14285714285714285,False
ecb,rgdp,real_gdp_yoy,2016,1,,2017Q3,rolling_2y,2.0,,TN1_0|FN1_0TN0_6|FN0_5TN0_1|F0_0T0_4|F0_5T0_9|F1_0T1_4|F1_5T1_9|F2_0T2_4|F2_5T2_9|F3_0T3_4|F3_5T3_9|F4_0,5.0,35,0.0,0.003360058418942857,,0,5,0.0,0.14285714285714285,True
ecb,rgdp,real_gdp_yoy,2016,1,,2017Q3,rolling_2y,2.0,,TN1_0|FN1_0TN0_6|FN0_5TN0_1|F0_0T0_4|F0_5T0_9|F1_0T1_4|F1_5T1_9|F2_0T2_4|F2_5T2_9|F3_0T3_4|F3_5T3_9|F4_0,10.0,35,0.0,0.003360058418942857,,0,5,0.0,0.14285714285714285,True
ecb,rgdp,real_gdp_yoy,2016,2,2016,2016,current_year,0.0,,TN1_0|FN1_0TN0_6|FN0_5TN0_1|F0_0T0_4|F0_5T0_9|F1_0T1_4|F1_5T1_9|F2_0T2_4|F2_5T2_9|F3_0T3_4|F3_5T3_9|F4_0,3.0,47,0.01123404255319149,0.01123404255319149,0.01123404255319149,14,14,0.2978723404255319,0.2978723404255319,False
ecb,rgdp,real_gdp_yoy,2016,2,2016,2016,current_year,0.0,,TN1_0|FN1_0TN0_6|FN0_5TN0_1|F0_0T0_4|F0_5T0_9|F1_0T1_4|F1_5T1_9|F2_0T2_4|F2_5T2_9|F3_0T3_4|F3_5T3_9|F4_0,4.0,47,0.0007872340425531915,0.0007872340425531915,0.0007872340425531915,1,1,0.02127659574468085,0.02127659574468085,False
ecb,rgdp,real_gdp_yoy,2016,2,2016,2016,current_year,0.0,,TN1_0|FN1_0TN0_6|FN0_5TN0_1|F0_0T0_4|F0_5T0_9|F1_0T1_4|F1_5T1_9|F2_0T2_4|F2_5T2_9|F3_0T3_4|F3_5T3_9|F4_0,5.0,47,0.0,0.0007872340425531915,,0,1,0.0,0.02127659574468085,True
ecb,rgdp,real_gdp_yoy,2016,2,2016,2016,current_year,0.0,,TN1_0|FN1_0TN0_6|FN0_5TN0_1|F0_0T0_4|F0_5T0_9|F1_0T1_4|F1_5T1_9|F2_0T2_4|F2_5T2_9|F3_0T3_4|F3_5T3_9|F4_0,10.0,47,0.0,0.0007872340425531915,,0,1,0.0,0.02127659574468085,True
ecb,rgdp,real_gdp_yoy,2016,2,2017,2017,next_year,1.0,,TN1_0|FN1_0TN0_6|FN0_5TN0_1|F0_0T0_4|F0_5T0_9|F1_0T1_4|F1_5T1_9|F2_0T2_4|F2_5T2_9|F3_0T3_4|F3_5T3_9|F4_0,3.0,46,0.035673913043478264,0.035673913043478264,0.035673913043478264,18,18,0.391304347826087,0.391304347826087,False
ecb,rgdp,real_gdp_yoy,2016,2,2017,2017,next_year,1.0,,TN1_0|FN1_0TN0_6|FN0_5TN0_1|F0_0T0_4|F0_5T0_9|F1_0T1_4|F1_5T1_9|F2_0T2_4|F2_5T2_9|F3_0T3_4|F3_5T3_9|F4_0,4.0,46,0.005956521739130434,0.005956521739130434,0.005956521739130434,10,10,0.21739130434782608,0.21739130434782608,False
ecb,rgdp,real_gdp_yoy,2016,2,2017,2017,next_year,1.0,,TN1_0|FN1_0TN0_6|FN0_5TN0_1|F0_0T0_4|F0_5T0_9|F1_0T1_4|F1_5T1_9|F2_0T2_4|F2_5T2_9|F3_0T3_4|F3_5T3_9|F4_0,5.0,46,0.0,0.005956521739130434,,0,10,0.0,0.21739130434782608,True
ecb,rgdp,real_gdp_yoy,2016,2,2017,2017,next_year,1.0,,TN1_0|FN1_0TN0_6|FN0_5TN0_1|F0_0T0_4|F0_5T0_9|F1_0T1_4|F1_5T1_9|F2_0T2_4|F2_5T2_9|F3_0T3_4|F3_5T3_9|F4_0,10.0,46,0.0,0.005956521739130434,,0,10,0.0,0.21739130434782608,True
ecb,rgdp,real_gdp_yoy,2016,2,2018,2018,year_after_next,2.0,,TN1_0|FN1_0TN0_6|FN0_5TN0_1|F0_0T0_4|F0_5T0_9|F1_0T1_4|F1_5T1_9|F2_0T2_4|F2_5T2_9|F3_0T3_4|F3_5T3_9|F4_0,3.0,37,0.030837837837837837,0.030837837837837837,0.030837837837837837,21,21,0.5675675675675675,0.5675675675675675,False
ecb,rgdp,real_gdp_yoy,2016,2,2018,2018,year_after_next,2.0,,TN1_0|FN1_0TN0_6|FN0_5TN0_1|F0_0T0_4|F0_5T0_9|F1_0T1_4|F1_5T1_9|F2_0T2_4|F2_5T2_9|F3_0T3_4|F3_5T3_9|F4_0,4.0,37,0.002081081081081081,0.002081081081081081,0.002081081081081081,6,6,0.16216216216216217,0.16216216216216217,False
ecb,rgdp,real_gdp_yoy,2016,2,2018,2018,year_after_next,2.0,,TN1_0|FN1_0TN0_6|FN0_5TN0_1|F0_0T0_4|F0_5T0_9|F1_0T1_4|F1_5T1_9|F2_0T2_4|F2_5T2_9|F3_0T3_4|F3_5T3_9|F4_0,5.0,37,0.0,0.002081081081081081,,0,6,0.0,0.16216216216216217,True
ecb,rgdp,real_gdp_yoy,2016,2,2018,2018,year_after_next,2.0,,TN1_0|FN1_0TN0_6|FN0_5TN0_1|F0_0T0_4|F0_5T0_9|F1_0T1_4|F1_5T1_9|F2_0T2_4|F2_5T2_9|F3_0T3_4|F3_5T3_9|F4_0,10.0,37,0.0,0.002081081081081081,,0,6,0.0,0.16216216216216217,True
ecb,rgdp,real_gdp_yoy,2016,2,2020,2020,longer_term,4.0,,TN1_0|FN1_0TN0_6|FN0_5TN0_1|F0_0T0_4|F0_5T0_9|F1_0T1_4|F1_5T1_9|F2_0T2_4|F2_5T2_9|F3_0T3_4|F3_5T3_9|F4_0,3.0,36,0.04880555555555556,0.04880555555555556,0.04880555555555556,20,20,0.5555555555555556,0.5555555555555556,False
ecb,rgdp,real_gdp_yoy,2016,2,2020,2020,longer_term,4.0,,TN1_0|FN1_0TN0_6|FN0_5TN0_1|F0_0T0_4|F0_5T0_9|F1_0T1_4|F1_5T1_9|F2_0T2_4|F2_5T2_9|F3_0T3_4|F3_5T3_9|F4_0,4.0,36,0.0028333333333333335,0.0028333333333333335,0.0028333333333333335,8,8,0.2222222222222222,0.2222222222222222,False
ecb,rgdp,real_gdp_yoy,2016,2,2020,2020,longer_term,4.0,,TN1_0|FN1_0TN0_6|FN0_5TN0_1|F0_0T0_4|F0_5T0_9|F1_0T1_4|F1_5T1_9|F2_0T2_4|F2_5T2_9|F3_0T3_4|F3_5T3_9|F4_0,5.0,36,0.0,0.0028333333333333335,,0,8,0.0,0.2222222222222222,True
ecb,rgdp,real_gdp_yoy,2016,2,2020,2020,longer_term,4.0,,TN1_0|FN1_0TN0_6|FN0_5TN0_1|F0_0T0_4|F0_5T0_9|F1_0T1_4|F1_5T1_9|F2_0T2_4|F2_5T2_9|F3_0T3_4|F3_5T3_9|F4_0,10.0,36,0.0,0.0028333333333333335,,0,8,0.0,0.2222222222222222,True
ecb,rgdp,real_gdp_yoy,2016,2,,2016Q4,rolling_1y,1.0,,TN1_0|FN1_0TN0_6|FN0_5TN0_1|F0_0T0_4|F0_5T0_9|F1_0T1_4|F1_5T1_9|F2_0T2_4|F2_5T2_9|F3_0T3_4|F3_5T3_9|F4_0,3.0,37,0.02391891891891892,0.02391891891891892,0.02391891891891892,13,13,0.35135135135135137,0.35135135135135137,False
ecb,rgdp,real_gdp_yoy,2016,2,,2016Q4,rolling_1y,1.0,,TN1_0|FN1_0TN0_6|FN0_5TN0_1|F0_0T0_4|F0_5T0_9|F1_0T1_4|F1_5T1_9|F2_0T2_4|F2_5T2_9|F3_0T3_4|F3_5T3_9|F4_0,4.0,37,0.0021621621621621618,0.0021621621621621618,0.0021621621621621618,5,5,0.13513513513513514,0.13513513513513514,False
ecb,rgdp,real_gdp_yoy,2016,2,,2016Q4,rolling_1y,1.0,,TN1_0|FN1_0TN0_6|FN0_5TN0_1|F0_0T0_4|F0_5T0_9|F1_0T1_4|F1_5T1_9|F2_0T2_4|F2_5T2_9|F3_0T3_4|F3_5T3_9|F4_0,5.0,37,0.0,0.0021621621621621618,,0,5,0.0,0.13513513513513514,True
ecb,rgdp,real_gdp_yoy,2016,2,,2016Q4,rolling_1y,1.0,,TN1_0|FN1_0TN0_6|FN0_5TN0_1|F0_0T0_4|F0_5T0_9|F1_0T1_4|F1_5T1_9|F2_0T2_4|F2_5T2_9|F3_0T3_4|F3_5T3_9|F4_0,10.0,37,0.0,0.0021621621621621618,,0,5,0.0,0.13513513513513514,True
ecb,rgdp,real_gdp_yoy,2016,2,,2017Q4,rolling_2y,2.0,,TN1_0|FN1_0TN0_6|FN0_5TN0_1|F0_0T0_4|F0_5T0_9|F1_0T1_4|F1_5T1_9|F2_0T2_4|F2_5T2_9|F3_0T3_4|F3_5T3_9|F4_0,3.0,36,0.03872222222222223,0.03872222222222223,0.03872222222222223,19,19,0.5277777777777778,0.5277777777777778,False
ecb,rgdp,real_gdp_yoy,2016,2,,2017Q4,rolling_2y,2.0,,TN1_0|FN1_0TN0_6|FN0_5TN0_1|F0_0T0_4|F0_5T0_9|F1_0T1_4|F1_5T1_9|F2_0T2_4|F2_5T2_9|F3_0T3_4|F3_5T3_9|F4_0,4.0,36,0.005194444444444443,0.005194444444444443,0.005194444444444443,7,7,0.19444444444444445,0.19444444444444445,False
ecb,rgdp,real_gdp_yoy,2016,2,,2017Q4,rolling_2y,2.0,,TN1_0|FN1_0TN0_6|FN0_5TN0_1|F0_0T0_4|F0_5T0_9|F1_0T1_4|F1_5T1_9|F2_0T2_4|F2_5T2_9|F3_0T3_4|F3_5T3_9|F4_0,5.0,36,0.0,0.005194444444444443,,0,7,0.0,0.19444444444444445,True
ecb,rgdp,real_gdp_yoy,2016,2,,2017Q4,rolling_2y,2.0,,TN1_0|FN1_0TN0_6|FN0_5TN0_1|F0_0T0_4|F0_5T0_9|F1_0T1_4|F1_5T1_9|F2_0T2_4|F2_5T2_9|F3_0T3_4|F3_5T3_9|F4_0,10.0,36,0.0,0.005194444444444443,,0,7,0.0,0.19444444444444445,True
ecb,rgdp,real_gdp_yoy,2016,3,2016,2016,current_year,0.0,,TN1_0|FN1_0TN0_6|FN0_5TN0_1|F0_0T0_4|F0_5T0_9|F1_0T1_4|F1_5T1_9|F2_0T2_4|F2_5T2_9|F3_0T3_4|F3_5T3_9|F4_0,3.0,45,0.007161247321066667,0.007161247321066667,0.007161247321066667,9,9,0.2,0.2,False
ecb,rgdp,real_gdp_yoy,2016,3,2016,2016,current_year,0.0,,TN1_0|FN1_0TN0_6|FN0_5TN0_1|F0_0T0_4|F0_5T0_9|F1_0T1_4|F1_5T1_9|F2_0T2_4|F2_5T2_9|F3_0T3_4|F3_5T3_9|F4_0,4.0,45,0.0003186127446666667,0.0003186127446666667,0.0003186127446666667,5,5,0.1111111111111111,0.1111111111111111,False
ecb,rgdp,real_gdp_yoy,2016,3,2016,2016,current_year,0.0,,TN1_0|FN1_0TN0_6|FN0_5TN0_1|F0_0T0_4|F0_5T0_9|F1_0T1_4|F1_5T1_9|F2_0T2_4|F2_5T2_9|F3_0T3_4|F3_5T3_9|F4_0,5.0,45,0.0,0.0003186127446666667,,0,5,0.0,0.1111111111111111,True
ecb,rgdp,real_gdp_yoy,2016,3,2016,2016,current_year,0.0,,TN1_0|FN1_0TN0_6|FN0_5TN0_1|F0_0T0_4|F0_5T0_9|F1_0T1_4|F1_5T1_9|F2_0T2_4|F2_5T2_9|F3_0T3_4|F3_5T3_9|F4_0,10.0,45,0.0,0.0003186127446666667,,0,5,0.0,0.1111111111111111,True
ecb,rgdp,real_gdp_yoy,2016,3,2017,2017,next_year,1.0,,TN1_0|FN1_0TN0_6|FN0_5TN0_1|F0_0T0_4|F0_5T0_9|F1_0T1_4|F1_5T1_9|F2_0T2_4|F2_5T2_9|F3_0T3_4|F3_5T3_9|F4_0,3.0,44,0.02090338495,0.02090338495,0.020903384949999996,11,11,0.25,0.25,False
ecb,rgdp,real_gdp_yoy,2016,3,2017,2017,next_year,1.0,,TN1_0|FN1_0TN0_6|FN0_5TN0_1|F0_0T0_4|F0_5T0_9|F1_0T1_4|F1_5T1_9|F2_0T2_4|F2_5T2_9|F3_0T3_4|F3_5T3_9|F4_0,4.0,44,0.005959605757477273,0.005959605757477273,0.005959605757477273,7,7,0.1590909090909091,0.1590909090909091,False
ecb,rgdp,real_gdp_yoy,2016,3,2017,2017,next_year,1.0,,TN1_0|FN1_0TN0_6|FN0_5TN0_1|F0_0T0_4|F0_5T0_9|F1_0T1_4|F1_5T1_9|F2_0T2_4|F2_5T2_9|F3_0T3_4|F3_5T3_9|F4_0,5.0,44,0.0,0.005959605757477273,,0,7,0.0,0.1590909090909091,True
ecb,rgdp,real_gdp_yoy,2016,3,2017,2017,next_year,1.0,,TN1_0|FN1_0TN0_6|FN0_5TN0_1|F0_0T0_4|F0_5T0_9|F1_0T1_4|F1_5T1_9|F2_0T2_4|F2_5T2_9|F3_0T3_4|F3_5T3_9|F4_0,10.0,44,0.0,0.005959605757477273,,0,7,0.0,0.1590909090909091,True
ecb,rgdp,real_gdp_yoy,2016,3,2018,2018,year_after_next,2.0,,TN1_0|FN1_0TN0_6|FN0_5TN0_1|F0_0T0_4|F0_5T0_9|F1_0T1_4|F1_5T1_9|F2_0T2_4|F2_5T2_9|F3_0T3_4|F3_5T3_9|F4_0,3.0,35,0.029153556212628568,0.029153556212628568,0.029153556212628568,15,15,0.42857142857142855,0.42857142857142855,False
ecb,rgdp,real_gdp_yoy,2016,3,2018,2018,year_after_next,2.0,,TN1_0|FN1_0TN0_6|FN0_5TN0_1|F0_0T0_4|F0_5T0_9|F1_0T1_4|F1_5T1_9|F2_0T2_4|F2_5T2_9|F3_0T3_4|F3_5T3_9|F4_0,4.0,35,0.0025172528822857143,0.0025172528822857143,0.0025172528822857143,5,5,0.14285714285714285,0.14285714285714285,False
ecb,rgdp,real_gdp_yoy,2016,3,2018,2018,year_after_next,2.0,,TN1_0|FN1_0TN0_6|FN0_5TN0_1|F0_0T0_4|F0_5T0_9|F1_0T1_4|F1_5T1_9|F2_0T2_4|F2_5T2_9|F3_0T3_4|F3_5T3_9|F4_0,5.0,35,0.0,0.0025172528822857143,,0,5,0.0,0.14285714285714285,True
ecb,rgdp,real_gdp_yoy,2016,3,2018,2018,year_after_next,2.0,,TN1_0|FN1_0TN0_6|FN0_5TN0_1|F0_0T0_4|F0_5T0_9|F1_0T1_4|F1_5T1_9|F2_0T2_4|F2_5T2_9|F3_0T3_4|F3_5T3_9|F4_0,10.0,35,0.0,0.0025172528822857143,,0,5,0.0,0.14285714285714285,True
ecb,rgdp,real_gdp_yoy,2016,3,2021,2021,longer_term,5.0,,TN1_0|FN1_0TN0_6|FN0_5TN0_1|F0_0T0_4|F0_5T0_9|F1_0T1_4|F1_5T1_9|F2_0T2_4|F2_5T2_9|F3_0T3_4|F3_5T3_9|F4_0,3.0,33,0.050689677634969704,0.050689677634969704,0.0506896776349697,16,16,0.48484848484848486,0.48484848484848486,False
ecb,rgdp,real_gdp_yoy,2016,3,2021,2021,longer_term,5.0,,TN1_0|FN1_0TN0_6|FN0_5TN0_1|F0_0T0_4|F0_5T0_9|F1_0T1_4|F1_5T1_9|F2_0T2_4|F2_5T2_9|F3_0T3_4|F3_5T3_9|F4_0,4.0,33,0.0033904837406363636,0.0033904837406363636,0.0033904837406363636,6,6,0.18181818181818182,0.18181818181818182,False
ecb,rgdp,real_gdp_yoy,2016,3,2021,2021,longer_term,5.0,,TN1_0|FN1_0TN0_6|FN0_5TN0_1|F0_0T0_4|F0_5T0_9|F1_0T1_4|F1_5T1_9|F2_0T2_4|F2_5T2_9|F3_0T3_4|F3_5T3_9|F4_0,5.0,33,0.0,0.0033904837406363636,,0,6,0.0,0.18181818181818182,True
ecb,rgdp,real_gdp_yoy,2016,3,2021,2021,longer_term,5.0,,TN1_0|FN1_0TN0_6|FN0_5TN0_1|F0_0T0_4|F0_5T0_9|F1_0T1_4|F1_5T1_9|F2_0T2_4|F2_5T2_9|F3_0T3_4|F3_5T3_9|F4_0,10.0,33,0.0,0.0033904837406363636,,0,6,0.0,0.18181818181818182,True
ecb,rgdp,real_gdp_yoy,2016,3,,2017Q1,rolling_1y,1.0,,TN1_0|FN1_0TN0_6|FN0_5TN0_1|F0_0T0_4|F0_5T0_9|F1_0T1_4|F1_5T1_9|F2_0T2_4|F2_5T2_9|F3_0T3_4|F3_5T3_9|F4_0,3.0,35,0.014264333601971426,0.014264333601971426,0.014264333601971426,8,8,0.22857142857142856,0.22857142857142856,False
ecb,rgdp,real_gdp_yoy,2016,3,,2017Q1,rolling_1y,1.0,,TN1_0|FN1_0TN0_6|FN0_5TN0_1|F0_0T0_4|F0_5T0_9|F1_0T1_4|F1_5T1_9|F2_0T2_4|F2_5T2_9|F3_0T3_4|F3_5T3_9|F4_0,4.0,35,0.0023322952161999996,0.0023322952161999996,0.0023322952161999996,5,5,0.14285714285714285,0.14285714285714285,False
ecb,rgdp,real_gdp_yoy,2016,3,,2017Q1,rolling_1y,1.0,,TN1_0|FN1_0TN0_6|FN0_5TN0_1|F0_0T0_4|F0_5T0_9|F1_0T1_4|F1_5T1_9|F2_0T2_4|F2_5T2_9|F3_0T3_4|F3_5T3_9|F4_0,5.0,35,0.0,0.0023322952161999996,,0,5,0.0,0.14285714285714285,True
ecb,rgdp,real_gdp_yoy,2016,3,,2017Q1,rolling_1y,1.0,,TN1_0|FN1_0TN0_6|FN0_5TN0_1|F0_0T0_4|F0_5T0_9|F1_0T1_4|F1_5T1_9|F2_0T2_4|F2_5T2_9|F3_0T3_4|F3_5T3_9|F4_0,10.0,35,0.0,0.0023322952161999996,,0,5,0.0,0.14285714285714285,True
ecb,rgdp,real_gdp_yoy,2016,3,,2018Q1,rolling_2y,2.0,,TN1_0|FN1_0TN0_6|FN0_5TN0_1|F0_0T0_4|F0_5T0_9|F1_0T1_4|F1_5T1_9|F2_0T2_4|F2_5T2_9|F3_0T3_4|F3_5T3_9|F4_0,3.0,29,0.025862803107827584,0.025862803107827584,0.025862803107827584,10,10,0.3448275862068966,0.3448275862068966,False
ecb,rgdp,real_gdp_yoy,2016,3,,2018Q1,rolling_2y,2.0,,TN1_0|FN1_0TN0_6|FN0_5TN0_1|F0_0T0_4|F0_5T0_9|F1_0T1_4|F1_5T1_9|F2_0T2_4|F2_5T2_9|F3_0T3_4|F3_5T3_9|F4_0,4.0,29,0.003830073079137931,0.003830073079137931,0.003830073079137931,5,5,0.1724137931034483,0.1724137931034483,False
ecb,rgdp,real_gdp_yoy,2016,3,,2018Q1,rolling_2y,2.0,,TN1_0|FN1_0TN0_6|FN0_5TN0_1|F0_0T0_4|F0_5T0_9|F1_0T1_4|F1_5T1_9|F2_0T2_4|F2_5T2_9|F3_0T3_4|F3_5T3_9|F4_0,5.0,29,0.0,0.003830073079137931,,0,5,0.0,0.1724137931034483,True
ecb,rgdp,real_gdp_yoy,2016,3,,2018Q1,rolling_2y,2.0,,TN1_0|FN1_0TN0_6|FN0_5TN0_1|F0_0T0_4|F0_5T0_9|F1_0T1_4|F1_5T1_9|F2_0T2_4|F2_5T2_9|F3_0T3_4|F3_5T3_9|F4_0,10.0,29,0.0,0.003830073079137931,,0,5,0.0,0.1724137931034483,True
ecb,rgdp,real_gdp_yoy,2016,4,2016,2016,current_year,0.0,,TN1_0|FN1_0TN0_6|FN0_5TN0_1|F0_0T0_4|F0_5T0_9|F1_0T1_4|F1_5T1_9|F2_0T2_4|F2_5T2_9|F3_0T3_4|F3_5T3_9|F4_0,3.0,40,0.010059268130249998,0.010059268130249998,0.010059268130249998,11,11,0.275,0.275,False
ecb,rgdp,real_gdp_yoy,2016,4,2016,2016,current_year,0.0,,TN1_0|FN1_0TN0_6|FN0_5TN0_1|F0_0T0_4|F0_5T0_9|F1_0T1_4|F1_5T1_9|F2_0T2_4|F2_5T2_9|F3_0T3_4|F3_5T3_9|F4_0,4.0,40,0.0013610910717749998,0.0013610910717749998,0.0013610910717749998,5,5,0.125,0.125,False
ecb,rgdp,real_gdp_yoy,2016,4,2016,2016,current_year,0.0,,TN1_0|FN1_0TN0_6|FN0_5TN0_1|F0_0T0_4|F0_5T0_9|F1_0T1_4|F1_5T1_9|F2_0T2_4|F2_5T2_9|F3_0T3_4|F3_5T3_9|F4_0,5.0,40,0.0,0.0013610910717749998,,0,5,0.0,0.125,True
ecb,rgdp,real_gdp_yoy,2016,4,2016,2016,current_year,0.0,,TN1_0|FN1_0TN0_6|FN0_5TN0_1|F0_0T0_4|F0_5T0_9|F1_0T1_4|F1_5T1_9|F2_0T2_4|F2_5T2_9|F3_0T3_4|F3_5T3_9|F4_0,10.0,40,0.0,0.0013610910717749998,,0,5,0.0,0.125,True
ecb,rgdp,real_gdp_yoy,2016,4,2017,2017,next_year,1.0,,TN1_0|FN1_0TN0_6|FN0_5TN0_1|F0_0T0_4|F0_5T0_9|F1_0T1_4|F1_5T1_9|F2_0T2_4|F2_5T2_9|F3_0T3_4|F3_5T3_9|F4_0,3.0,40,0.01977141551845,0.01977141551845,0.019771415518450002,12,12,0.3,0.3,False
ecb,rgdp,real_gdp_yoy,2016,4,2017,2017,next_year,1.0,,TN1_0|FN1_0TN0_6|FN0_5TN0_1|F0_0T0_4|F0_5T0_9|F1_0T1_4|F1_5T1_9|F2_0T2_4|F2_5T2_9|F3_0T3_4|F3_5T3_9|F4_0,4.0,40,0.0029768005294750002,0.0029768005294750002,0.0029768005294750002,9,9,0.225,0.225,False
ecb,rgdp,real_gdp_yoy,2016,4,2017,2017,next_year,1.0,,TN1_0|FN1_0TN0_6|FN0_5TN0_1|F0_0T0_4|F0_5T0_9|F1_0T1_4|F1_5T1_9|F2_0T2_4|F2_5T2_9|F3_0T3_4|F3_5T3_9|F4_0,5.0,40,0.0,0.0029768005294750002,,0,9,0.0,0.225,True
ecb,rgdp,real_gdp_yoy,2016,4,2017,2017,next_year,1.0,,TN1_0|FN1_0TN0_6|FN0_5TN0_1|F0_0T0_4|F0_5T0_9|F1_0T1_4|F1_5T1_9|F2_0T2_4|F2_5T2_9|F3_0T3_4|F3_5T3_9|F4_0,10.0,40,0.0,0.0029768005294750002,,0,9,0.0,0.225,True
ecb,rgdp,real_gdp_yoy,2016,4,2018,2018,year_after_next,2.0,,TN1_0|FN1_0TN0_6|FN0_5TN0_1|F0_0T0_4|F0_5T0_9|F1_0T1_4|F1_5T1_9|F2_0T2_4|F2_5T2_9|F3_0T3_4|F3_5T3_9|F4_0,3.0,37,0.02743959806778378,0.02743959806778378,0.02743959806778378,14,14,0.3783783783783784,0.3783783783783784,False
ecb,rgdp,real_gdp_yoy,2016,4,2018,2018,year_after_next,2.0,,TN1_0|FN1_0TN0_6|FN0_5TN0_1|F0_0T0_4|F0_5T0_9|F1_0T1_4|F1_5T1_9|F2_0T2_4|F2_5T2_9|F3_0T3_4|F3_5T3_9|F4_0,4.0,37,0.003656552226189189,0.003656552226189189,0.003656552226189189,8,8,0.21621621621621623,0.21621621621621623,False
ecb,rgdp,real_gdp_yoy,2016,4,2018,2018,year_after_next,2.0,,TN1_0|FN1_0TN0_6|FN0_5TN0_1|F0_0T0_4|F0_5T0_9|F1_0T1_4|F1_5T1_9|F2_0T2_4|F2_5T2_9|F3_0T3_4|F3_5T3_9|F4_0,5.0,37,0.0,0.003656552226189189,,0,8,0.0,0.21621621621621623,True
ecb,rgdp,real_gdp_yoy,2016,4,2018,2018,year_after_next,2.0,,TN1_0|FN1_0TN0_6|FN0_5TN0_1|F0_0T0_4|F0_5T0_9|F1_0T1_4|F1_5T1_9|F2_0T2_4|F2_5T2_9|F3_0T3_4|F3_5T3_9|F4_0,10.0,37,0.0,0.003656552226189189,,0,8,0.0,0.21621621621621623,True
ecb,rgdp,real_gdp_yoy,2016,4,2021,2021,longer_term,5.0,,TN1_0|FN1_0TN0_6|FN0_5TN0_1|F0_0T0_4|F0_5T0_9|F1_0T1_4|F1_5T1_9|F2_0T2_4|F2_5T2_9|F3_0T3_4|F3_5T3_9|F4_0,3.0,31,0.05558856620248386,0.05558856620248386,0.055588566202483876,18,18,0.5806451612903226,0.5806451612903226,False
ecb,rgdp,real_gdp_yoy,2016,4,2021,2021,longer_term,5.0,,TN1_0|FN1_0TN0_6|FN0_5TN0_1|F0_0T0_4|F0_5T0_9|F1_0T1_4|F1_5T1_9|F2_0T2_4|F2_5T2_9|F3_0T3_4|F3_5T3_9|F4_0,4.0,31,0.006067098950032258,0.006067098950032258,0.006067098950032258,8,8,0.25806451612903225,0.25806451612903225,False
ecb,rgdp,real_gdp_yoy,2016,4,2021,2021,longer_term,5.0,,TN1_0|FN1_0TN0_6|FN0_5TN0_1|F0_0T0_4|F0_5T0_9|F1_0T1_4|F1_5T1_9|F2_0T2_4|F2_5T2_9|F3_0T3_4|F3_5T3_9|F4_0,5.0,31,0.0,0.006067098950032258,,0,8,0.0,0.25806451612903225,True
ecb,rgdp,real_gdp_yoy,2016,4,2021,2021,longer_term,5.0,,TN1_0|FN1_0TN0_6|FN0_5TN0_1|F0_0T0_4|F0_5T0_9|F1_0T1_4|F1_5T1_9|F2_0T2_4|F2_5T2_9|F3_0T3_4|F3_5T3_9|F4_0,10.0,31,0.0,0.006067098950032258,,0,8,0.0,0.25806451612903225,True
ecb,rgdp,real_gdp_yoy,2016,4,,2017Q2,rolling_1y,1.0,,TN1_0|FN1_0TN0_6|FN0_5TN0_1|F0_0T0_4|F0_5T0_9|F1_0T1_4|F1_5T1_9|F2_0T2_4|F2_5T2_9|F3_0T3_4|F3_5T3_9|F4_0,3.0,32,0.017468533274906252,0.017468533274906252,0.017468533274906252,9,9,0.28125,0.28125,False
ecb,rgdp,real_gdp_yoy,2016,4,,2017Q2,rolling_1y,1.0,,TN1_0|FN1_0TN0_6|FN0_5TN0_1|F0_0T0_4|F0_5T0_9|F1_0T1_4|F1_5T1_9|F2_0T2_4|F2_5T2_9|F3_0T3_4|F3_5T3_9|F4_0,4.0,32,0.0026019279295,0.0026019279295,0.0026019279295,8,8,0.25,0.25,False
ecb,rgdp,real_gdp_yoy,2016,4,,2017Q2,rolling_1y,1.0,,TN1_0|FN1_0TN0_6|FN0_5TN0_1|F0_0T0_4|F0_5T0_9|F1_0T1_4|F1_5T1_9|F2_0T2_4|F2_5T2_9|F3_0T3_4|F3_5T3_9|F4_0,5.0,32,0.0,0.0026019279295,,0,8,0.0,0.25,True
ecb,rgdp,real_gdp_yoy,2016,4,,2017Q2,rolling_1y,1.0,,TN1_0|FN1_0TN0_6|FN0_5TN0_1|F0_0T0_4|F0_5T0_9|F1_0T1_4|F1_5T1_9|F2_0T2_4|F2_5T2_9|F3_0T3_4|F3_5T3_9|F4_0,10.0,32,0.0,0.0026019279295,,0,8,0.0,0.25,True
ecb,rgdp,real_gdp_yoy,2016,4,,2018Q2,rolling_2y,2.0,,TN1_0|FN1_0TN0_6|FN0_5TN0_1|F0_0T0_4|F0_5T0_9|F1_0T1_4|F1_5T1_9|F2_0T2_4|F2_5T2_9|F3_0T3_4|F3_5T3_9|F4_0,3.0,28,0.028868624093285715,0.028868624093285715,0.028868624093285715,10,10,0.35714285714285715,0.35714285714285715,False
ecb,rgdp,real_gdp_yoy,2016,4,,2018Q2,rolling_2y,2.0,,TN1_0|FN1_0TN0_6|FN0_5TN0_1|F0_0T0_4|F0_5T0_9|F1_0T1_4|F1_5T1_9|F2_0T2_4|F2_5T2_9|F3_0T3_4|F3_5T3_9|F4_0,4.0,28,0.005151415196321429,0.005151415196321429,0.005151415196321429,7,7,0.25,0.25,False
ecb,rgdp,real_gdp_yoy,2016,4,,2018Q2,rolling_2y,2.0,,TN1_0|FN1_0TN0_6|FN0_5TN0_1|F0_0T0_4|F0_5T0_9|F1_0T1_4|F1_5T1_9|F2_0T2_4|F2_5T2_9|F3_0T3_4|F3_5T3_9|F4_0,5.0,28,0.0,0.005151415196321429,,0,7,0.0,0.25,True
ecb,rgdp,real_gdp_yoy,2016,4,,2018Q2,rolling_2y,2.0,,TN1_0|FN1_0TN0_6|FN0_5TN0_1|F0_0T0_4|F0_5T0_9|F1_0T1_4|F1_5T1_9|F2_0T2_4|F2_5T2_9|F3_0T3_4|F3_5T3_9|F4_0,10.0,28,0.0,0.005151415196321429,,0,7,0.0,0.25,True
ecb,rgdp,real_gdp_yoy,2017,1,2017,2017,current_year,0.0,,TN1_0|FN1_0TN0_6|FN0_5TN0_1|F0_0T0_4|F0_5T0_9|F1_0T1_4|F1_5T1_9|F2_0T2_4|F2_5T2_9|F3_0T3_4|F3_5T3_9|F4_0,3.0,48,0.016556798945812502,0.016556798945812502,0.016556798945812502,14,14,0.2916666666666667,0.2916666666666667,False
ecb,rgdp,real_gdp_yoy,2017,1,2017,2017,current_year,0.0,,TN1_0|FN1_0TN0_6|FN0_5TN0_1|F0_0T0_4|F0_5T0_9|F1_0T1_4|F1_5T1_9|F2_0T2_4|F2_5T2_9|F3_0T3_4|F3_5T3_9|F4_0,4.0,48,0.0015062580652708331,0.0015062580652708331,0.0015062580652708331,8,8,0.16666666666666666,0.16666666666666666,False
ecb,rgdp,real_gdp_yoy,2017,1,2017,2017,current_year,0.0,,TN1_0|FN1_0TN0_6|FN0_5TN0_1|F0_0T0_4|F0_5T0_9|F1_0T1_4|F1_5T1_9|F2_0T2_4|F2_5T2_9|F3_0T3_4|F3_5T3_9|F4_0,5.0,48,0.0,0.0015062580652708331,,0,8,0.0,0.16666666666666666,True
ecb,rgdp,real_gdp_yoy,2017,1,2017,2017,current_year,0.0,,TN1_0|FN1_0TN0_6|FN0_5TN0_1|F0_0T0_4|F0_5T0_9|F1_0T1_4|F1_5T1_9|F2_0T2_4|F2_5T2_9|F3_0T3_4|F3_5T3_9|F4_0,10.0,48,0.0,0.0015062580652708331,,0,8,0.0,0.16666666666666666,True
ecb,rgdp,real_gdp_yoy,2017,1,2018,2018,next_year,1.0,,TN1_0|FN1_0TN0_6|FN0_5TN0_1|F0_0T0_4|F0_5T0_9|F1_0T1_4|F1_5T1_9|F2_0T2_4|F2_5T2_9|F3_0T3_4|F3_5T3_9|F4_0,3.0,46,0.025587251282739133,0.025587251282739133,0.025587251282739133,18,18,0.391304347826087,0.391304347826087,False
ecb,rgdp,real_gdp_yoy,2017,1,2018,2018,next_year,1.0,,TN1_0|FN1_0TN0_6|FN0_5TN0_1|F0_0T0_4|F0_5T0_9|F1_0T1_4|F1_5T1_9|F2_0T2_4|F2_5T2_9|F3_0T3_4|F3_5T3_9|F4_0,4.0,46,0.0031542647520434778,0.0031542647520434778,0.0031542647520434778,10,10,0.21739130434782608,0.21739130434782608,False
ecb,rgdp,real_gdp_yoy,2017,1,2018,2018,next_year,1.0,,TN1_0|FN1_0TN0_6|FN0_5TN0_1|F0_0T0_4|F0_5T0_9|F1_0T1_4|F1_5T1_9|F2_0T2_4|F2_5T2_9|F3_0T3_4|F3_5T3_9|F4_0,5.0,46,0.0,0.0031542647520434778,,0,10,0.0,0.21739130434782608,True
ecb,rgdp,real_gdp_yoy,2017,1,2018,2018,next_year,1.0,,TN1_0|FN1_0TN0_6|FN0_5TN0_1|F0_0T0_4|F0_5T0_9|F1_0T1_4|F1_5T1_9|F2_0T2_4|F2_5T2_9|F3_0T3_4|F3_5T3_9|F4_0,10.0,46,0.0,0.0031542647520434778,,0,10,0.0,0.21739130434782608,True
ecb,rgdp,real_gdp_yoy,2017,1,2019,2019,year_after_next,2.0,,TN1_0|FN1_0TN0_6|FN0_5TN0_1|F0_0T0_4|F0_5T0_9|F1_0T1_4|F1_5T1_9|F2_0T2_4|F2_5T2_9|F3_0T3_4|F3_5T3_9|F4_0,3.0,39,0.028820474843717952,0.028820474843717952,0.028820474843717952,18,18,0.46153846153846156,0.46153846153846156,False
ecb,rgdp,real_gdp_yoy,2017,1,2019,2019,year_after_next,2.0,,TN1_0|FN1_0TN0_6|FN0_5TN0_1|F0_0T0_4|F0_5T0_9|F1_0T1_4|F1_5T1_9|F2_0T2_4|F2_5T2_9|F3_0T3_4|F3_5T3_9|F4_0,4.0,39,0.003390387508435897,0.003390387508435897,0.003390387508435897,7,7,0.1794871794871795,0.1794871794871795,False
ecb,rgdp,real_gdp_yoy,2017,1,2019,2019,year_after_next,2.0,,TN1_0|FN1_0TN0_6|FN0_5TN0_1|F0_0T0_4|F0_5T0_9|F1_0T1_4|F1_5T1_9|F2_0T2_4|F2_5T2_9|F3_0T3_4|F3_5T3_9|F4_0,5.0,39,0.0,0.003390387508435897,,0,7,0.0,0.1794871794871795,True
ecb,rgdp,real_gdp_yoy,2017,1,2019,2019,year_after_next,2.0,,TN1_0|FN1_0TN0_6|FN0_5TN0_1|F0_0T0_4|F0_5T0_9|F1_0T1_4|F1_5T1_9|F2_0T2_4|F2_5T2_9|F3_0T3_4|F3_5T3_9|F4_0,10.0,39,0.0,0.003390387508435897,,0,7,0.0,0.1794871794871795,True
ecb,rgdp,real_gdp_yoy,2017,1,2021,2021,longer_term,4.0,,TN1_0|FN1_0TN0_6|FN0_5TN0_1|F0_0T0_4|F0_5T0_9|F1_0T1_4|F1_5T1_9|F2_0T2_4|F2_5T2_9|F3_0T3_4|F3_5T3_9|F4_0,3.0,41,0.0498523580222439,0.0498523580222439,0.0498523580222439,21,21,0.5121951219512195,0.5121951219512195,False
ecb,rgdp,real_gdp_yoy,2017,1,2021,2021,longer_term,4.0,,TN1_0|FN1_0TN0_6|FN0_5TN0_1|F0_0T0_4|F0_5T0_9|F1_0T1_4|F1_5T1_9|F2_0T2_4|F2_5T2_9|F3_0T3_4|F3_5T3_9|F4_0,4.0,41,0.005075123596365853,0.005075123596365853,0.005075123596365853,9,9,0.21951219512195122,0.21951219512195122,False
ecb,rgdp,real_gdp_yoy,2017,1,2021,2021,longer_term,4.0,,TN1_0|FN1_0TN0_6|FN0_5TN0_1|F0_0T0_4|F0_5T0_9|F1_0T1_4|F1_5T1_9|F2_0T2_4|F2_5T2_9|F3_0T3_4|F3_5T3_9|F4_0,5.0,41,0.0,0.005075123596365853,,0,9,0.0,0.21951219512195122,True
ecb,rgdp,real_gdp_yoy,2017,1,2021,2021,longer_term,4.0,,TN1_0|FN1_0TN0_6|FN0_5TN0_1|F0_0T0_4|F0_5T0_9|F1_0T1_4|F1_5T1_9|F2_0T2_4|F2_5T2_9|F3_0T3_4|F3_5T3_9|F4_0,10.0,41,0.0,0.005075123596365853,,0,9,0.0,0.21951219512195122,True
ecb,rgdp,real_gdp_yoy,2017,1,,2017Q3,rolling_1y,1.0,,TN1_0|FN1_0TN0_6|FN0_5TN0_1|F0_0T0_4|F0_5T0_9|F1_0T1_4|F1_5T1_9|F2_0T2_4|F2_5T2_9|F3_0T3_4|F3_5T3_9|F4_0,3.0,39,0.02370047831202564,0.02370047831202564,0.02370047831202564,13,13,0.3333333333333333,0.3333333333333333,False
ecb,rgdp,real_gdp_yoy,2017,1,,2017Q3,rolling_1y,1.0,,TN1_0|FN1_0TN0_6|FN0_5TN0_1|F0_0T0_4|F0_5T0_9|F1_0T1_4|F1_5T1_9|F2_0T2_4|F2_5T2_9|F3_0T3_4|F3_5T3_9|F4_0,4.0,39,0.002239071003769231,0.002239071003769231,0.002239071003769231,8,8,0.20512820512820512,0.20512820512820512,False
ecb,rgdp,real_gdp_yoy,2017,1,,2017Q3,rolling_1y,1.0,,TN1_0|FN1_0TN0_6|FN0_5TN0_1|F0_0T0_4|F0_5T0_9|F1_0T1_4|F1_5T1_9|F2_0T2_4|F2_5T2_9|F3_0T3_4|F3_5T3_9|F4_0,5.0,39,0.0,0.002239071003769231,,0,8,0.0,0.20512820512820512,True
ecb,rgdp,real_gdp_yoy,2017,1,,2017Q3,rolling_1y,1.0,,TN1_0|FN1_0TN0_6|FN0_5TN0_1|F0_0T0_4|F0_5T0_9|F1_0T1_4|F1_5T1_9|F2_0T2_4|F2_5T2_9|F3_0T3_4|F3_5T3_9|F4_0,10.0,39,0.0,0.002239071003769231,,0,8,0.0,0.20512820512820512,True
ecb,rgdp,real_gdp_yoy,2017,1,,2018Q3,rolling_2y,2.0,,TN1_0|FN1_0TN0_6|FN0_5TN0_1|F0_0T0_4|F0_5T0_9|F1_0T1_4|F1_5T1_9|F2_0T2_4|F2_5T2_9|F3_0T3_4|F3_5T3_9|F4_0,3.0,38,0.032243365203315784,0.032243365203315784,0.032243365203315784,16,16,0.42105263157894735,0.42105263157894735,False
ecb,rgdp,real_gdp_yoy,2017,1,,2018Q3,rolling_2y,2.0,,TN1_0|FN1_0TN0_6|FN0_5TN0_1|F0_0T0_4|F0_5T0_9|F1_0T1_4|F1_5T1_9|F2_0T2_4|F2_5T2_9|F3_0T3_4|F3_5T3_9|F4_0,4.0,38,0.004658717300473684,0.004658717300473684,0.004658717300473684,9,9,0.23684210526315788,0.23684210526315788,False
ecb,rgdp,real_gdp_yoy,2017,1,,2018Q3,rolling_2y,2.0,,TN1_0|FN1_0TN0_6|FN0_5TN0_1|F0_0T0_4|F0_5T0_9|F1_0T1_4|F1_5T1_9|F2_0T2_4|F2_5T2_9|F3_0T3_4|F3_5T3_9|F4_0,5.0,38,0.0,0.004658717300473684,,0,9,0.0,0.23684210526315788,True
ecb,rgdp,real_gdp_yoy,2017,1,,2018Q3,rolling_2y,2.0,,TN1_0|FN1_0TN0_6|FN0_5TN0_1|F0_0T0_4|F0_5T0_9|F1_0T1_4|F1_5T1_9|F2_0T2_4|F2_5T2_9|F3_0T3_4|F3_5T3_9|F4_0,10.0,38,0.0,0.004658717300473684,,0,9,0.0,0.23684210526315788,True
ecb,rgdp,real_gdp_yoy,2017,2,2017,2017,current_year,0.0,,TN1_0|FN1_0TN0_6|FN0_5TN0_1|F0_0T0_4|F0_5T0_9|F1_0T1_4|F1_5T1_9|F2_0T2_4|F2_5T2_9|F3_0T3_4|F3_5T3_9|F4_0,3.0,48,0.018669808606416666,0.018669808606416666,0.018669808606416666,13,13,0.2708333333333333,0.2708333333333333,False
ecb,rgdp,real_gdp_yoy,2017,2,2017,2017,current_year,0.0,,TN1_0|FN1_0TN0_6|FN0_5TN0_1|F0_0T0_4|F0_5T0_9|F1_0T1_4|F1_5T1_9|F2_0T2_4|F2_5T2_9|F3_0T3_4|F3_5T3_9|F4_0,4.0,48,0.0012529637082291669,0.0012529637082291669,0.0012529637082291669,6,6,0.125,0.125,False
ecb,rgdp,real_gdp_yoy,2017,2,2017,2017,current_year,0.0,,TN1_0|FN1_0TN0_6|FN0_5TN0_1|F0_0T0_4|F0_5T0_9|F1_0T1_4|F1_5T1_9|F2_0T2_4|F2_5T2_9|F3_0T3_4|F3_5T3_9|F4_0,5.0,48,0.0,0.0012529637082291669,,0,6,0.0,0.125,True
ecb,rgdp,real_gdp_yoy,2017,2,2017,2017,current_year,0.0,,TN1_0|FN1_0TN0_6|FN0_5TN0_1|F0_0T0_4|F0_5T0_9|F1_0T1_4|F1_5T1_9|F2_0T2_4|F2_5T2_9|F3_0T3_4|F3_5T3_9|F4_0,10.0,48,0.0,0.0012529637082291669,,0,6,0.0,0.125,True
ecb,rgdp,real_gdp_yoy,2017,2,2018,2018,next_year,1.0,,TN1_0|FN1_0TN0_6|FN0_5TN0_1|F0_0T0_4|F0_5T0_9|F1_0T1_4|F1_5T1_9|F2_0T2_4|F2_5T2_9|F3_0T3_4|F3_5T3_9|F4_0,3.0,46,0.025911799533021744,0.025911799533021744,0.025911799533021744,17,17,0.3695652173913043,0.3695652173913043,False
ecb,rgdp,real_gdp_yoy,2017,2,2018,2018,next_year,1.0,,TN1_0|FN1_0TN0_6|FN0_5TN0_1|F0_0T0_4|F0_5T0_9|F1_0T1_4|F1_5T1_9|F2_0T2_4|F2_5T2_9|F3_0T3_4|F3_5T3_9|F4_0,4.0,46,0.0028074539516739134,0.0028074539516739134,0.0028074539516739134,8,8,0.17391304347826086,0.17391304347826086,False
ecb,rgdp,real_gdp_yoy,2017,2,2018,2018,next_year,1.0,,TN1_0|FN1_0TN0_6|FN0_5TN0_1|F0_0T0_4|F0_5T0_9|F1_0T1_4|F1_5T1_9|F2_0T2_4|F2_5T2_9|F3_0T3_4|F3_5T3_9|F4_0,5.0,46,0.0,0.0028074539516739134,,0,8,0.0,0.17391304347826086,True
ecb,rgdp,real_gdp_yoy,2017,2,2018,2018,next_year,1.0,,TN1_0|FN1_0TN0_6|FN0_5TN0_1|F0_0T0_4|F0_5T0_9|F1_0T1_4|F1_5T1_9|F2_0T2_4|F2_5T2_9|F3_0T3_4|F3_5T3_9|F4_0,10.0,46,0.0,0.0028074539516739134,,0,8,0.0,0.17391304347826086,True
ecb,rgdp,real_gdp_yoy,2017,2,2019,2019,year_after_next,2.0,,TN1_0|FN1_0TN0_6|FN0_5TN0_1|F0_0T0_4|F0_5T0_9|F1_0T1_4|F1_5T1_9|F2_0T2_4|F2_5T2_9|F3_0T3_4|F3_5T3_9|F4_0,3.0,37,0.029407001522216217,0.029407001522216217,0.029407001522216217,16,16,0.43243243243243246,0.43243243243243246,False
ecb,rgdp,real_gdp_yoy,2017,2,2019,2019,year_after_next,2.0,,TN1_0|FN1_0TN0_6|FN0_5TN0_1|F0_0T0_4|F0_5T0_9|F1_0T1_4|F1_5T1_9|F2_0T2_4|F2_5T2_9|F3_0T3_4|F3_5T3_9|F4_0,4.0,37,0.00426834445272973,0.00426834445272973,0.00426834445272973,6,6,0.16216216216216217,0.16216216216216217,False
ecb,rgdp,real_gdp_yoy,2017,2,2019,2019,year_after_next,2.0,,TN1_0|FN1_0TN0_6|FN0_5TN0_1|F0_0T0_4|F0_5T0_9|F1_0T1_4|F1_5T1_9|F2_0T2_4|F2_5T2_9|F3_0T3_4|F3_5T3_9|F4_0,5.0,37,0.0,0.00426834445272973,,0,6,0.0,0.16216216216216217,True
ecb,rgdp,real_gdp_yoy,2017,2,2019,2019,year_after_next,2.0,,TN1_0|FN1_0TN0_6|FN0_5TN0_1|F0_0T0_4|F0_5T0_9|F1_0T1_4|F1_5T1_9|F2_0T2_4|F2_5T2_9|F3_0T3_4|F3_5T3_9|F4_0,10.0,37,0.0,0.00426834445272973,,0,6,0.0,0.16216216216216217,True
ecb,rgdp,real_gdp_yoy,2017,2,2021,2021,longer_term,4.0,,TN1_0|FN1_0TN0_6|FN0_5TN0_1|F0_0T0_4|F0_5T0_9|F1_0T1_4|F1_5T1_9|F2_0T2_4|F2_5T2_9|F3_0T3_4|F3_5T3_9|F4_0,3.0,38,0.05160761663789474,0.05160761663789474,0.05160761663789474,21,21,0.5526315789473685,0.5526315789473685,False
ecb,rgdp,real_gdp_yoy,2017,2,2021,2021,longer_term,4.0,,TN1_0|FN1_0TN0_6|FN0_5TN0_1|F0_0T0_4|F0_5T0_9|F1_0T1_4|F1_5T1_9|F2_0T2_4|F2_5T2_9|F3_0T3_4|F3_5T3_9|F4_0,4.0,38,0.005444730559894737,0.005444730559894737,0.005444730559894737,10,10,0.2631578947368421,0.2631578947368421,False
ecb,rgdp,real_gdp_yoy,2017,2,2021,2021,longer_term,4.0,,TN1_0|FN1_0TN0_6|FN0_5TN0_1|F0_0T0_4|F0_5T0_9|F1_0T1_4|F1_5T1_9|F2_0T2_4|F2_5T2_9|F3_0T3_4|F3_5T3_9|F4_0,5.0,38,0.0,0.005444730559894737,,0,10,0.0,0.2631578947368421,True
ecb,rgdp,real_gdp_yoy,2017,2,2021,2021,longer_term,4.0,,TN1_0|FN1_0TN0_6|FN0_5TN0_1|F0_0T0_4|F0_5T0_9|F1_0T1_4|F1_5T1_9|F2_0T2_4|F2_5T2_9|F3_0T3_4|F3_5T3_9|F4_0,10.0,38,0.0,0.005444730559894737,,0,10,0.0,0.2631578947368421,True
ecb,rgdp,real_gdp_yoy,2017,2,,2017Q4,rolling_1y,1.0,,TN1_0|FN1_0TN0_6|FN0_5TN0_1|F0_0T0_4|F0_5T0_9|F1_0T1_4|F1_5T1_9|F2_0T2_4|F2_5T2_9|F3_0T3_4|F3_5T3_9|F4_0,3.0,35,0.028186665040342857,0.028186665040342857,0.028186665040342857,12,12,0.34285714285714286,0.34285714285714286,False
ecb,rgdp,real_gdp_yoy,2017,2,,2017Q4,rolling_1y,1.0,,TN1_0|FN1_0TN0_6|FN0_5TN0_1|F0_0T0_4|F0_5T0_9|F1_0T1_4|F1_5T1_9|F2_0T2_4|F2_5T2_9|F3_0T3_4|F3_5T3_9|F4_0,4.0,35,0.003691822372857143,0.003691822372857143,0.003691822372857143,8,8,0.22857142857142856,0.22857142857142856,False
ecb,rgdp,real_gdp_yoy,2017,2,,2017Q4,rolling_1y,1.0,,TN1_0|FN1_0TN0_6|FN0_5TN0_1|F0_0T0_4|F0_5T0_9|F1_0T1_4|F1_5T1_9|F2_0T2_4|F2_5T2_9|F3_0T3_4|F3_5T3_9|F4_0,5.0,35,0.0,0.003691822372857143,,0,8,0.0,0.22857142857142856,True
ecb,rgdp,real_gdp_yoy,2017,2,,2017Q4,rolling_1y,1.0,,TN1_0|FN1_0TN0_6|FN0_5TN0_1|F0_0T0_4|F0_5T0_9|F1_0T1_4|F1_5T1_9|F2_0T2_4|F2_5T2_9|F3_0T3_4|F3_5T3_9|F4_0,10.0,35,0.0,0.003691822372857143,,0,8,0.0,0.22857142857142856,True
ecb,rgdp,real_gdp_yoy,2017,2,,2018Q4,rolling_2y,2.0,,TN1_0|FN1_0TN0_6|FN0_5TN0_1|F0_0T0_4|F0_5T0_9|F1_0T1_4|F1_5T1_9|F2_0T2_4|F2_5T2_9|F3_0T3_4|F3_5T3_9|F4_0,3.0,33,0.02861472276109091,0.02861472276109091,0.02861472276109091,12,12,0.36363636363636365,0.36363636363636365,False
ecb,rgdp,real_gdp_yoy,2017,2,,2018Q4,rolling_2y,2.0,,TN1_0|FN1_0TN0_6|FN0_5TN0_1|F0_0T0_4|F0_5T0_9|F1_0T1_4|F1_5T1_9|F2_0T2_4|F2_5T2_9|F3_0T3_4|F3_5T3_9|F4_0,4.0,33,0.002857113170212122,0.002857113170212122,0.002857113170212122,5,5,0.15151515151515152,0.15151515151515152,False
ecb,rgdp,real_gdp_yoy,2017,2,,2018Q4,rolling_2y,2.0,,TN1_0|FN1_0TN0_6|FN0_5TN0_1|F0_0T0_4|F0_5T0_9|F1_0T1_4|F1_5T1_9|F2_0T2_4|F2_5T2_9|F3_0T3_4|F3_5T3_9|F4_0,5.0,33,0.0,0.002857113170212122,,0,5,0.0,0.15151515151515152,True
ecb,rgdp,real_gdp_yoy,2017,2,,2018Q4,rolling_2y,2.0,,TN1_0|FN1_0TN0_6|FN0_5TN0_1|F0_0T0_4|F0_5T0_9|F1_0T1_4|F1_5T1_9|F2_0T2_4|F2_5T2_9|F3_0T3_4|F3_5T3_9|F4_0,10.0,33,0.0,0.002857113170212122,,0,5,0.0,0.15151515151515152,True
ecb,rgdp,real_gdp_yoy,2017,3,2017,2017,current_year,0.0,,TN1_0|FN1_0TN0_6|FN0_5TN0_1|F0_0T0_4|F0_5T0_9|F1_0T1_4|F1_5T1_9|F2_0T2_4|F2_5T2_9|F3_0T3_4|F3_5T3_9|F4_0,3.0,49,0.018311043173489798,0.018311043173489798,0.018311043173489798,14,14,0.2857142857142857,0.2857142857142857,False
ecb,rgdp,real_gdp_yoy,2017,3,2017,2017,current_year,0.0,,TN1_0|FN1_0TN0_6|FN0_5TN0_1|F0_0T0_4|F0_5T0_9|F1_0T1_4|F1_5T1_9|F2_0T2_4|F2_5T2_9|F3_0T3_4|F3_5T3_9|F4_0,4.0,49,0.0015216661330816324,0.0015216661330816324,0.0015216661330816324,7,7,0.14285714285714285,0.14285714285714285,False
ecb,rgdp,real_gdp_yoy,2017,3,2017,2017,current_year,0.0,,TN1_0|FN1_0TN0_6|FN0_5TN0_1|F0_0T0_4|F0_5T0_9|F1_0T1_4|F1_5T1_9|F2_0T2_4|F2_5T2_9|F3_0T3_4|F3_5T3_9|F4_0,5.0,49,0.0,0.0015216661330816324,,0,7,0.0,0.14285714285714285,True
ecb,rgdp,real_gdp_yoy,2017,3,2017,2017,current_year,0.0,,TN1_0|FN1_0TN0_6|FN0_5TN0_1|F0_0T0_4|F0_5T0_9|F1_0T1_4|F1_5T1_9|F2_0T2_4|F2_5T2_9|F3_0T3_4|F3_5T3_9|F4_0,10.0,49,0.0,0.0015216661330816324,,0,7,0.0,0.14285714285714285,True
ecb,rgdp,real_gdp_yoy,2017,3,2018,2018,next_year,1.0,,TN1_0|FN1_0TN0_6|FN0_5TN0_1|F0_0T0_4|F0_5T0_9|F1_0T1_4|F1_5T1_9|F2_0T2_4|F2_5T2_9|F3_0T3_4|F3_5T3_9|F4_0,3.0,48,0.03263452037354166,0.03263452037354166,0.03263452037354166,19,19,0.3958333333333333,0.3958333333333333,False
ecb,rgdp,real_gdp_yoy,2017,3,2018,2018,next_year,1.0,,TN1_0|FN1_0TN0_6|FN0_5TN0_1|F0_0T0_4|F0_5T0_9|F1_0T1_4|F1_5T1_9|F2_0T2_4|F2_5T2_9|F3_0T3_4|F3_5T3_9|F4_0,4.0,48,0.003526964676541667,0.003526964676541667,0.003526964676541667,9,9,0.1875,0.1875,False
ecb,rgdp,real_gdp_yoy,2017,3,2018,2018,next_year,1.0,,TN1_0|FN1_0TN0_6|FN0_5TN0_1|F0_0T0_4|F0_5T0_9|F1_0T1_4|F1_5T1_9|F2_0T2_4|F2_5T2_9|F3_0T3_4|F3_5T3_9|F4_0,5.0,48,0.0,0.003526964676541667,,0,9,0.0,0.1875,True
ecb,rgdp,real_gdp_yoy,2017,3,2018,2018,next_year,1.0,,TN1_0|FN1_0TN0_6|FN0_5TN0_1|F0_0T0_4|F0_5T0_9|F1_0T1_4|F1_5T1_9|F2_0T2_4|F2_5T2_9|F3_0T3_4|F3_5T3_9|F4_0,10.0,48,0.0,0.003526964676541667,,0,9,0.0,0.1875,True
ecb,rgdp,real_gdp_yoy,2017,3,2019,2019,year_after_next,2.0,,TN1_0|FN1_0TN0_6|FN0_5TN0_1|F0_0T0_4|F0_5T0_9|F1_0T1_4|F1_5T1_9|F2_0T2_4|F2_5T2_9|F3_0T3_4|F3_5T3_9|F4_0,3.0,42,0.030733154450047612,0.030733154450047612,0.030733154450047623,19,19,0.4523809523809524,0.4523809523809524,False
ecb,rgdp,real_gdp_yoy,2017,3,2019,2019,year_after_next,2.0,,TN1_0|FN1_0TN0_6|FN0_5TN0_1|F0_0T0_4|F0_5T0_9|F1_0T1_4|F1_5T1_9|F2_0T2_4|F2_5T2_9|F3_0T3_4|F3_5T3_9|F4_0,4.0,42,0.003524770574619048,0.003524770574619048,0.003524770574619048,8,8,0.19047619047619047,0.19047619047619047,False
ecb,rgdp,real_gdp_yoy,2017,3,2019,2019,year_after_next,2.0,,TN1_0|FN1_0TN0_6|FN0_5TN0_1|F0_0T0_4|F0_5T0_9|F1_0T1_4|F1_5T1_9|F2_0T2_4|F2_5T2_9|F3_0T3_4|F3_5T3_9|F4_0,5.0,42,0.0,0.003524770574619048,,0,8,0.0,0.19047619047619047,True
ecb,rgdp,real_gdp_yoy,2017,3,2019,2019,year_after_next,2.0,,TN1_0|FN1_0TN0_6|FN0_5TN0_1|F0_0T0_4|F0_5T0_9|F1_0T1_4|F1_5T1_9|F2_0T2_4|F2_5T2_9|F3_0T3_4|F3_5T3_9|F4_0,10.0,42,0.0,0.003524770574619048,,0,8,0.0,0.19047619047619047,True
ecb,rgdp,real_gdp_yoy,2017,3,2022,2022,longer_term,5.0,,TN1_0|FN1_0TN0_6|FN0_5TN0_1|F0_0T0_4|F0_5T0_9|F1_0T1_4|F1_5T1_9|F2_0T2_4|F2_5T2_9|F3_0T3_4|F3_5T3_9|F4_0,3.0,39,0.051512348799153854,0.051512348799153854,0.051512348799153854,21,21,0.5384615384615384,0.5384615384615384,False
ecb,rgdp,real_gdp_yoy,2017,3,2022,2022,longer_term,5.0,,TN1_0|FN1_0TN0_6|FN0_5TN0_1|F0_0T0_4|F0_5T0_9|F1_0T1_4|F1_5T1_9|F2_0T2_4|F2_5T2_9|F3_0T3_4|F3_5T3_9|F4_0,4.0,39,0.006992591334923076,0.006992591334923076,0.006992591334923076,12,12,0.3076923076923077,0.3076923076923077,False
ecb,rgdp,real_gdp_yoy,2017,3,2022,2022,longer_term,5.0,,TN1_0|FN1_0TN0_6|FN0_5TN0_1|F0_0T0_4|F0_5T0_9|F1_0T1_4|F1_5T1_9|F2_0T2_4|F2_5T2_9|F3_0T3_4|F3_5T3_9|F4_0,5.0,39,0.0,0.006992591334923076,,0,12,0.0,0.3076923076923077,True
ecb,rgdp,real_gdp_yoy,2017,3,2022,2022,longer_term,5.0,,TN1_0|FN1_0TN0_6|FN0_5TN0_1|F0_0T0_4|F0_5T0_9|F1_0T1_4|F1_5T1_9|F2_0T2_4|F2_5T2_9|F3_0T3_4|F3_5T3_9|F4_0,10.0,39,0.0,0.006992591334923076,,0,12,0.0,0.3076923076923077,True
ecb,rgdp,real_gdp_yoy,2017,3,,2018Q1,rolling_1y,1.0,,TN1_0|FN1_0TN0_6|FN0_5TN0_1|F0_0T0_4|F0_5T0_9|F1_0T1_4|F1_5T1_9|F2_0T2_4|F2_5T2_9|F3_0T3_4|F3_5T3_9|F4_0,3.0,39,0.03680485453789744,0.03680485453789744,0.03680485453789744,15,15,0.38461538461538464,0.38461538461538464,False
ecb,rgdp,real_gdp_yoy,2017,3,,2018Q1,rolling_1y,1.0,,TN1_0|FN1_0TN0_6|FN0_5TN0_1|F0_0T0_4|F0_5T0_9|F1_0T1_4|F1_5T1_9|F2_0T2_4|F2_5T2_9|F3_0T3_4|F3_5T3_9|F4_0,4.0,39,0.005271859990948719,0.005271859990948719,0.005271859990948719,7,7,0.1794871794871795,0.1794871794871795,False
ecb,rgdp,real_gdp_yoy,2017,3,,2018Q1,rolling_1y,1.0,,TN1_0|FN1_0TN0_6|FN0_5TN0_1|F0_0T0_4|F0_5T0_9|F1_0T1_4|F1_5T1_9|F2_0T2_4|F2_5T2_9|F3_0T3_4|F3_5T3_9|F4_0,5.0,39,0.0,0.005271859990948719,,0,7,0.0,0.1794871794871795,True
ecb,rgdp,real_gdp_yoy,2017,3,,2018Q1,rolling_1y,1.0,,TN1_0|FN1_0TN0_6|FN0_5TN0_1|F0_0T0_4|F0_5T0_9|F1_0T1_4|F1_5T1_9|F2_0T2_4|F2_5T2_9|F3_0T3_4|F3_5T3_9|F4_0,10.0,39,0.0,0.005271859990948719,,0,7,0.0,0.1794871794871795,True
ecb,rgdp,real_gdp_yoy,2017,3,,2019Q1,rolling_2y,2.0,,TN1_0|FN1_0TN0_6|FN0_5TN0_1|F0_0T0_4|F0_5T0_9|F1_0T1_4|F1_5T1_9|F2_0T2_4|F2_5T2_9|F3_0T3_4|F3_5T3_9|F4_0,3.0,36,0.03596318149802778,0.03596318149802778,0.03596318149802778,17,17,0.4722222222222222,0.4722222222222222,False
ecb,rgdp,real_gdp_yoy,2017,3,,2019Q1,rolling_2y,2.0,,TN1_0|FN1_0TN0_6|FN0_5TN0_1|F0_0T0_4|F0_5T0_9|F1_0T1_4|F1_5T1_9|F2_0T2_4|F2_5T2_9|F3_0T3_4|F3_5T3_9|F4_0,4.0,36,0.004505920303611111,0.004505920303611111,0.004505920303611111,8,8,0.2222222222222222,0.2222222222222222,False
ecb,rgdp,real_gdp_yoy,2017,3,,2019Q1,rolling_2y,2.0,,TN1_0|FN1_0TN0_6|FN0_5TN0_1|F0_0T0_4|F0_5T0_9|F1_0T1_4|F1_5T1_9|F2_0T2_4|F2_5T2_9|F3_0T3_4|F3_5T3_9|F4_0,5.0,36,0.0,0.004505920303611111,,0,8,0.0,0.2222222222222222,True
ecb,rgdp,real_gdp_yoy,2017,3,,2019Q1,rolling_2y,2.0,,TN1_0|FN1_0TN0_6|FN0_5TN0_1|F0_0T0_4|F0_5T0_9|F1_0T1_4|F1_5T1_9|F2_0T2_4|F2_5T2_9|F3_0T3_4|F3_5T3_9|F4_0,10.0,36,0.0,0.004505920303611111,,0,8,0.0,0.2222222222222222,True
ecb,rgdp,real_gdp_yoy,2017,4,2017,2017,current_year,0.0,,TN1_0|FN1_0TN0_6|FN0_5TN0_1|F0_0T0_4|F0_5T0_9|F1_0T1_4|F1_5T1_9|F2_0T2_4|F2_5T2_9|F3_0T3_4|F3_5T3_9|F4_0,3.0,50,0.01909476046414,0.01909476046414,0.01909476046414,14,14,0.28,0.28,False
ecb,rgdp,real_gdp_yoy,2017,4,2017,2017,current_year,0.0,,TN1_0|FN1_0TN0_6|FN0_5TN0_1|F0_0T0_4|F0_5T0_9|F1_0T1_4|F1_5T1_9|F2_0T2_4|F2_5T2_9|F3_0T3_4|F3_5T3_9|F4_0,4.0,50,0.0021840403951,0.0021840403951,0.0021840403951,4,4,0.08,0.08,False
ecb,rgdp,real_gdp_yoy,2017,4,2017,2017,current_year,0.0,,TN1_0|FN1_0TN0_6|FN0_5TN0_1|F0_0T0_4|F0_5T0_9|F1_0T1_4|F1_5T1_9|F2_0T2_4|F2_5T2_9|F3_0T3_4|F3_5T3_9|F4_0,5.0,50,0.0,0.0021840403951,,0,4,0.0,0.08,True
ecb,rgdp,real_gdp_yoy,2017,4,2017,2017,current_year,0.0,,TN1_0|FN1_0TN0_6|FN0_5TN0_1|F0_0T0_4|F0_5T0_9|F1_0T1_4|F1_5T1_9|F2_0T2_4|F2_5T2_9|F3_0T3_4|F3_5T3_9|F4_0,10.0,50,0.0,0.0021840403951,,0,4,0.0,0.08,True
ecb,rgdp,real_gdp_yoy,2017,4,2018,2018,next_year,1.0,,TN1_0|FN1_0TN0_6|FN0_5TN0_1|F0_0T0_4|F0_5T0_9|F1_0T1_4|F1_5T1_9|F2_0T2_4|F2_5T2_9|F3_0T3_4|F3_5T3_9|F4_0,3.0,50,0.041514452376180004,0.041514452376180004,0.04151445237618,20,20,0.4,0.4,False
ecb,rgdp,real_gdp_yoy,2017,4,2018,2018,next_year,1.0,,TN1_0|FN1_0TN0_6|FN0_5TN0_1|F0_0T0_4|F0_5T0_9|F1_0T1_4|F1_5T1_9|F2_0T2_4|F2_5T2_9|F3_0T3_4|F3_5T3_9|F4_0,4.0,50,0.0056670071057600005,0.0056670071057600005,0.0056670071057600005,8,8,0.16,0.16,False
ecb,rgdp,real_gdp_yoy,2017,4,2018,2018,next_year,1.0,,TN1_0|FN1_0TN0_6|FN0_5TN0_1|F0_0T0_4|F0_5T0_9|F1_0T1_4|F1_5T1_9|F2_0T2_4|F2_5T2_9|F3_0T3_4|F3_5T3_9|F4_0,5.0,50,0.0,0.0056670071057600005,,0,8,0.0,0.16,True
ecb,rgdp,real_gdp_yoy,2017,4,2018,2018,next_year,1.0,,TN1_0|FN1_0TN0_6|FN0_5TN0_1|F0_0T0_4|F0_5T0_9|F1_0T1_4|F1_5T1_9|F2_0T2_4|F2_5T2_9|F3_0T3_4|F3_5T3_9|F4_0,10.0,50,0.0,0.0056670071057600005,,0,8,0.0,0.16,True
ecb,rgdp,real_gdp_yoy,2017,4,2019,2019,year_after_next,2.0,,TN1_0|FN1_0TN0_6|FN0_5TN0_1|F0_0T0_4|F0_5T0_9|F1_0T1_4|F1_5T1_9|F2_0T2_4|F2_5T2_9|F3_0T3_4|F3_5T3_9|F4_0,3.0,47,0.03647550826306384,0.03647550826306384,0.03647550826306384,20,20,0.425531914893617,0.425531914893617,False
ecb,rgdp,real_gdp_yoy,2017,4,2019,2019,year_after_next,2.0,,TN1_0|FN1_0TN0_6|FN0_5TN0_1|F0_0T0_4|F0_5T0_9|F1_0T1_4|F1_5T1_9|F2_0T2_4|F2_5T2_9|F3_0T3_4|F3_5T3_9|F4_0,4.0,47,0.0038083032930851064,0.0038083032930851064,0.0038083032930851064,8,8,0.1702127659574468,0.1702127659574468,False
ecb,rgdp,real_gdp_yoy,2017,4,2019,2019,year_after_next,2.0,,TN1_0|FN1_0TN0_6|FN0_5TN0_1|F0_0T0_4|F0_5T0_9|F1_0T1_4|F1_5T1_9|F2_0T2_4|F2_5T2_9|F3_0T3_4|F3_5T3_9|F4_0,5.0,47,0.0,0.0038083032930851064,,0,8,0.0,0.1702127659574468,True
ecb,rgdp,real_gdp_yoy,2017,4,2019,2019,year_after_next,2.0,,TN1_0|FN1_0TN0_6|FN0_5TN0_1|F0_0T0_4|F0_5T0_9|F1_0T1_4|F1_5T1_9|F2_0T2_4|F2_5T2_9|F3_0T3_4|F3_5T3_9|F4_0,10.0,47,0.0,0.0038083032930851064,,0,8,0.0,0.1702127659574468,True
ecb,rgdp,real_gdp_yoy,2017,4,2022,2022,longer_term,5.0,,TN1_0|FN1_0TN0_6|FN0_5TN0_1|F0_0T0_4|F0_5T0_9|F1_0T1_4|F1_5T1_9|F2_0T2_4|F2_5T2_9|F3_0T3_4|F3_5T3_9|F4_0,3.0,37,0.053872820913702706,0.053872820913702706,0.053872820913702706,20,20,0.5405405405405406,0.5405405405405406,False
ecb,rgdp,real_gdp_yoy,2017,4,2022,2022,longer_term,5.0,,TN1_0|FN1_0TN0_6|FN0_5TN0_1|F0_0T0_4|F0_5T0_9|F1_0T1_4|F1_5T1_9|F2_0T2_4|F2_5T2_9|F3_0T3_4|F3_5T3_9|F4_0,4.0,37,0.0073109252728108115,0.0073109252728108115,0.0073109252728108115,10,10,0.2702702702702703,0.2702702702702703,False
ecb,rgdp,real_gdp_yoy,2017,4,2022,2022,longer_term,5.0,,TN1_0|FN1_0TN0_6|FN0_5TN0_1|F0_0T0_4|F0_5T0_9|F1_0T1_4|F1_5T1_9|F2_0T2_4|F2_5T2_9|F3_0T3_4|F3_5T3_9|F4_0,5.0,37,0.0,0.0073109252728108115,,0,10,0.0,0.2702702702702703,True
ecb,rgdp,real_gdp_yoy,2017,4,2022,2022,longer_term,5.0,,TN1_0|FN1_0TN0_6|FN0_5TN0_1|F0_0T0_4|F0_5T0_9|F1_0T1_4|F1_5T1_9|F2_0T2_4|F2_5T2_9|F3_0T3_4|F3_5T3_9|F4_0,10.0,37,0.0,0.0073109252728108115,,0,10,0.0,0.2702702702702703,True
ecb,rgdp,real_gdp_yoy,2017,4,,2018Q2,rolling_1y,1.0,,TN1_0|FN1_0TN0_6|FN0_5TN0_1|F0_0T0_4|F0_5T0_9|F1_0T1_4|F1_5T1_9|F2_0T2_4|F2_5T2_9|F3_0T3_4|F3_5T3_9|F4_0,3.0,39,0.04531126110476923,0.04531126110476923,0.04531126110476923,16,16,0.41025641025641024,0.41025641025641024,False
ecb,rgdp,real_gdp_yoy,2017,4,,2018Q2,rolling_1y,1.0,,TN1_0|FN1_0TN0_6|FN0_5TN0_1|F0_0T0_4|F0_5T0_9|F1_0T1_4|F1_5T1_9|F2_0T2_4|F2_5T2_9|F3_0T3_4|F3_5T3_9|F4_0,4.0,39,0.00687371533897436,0.00687371533897436,0.00687371533897436,7,7,0.1794871794871795,0.1794871794871795,False
ecb,rgdp,real_gdp_yoy,2017,4,,2018Q2,rolling_1y,1.0,,TN1_0|FN1_0TN0_6|FN0_5TN0_1|F0_0T0_4|F0_5T0_9|F1_0T1_4|F1_5T1_9|F2_0T2_4|F2_5T2_9|F3_0T3_4|F3_5T3_9|F4_0,5.0,39,0.0,0.00687371533897436,,0,7,0.0,0.1794871794871795,True
ecb,rgdp,real_gdp_yoy,2017,4,,2018Q2,rolling_1y,1.0,,TN1_0|FN1_0TN0_6|FN0_5TN0_1|F0_0T0_4|F0_5T0_9|F1_0T1_4|F1_5T1_9|F2_0T2_4|F2_5T2_9|F3_0T3_4|F3_5T3_9|F4_0,10.0,39,0.0,0.00687371533897436,,0,7,0.0,0.1794871794871795,True
ecb,rgdp,real_gdp_yoy,2017,4,,2019Q2,rolling_2y,2.0,,TN1_0|FN1_0TN0_6|FN0_5TN0_1|F0_0T0_4|F0_5T0_9|F1_0T1_4|F1_5T1_9|F2_0T2_4|F2_5T2_9|F3_0T3_4|F3_5T3_9|F4_0,3.0,35,0.04521496337248572,0.04521496337248572,0.04521496337248572,16,16,0.45714285714285713,0.45714285714285713,False
ecb,rgdp,real_gdp_yoy,2017,4,,2019Q2,rolling_2y,2.0,,TN1_0|FN1_0TN0_6|FN0_5TN0_1|F0_0T0_4|F0_5T0_9|F1_0T1_4|F1_5T1_9|F2_0T2_4|F2_5T2_9|F3_0T3_4|F3_5T3_9|F4_0,4.0,35,0.004926818102542857,0.004926818102542857,0.004926818102542857,8,8,0.22857142857142856,0.22857142857142856,False
ecb,rgdp,real_gdp_yoy,2017,4,,2019Q2,rolling_2y,2.0,,TN1_0|FN1_0TN0_6|FN0_5TN0_1|F0_0T0_4|F0_5T0_9|F1_0T1_4|F1_5T1_9|F2_0T2_4|F2_5T2_9|F3_0T3_4|F3_5T3_9|F4_0,5.0,35,0.0,0.004926818102542857,,0,8,0.0,0.22857142857142856,True
ecb,rgdp,real_gdp_yoy,2017,4,,2019Q2,rolling_2y,2.0,,TN1_0|FN1_0TN0_6|FN0_5TN0_1|F0_0T0_4|F0_5T0_9|F1_0T1_4|F1_5T1_9|F2_0T2_4|F2_5T2_9|F3_0T3_4|F3_5T3_9|F4_0,10.0,35,0.0,0.004926818102542857,,0,8,0.0,0.22857142857142856,True
ecb,rgdp,real_gdp_yoy,2018,1,2018,2018,current_year,0.0,,TN1_0|FN1_0TN0_6|FN0_5TN0_1|F0_0T0_4|F0_5T0_9|F1_0T1_4|F1_5T1_9|F2_0T2_4|F2_5T2_9|F3_0T3_4|F3_5T3_9|F4_0,3.0,49,0.0674659529742653,0.0674659529742653,0.0674659529742653,30,30,0.6122448979591837,0.6122448979591837,False
ecb,rgdp,real_gdp_yoy,2018,1,2018,2018,current_year,0.0,,TN1_0|FN1_0TN0_6|FN0_5TN0_1|F0_0T0_4|F0_5T0_9|F1_0T1_4|F1_5T1_9|F2_0T2_4|F2_5T2_9|F3_0T3_4|F3_5T3_9|F4_0,4.0,49,0.0038517838634897963,0.0038517838634897963,0.0038517838634897963,8,8,0.16326530612244897,0.16326530612244897,False
ecb,rgdp,real_gdp_yoy,2018,1,2018,2018,current_year,0.0,,TN1_0|FN1_0TN0_6|FN0_5TN0_1|F0_0T0_4|F0_5T0_9|F1_0T1_4|F1_5T1_9|F2_0T2_4|F2_5T2_9|F3_0T3_4|F3_5T3_9|F4_0,5.0,49,0.0,0.0038517838634897963,,0,8,0.0,0.16326530612244897,True
ecb,rgdp,real_gdp_yoy,2018,1,2018,2018,current_year,0.0,,TN1_0|FN1_0TN0_6|FN0_5TN0_1|F0_0T0_4|F0_5T0_9|F1_0T1_4|F1_5T1_9|F2_0T2_4|F2_5T2_9|F3_0T3_4|F3_5T3_9|F4_0,10.0,49,0.0,0.0038517838634897963,,0,8,0.0,0.16326530612244897,True
ecb,rgdp,real_gdp_yoy,2018,1,2019,2019,next_year,1.0,,TN1_0|FN1_0TN0_6|FN0_5TN0_1|F0_0T0_4|F0_5T0_9|F1_0T1_4|F1_5T1_9|F2_0T2_4|F2_5T2_9|F3_0T3_4|F3_5T3_9|F4_0,3.0,47,0.052236883348617015,0.052236883348617015,0.052236883348617015,28,28,0.5957446808510638,0.5957446808510638,False
ecb,rgdp,real_gdp_yoy,2018,1,2019,2019,next_year,1.0,,TN1_0|FN1_0TN0_6|FN0_5TN0_1|F0_0T0_4|F0_5T0_9|F1_0T1_4|F1_5T1_9|F2_0T2_4|F2_5T2_9|F3_0T3_4|F3_5T3_9|F4_0,4.0,47,0.004396771854276596,0.004396771854276596,0.004396771854276596,8,8,0.1702127659574468,0.1702127659574468,False
ecb,rgdp,real_gdp_yoy,2018,1,2019,2019,next_year,1.0,,TN1_0|FN1_0TN0_6|FN0_5TN0_1|F0_0T0_4|F0_5T0_9|F1_0T1_4|F1_5T1_9|F2_0T2_4|F2_5T2_9|F3_0T3_4|F3_5T3_9|F4_0,5.0,47,0.0,0.004396771854276596,,0,8,0.0,0.1702127659574468,True
ecb,rgdp,real_gdp_yoy,2018,1,2019,2019,next_year,1.0,,TN1_0|FN1_0TN0_6|FN0_5TN0_1|F0_0T0_4|F0_5T0_9|F1_0T1_4|F1_5T1_9|F2_0T2_4|F2_5T2_9|F3_0T3_4|F3_5T3_9|F4_0,10.0,47,0.0,0.004396771854276596,,0,8,0.0,0.1702127659574468,True
ecb,rgdp,real_gdp_yoy,2018,1,2020,2020,year_after_next,2.0,,TN1_0|FN1_0TN0_6|FN0_5TN0_1|F0_0T0_4|F0_5T0_9|F1_0T1_4|F1_5T1_9|F2_0T2_4|F2_5T2_9|F3_0T3_4|F3_5T3_9|F4_0,3.0,39,0.038813420819384624,0.038813420819384624,0.038813420819384624,17,17,0.4358974358974359,0.4358974358974359,False
ecb,rgdp,real_gdp_yoy,2018,1,2020,2020,year_after_next,2.0,,TN1_0|FN1_0TN0_6|FN0_5TN0_1|F0_0T0_4|F0_5T0_9|F1_0T1_4|F1_5T1_9|F2_0T2_4|F2_5T2_9|F3_0T3_4|F3_5T3_9|F4_0,4.0,39,0.0030175448343333334,0.0030175448343333334,0.0030175448343333334,7,7,0.1794871794871795,0.1794871794871795,False
ecb,rgdp,real_gdp_yoy,2018,1,2020,2020,year_after_next,2.0,,TN1_0|FN1_0TN0_6|FN0_5TN0_1|F0_0T0_4|F0_5T0_9|F1_0T1_4|F1_5T1_9|F2_0T2_4|F2_5T2_9|F3_0T3_4|F3_5T3_9|F4_0,5.0,39,0.0,0.0030175448343333334,,0,7,0.0,0.1794871794871795,True
ecb,rgdp,real_gdp_yoy,2018,1,2020,2020,year_after_next,2.0,,TN1_0|FN1_0TN0_6|FN0_5TN0_1|F0_0T0_4|F0_5T0_9|F1_0T1_4|F1_5T1_9|F2_0T2_4|F2_5T2_9|F3_0T3_4|F3_5T3_9|F4_0,10.0,39,0.0,0.0030175448343333334,,0,7,0.0,0.1794871794871795,True
ecb,rgdp,real_gdp_yoy,2018,1,2022,2022,longer_term,4.0,,TN1_0|FN1_0TN0_6|FN0_5TN0_1|F0_0T0_4|F0_5T0_9|F1_0T1_4|F1_5T1_9|F2_0T2_4|F2_5T2_9|F3_0T3_4|F3_5T3_9|F4_0,3.0,39,0.048222669607769234,0.048222669607769234,0.048222669607769234,21,21,0.5384615384615384,0.5384615384615384,False
ecb,rgdp,real_gdp_yoy,2018,1,2022,2022,longer_term,4.0,,TN1_0|FN1_0TN0_6|FN0_5TN0_1|F0_0T0_4|F0_5T0_9|F1_0T1_4|F1_5T1_9|F2_0T2_4|F2_5T2_9|F3_0T3_4|F3_5T3_9|F4_0,4.0,39,0.004144842702666666,0.004144842702666666,0.004144842702666666,10,10,0.2564102564102564,0.2564102564102564,False
ecb,rgdp,real_gdp_yoy,2018,1,2022,2022,longer_term,4.0,,TN1_0|FN1_0TN0_6|FN0_5TN0_1|F0_0T0_4|F0_5T0_9|F1_0T1_4|F1_5T1_9|F2_0T2_4|F2_5T2_9|F3_0T3_4|F3_5T3_9|F4_0,5.0,39,0.0,0.004144842702666666,,0,10,0.0,0.2564102564102564,True
ecb,rgdp,real_gdp_yoy,2018,1,2022,2022,longer_term,4.0,,TN1_0|FN1_0TN0_6|FN0_5TN0_1|F0_0T0_4|F0_5T0_9|F1_0T1_4|F1_5T1_9|F2_0T2_4|F2_5T2_9|F3_0T3_4|F3_5T3_9|F4_0,10.0,39,0.0,0.004144842702666666,,0,10,0.0,0.2564102564102564,True
ecb,rgdp,real_gdp_yoy,2018,1,,2018Q3,rolling_1y,1.0,,TN1_0|FN1_0TN0_6|FN0_5TN0_1|F0_0T0_4|F0_5T0_9|F1_0T1_4|F1_5T1_9|F2_0T2_4|F2_5T2_9|F3_0T3_4|F3_5T3_9|F4_0,3.0,39,0.08148522163651281,0.08148522163651281,0.08148522163651281,23,23,0.5897435897435898,0.5897435897435898,False
ecb,rgdp,real_gdp_yoy,2018,1,,2018Q3,rolling_1y,1.0,,TN1_0|FN1_0TN0_6|FN0_5TN0_1|F0_0T0_4|F0_5T0_9|F1_0T1_4|F1_5T1_9|F2_0T2_4|F2_5T2_9|F3_0T3_4|F3_5T3_9|F4_0,4.0,39,0.008147721185692309,0.008147721185692309,0.008147721185692309,8,8,0.20512820512820512,0.20512820512820512,False
ecb,rgdp,real_gdp_yoy,2018,1,,2018Q3,rolling_1y,1.0,,TN1_0|FN1_0TN0_6|FN0_5TN0_1|F0_0T0_4|F0_5T0_9|F1_0T1_4|F1_5T1_9|F2_0T2_4|F2_5T2_9|F3_0T3_4|F3_5T3_9|F4_0,5.0,39,0.0,0.008147721185692309,,0,8,0.0,0.20512820512820512,True
ecb,rgdp,real_gdp_yoy,2018,1,,2018Q3,rolling_1y,1.0,,TN1_0|FN1_0TN0_6|FN0_5TN0_1|F0_0T0_4|F0_5T0_9|F1_0T1_4|F1_5T1_9|F2_0T2_4|F2_5T2_9|F3_0T3_4|F3_5T3_9|F4_0,10.0,39,0.0,0.008147721185692309,,0,8,0.0,0.20512820512820512,True
ecb,rgdp,real_gdp_yoy,2018,1,,2019Q3,rolling_2y,2.0,,TN1_0|FN1_0TN0_6|FN0_5TN0_1|F0_0T0_4|F0_5T0_9|F1_0T1_4|F1_5T1_9|F2_0T2_4|F2_5T2_9|F3_0T3_4|F3_5T3_9|F4_0,3.0,37,0.06238600518921622,0.06238600518921622,0.06238600518921622,20,20,0.5405405405405406,0.5405405405405406,False
ecb,rgdp,real_gdp_yoy,2018,1,,2019Q3,rolling_2y,2.0,,TN1_0|FN1_0TN0_6|FN0_5TN0_1|F0_0T0_4|F0_5T0_9|F1_0T1_4|F1_5T1_9|F2_0T2_4|F2_5T2_9|F3_0T3_4|F3_5T3_9|F4_0,4.0,37,0.010516610188513515,0.010516610188513515,0.010516610188513515,8,8,0.21621621621621623,0.21621621621621623,False
ecb,rgdp,real_gdp_yoy,2018,1,,2019Q3,rolling_2y,2.0,,TN1_0|FN1_0TN0_6|FN0_5TN0_1|F0_0T0_4|F0_5T0_9|F1_0T1_4|F1_5T1_9|F2_0T2_4|F2_5T2_9|F3_0T3_4|F3_5T3_9|F4_0,5.0,37,0.0,0.010516610188513515,,0,8,0.0,0.21621621621621623,True
ecb,rgdp,real_gdp_yoy,2018,1,,2019Q3,rolling_2y,2.0,,TN1_0|FN1_0TN0_6|FN0_5TN0_1|F0_0T0_4|F0_5T0_9|F1_0T1_4|F1_5T1_9|F2_0T2_4|F2_5T2_9|F3_0T3_4|F3_5T3_9|F4_0,10.0,37,0.0,0.010516610188513515,,0,8,0.0,0.21621621621621623,True
ecb,rgdp,real_gdp_yoy,2018,2,2018,2018,current_year,0.0,,TN1_0|FN1_0TN0_6|FN0_5TN0_1|F0_0T0_4|F0_5T0_9|F1_0T1_4|F1_5T1_9|F2_0T2_4|F2_5T2_9|F3_0T3_4|F3_5T3_9|F4_0,3.0,49,0.08074994457289796,0.08074994457289796,0.08074994457289796,30,30,0.6122448979591837,0.6122448979591837,False
ecb,rgdp,real_gdp_yoy,2018,2,2018,2018,current_year,0.0,,TN1_0|FN1_0TN0_6|FN0_5TN0_1|F0_0T0_4|F0_5T0_9|F1_0T1_4|F1_5T1_9|F2_0T2_4|F2_5T2_9|F3_0T3_4|F3_5T3_9|F4_0,4.0,49,0.005546990084959184,0.005546990084959184,0.005546990084959184,8,8,0.16326530612244897,0.16326530612244897,False
ecb,rgdp,real_gdp_yoy,2018,2,2018,2018,current_year,0.0,,TN1_0|FN1_0TN0_6|FN0_5TN0_1|F0_0T0_4|F0_5T0_9|F1_0T1_4|F1_5T1_9|F2_0T2_4|F2_5T2_9|F3_0T3_4|F3_5T3_9|F4_0,5.0,49,0.0,0.005546990084959184,,0,8,0.0,0.16326530612244897,True
ecb,rgdp,real_gdp_yoy,2018,2,2018,2018,current_year,0.0,,TN1_0|FN1_0TN0_6|FN0_5TN0_1|F0_0T0_4|F0_5T0_9|F1_0T1_4|F1_5T1_9|F2_0T2_4|F2_5T2_9|F3_0T3_4|F3_5T3_9|F4_0,10.0,49,0.0,0.005546990084959184,,0,8,0.0,0.16326530612244897,True
ecb,rgdp,real_gdp_yoy,2018,2,2019,2019,next_year,1.0,,TN1_0|FN1_0TN0_6|FN0_5TN0_1|F0_0T0_4|F0_5T0_9|F1_0T1_4|F1_5T1_9|F2_0T2_4|F2_5T2_9|F3_0T3_4|F3_5T3_9|F4_0,3.0,47,0.05805153225761702,0.05805153225761702,0.05805153225761702,25,25,0.5319148936170213,0.5319148936170213,False
ecb,rgdp,real_gdp_yoy,2018,2,2019,2019,next_year,1.0,,TN1_0|FN1_0TN0_6|FN0_5TN0_1|F0_0T0_4|F0_5T0_9|F1_0T1_4|F1_5T1_9|F2_0T2_4|F2_5T2_9|F3_0T3_4|F3_5T3_9|F4_0,4.0,47,0.00821372151493617,0.00821372151493617,0.00821372151493617,10,10,0.2127659574468085,0.2127659574468085,False
ecb,rgdp,real_gdp_yoy,2018,2,2019,2019,next_year,1.0,,TN1_0|FN1_0TN0_6|FN0_5TN0_1|F0_0T0_4|F0_5T0_9|F1_0T1_4|F1_5T1_9|F2_0T2_4|F2_5T2_9|F3_0T3_4|F3_5T3_9|F4_0,5.0,47,0.0,0.00821372151493617,,0,10,0.0,0.2127659574468085,True
ecb,rgdp,real_gdp_yoy,2018,2,2019,2019,next_year,1.0,,TN1_0|FN1_0TN0_6|FN0_5TN0_1|F0_0T0_4|F0_5T0_9|F1_0T1_4|F1_5T1_9|F2_0T2_4|F2_5T2_9|F3_0T3_4|F3_5T3_9|F4_0,10.0,47,0.0,0.00821372151493617,,0,10,0.0,0.2127659574468085,True
ecb,rgdp,real_gdp_yoy,2018,2,2020,2020,year_after_next,2.0,,TN1_0|FN1_0TN0_6|FN0_5TN0_1|F0_0T0_4|F0_5T0_9|F1_0T1_4|F1_5T1_9|F2_0T2_4|F2_5T2_9|F3_0T3_4|F3_5T3_9|F4_0,3.0,39,0.03560671030433333,0.03560671030433333,0.03560671030433333,17,17,0.4358974358974359,0.4358974358974359,False
ecb,rgdp,real_gdp_yoy,2018,2,2020,2020,year_after_next,2.0,,TN1_0|FN1_0TN0_6|FN0_5TN0_1|F0_0T0_4|F0_5T0_9|F1_0T1_4|F1_5T1_9|F2_0T2_4|F2_5T2_9|F3_0T3_4|F3_5T3_9|F4_0,4.0,39,0.003597663562923077,0.003597663562923077,0.003597663562923077,7,7,0.1794871794871795,0.1794871794871795,False
ecb,rgdp,real_gdp_yoy,2018,2,2020,2020,year_after_next,2.0,,TN1_0|FN1_0TN0_6|FN0_5TN0_1|F0_0T0_4|F0_5T0_9|F1_0T1_4|F1_5T1_9|F2_0T2_4|F2_5T2_9|F3_0T3_4|F3_5T3_9|F4_0,5.0,39,0.0,0.003597663562923077,,0,7,0.0,0.1794871794871795,True
ecb,rgdp,real_gdp_yoy,2018,2,2020,2020,year_after_next,2.0,,TN1_0|FN1_0TN0_6|FN0_5TN0_1|F0_0T0_4|F0_5T0_9|F1_0T1_4|F1_5T1_9|F2_0T2_4|F2_5T2_9|F3_0T3_4|F3_5T3_9|F4_0,10.0,39,0.0,0.003597663562923077,,0,7,0.0,0.1794871794871795,True
ecb,rgdp,real_gdp_yoy,2018,2,2022,2022,longer_term,4.0,,TN1_0|FN1_0TN0_6|FN0_5TN0_1|F0_0T0_4|F0_5T0_9|F1_0T1_4|F1_5T1_9|F2_0T2_4|F2_5T2_9|F3_0T3_4|F3_5T3_9|F4_0,3.0,39,0.050240210636102574,0.050240210636102574,0.050240210636102574,20,20,0.5128205128205128,0.5128205128205128,False
ecb,rgdp,real_gdp_yoy,2018,2,2022,2022,longer_term,4.0,,TN1_0|FN1_0TN0_6|FN0_5TN0_1|F0_0T0_4|F0_5T0_9|F1_0T1_4|F1_5T1_9|F2_0T2_4|F2_5T2_9|F3_0T3_4|F3_5T3_9|F4_0,4.0,39,0.006180855797153846,0.006180855797153846,0.006180855797153846,10,10,0.2564102564102564,0.2564102564102564,False
ecb,rgdp,real_gdp_yoy,2018,2,2022,2022,longer_term,4.0,,TN1_0|FN1_0TN0_6|FN0_5TN0_1|F0_0T0_4|F0_5T0_9|F1_0T1_4|F1_5T1_9|F2_0T2_4|F2_5T2_9|F3_0T3_4|F3_5T3_9|F4_0,5.0,39,0.0,0.006180855797153846,,0,10,0.0,0.2564102564102564,True
ecb,rgdp,real_gdp_yoy,2018,2,2022,2022,longer_term,4.0,,TN1_0|FN1_0TN0_6|FN0_5TN0_1|F0_0T0_4|F0_5T0_9|F1_0T1_4|F1_5T1_9|F2_0T2_4|F2_5T2_9|F3_0T3_4|F3_5T3_9|F4_0,10.0,39,0.0,0.006180855797153846,,0,10,0.0,0.2564102564102564,True
ecb,rgdp,real_gdp_yoy,2018,2,,2018Q4,rolling_1y,1.0,,TN1_0|FN1_0TN0_6|FN0_5TN0_1|F0_0T0_4|F0_5T0_9|F1_0T1_4|F1_5T1_9|F2_0T2_4|F2_5T2_9|F3_0T3_4|F3_5T3_9|F4_0,3.0,39,0.0630980662318718,0.0630980662318718,0.0630980662318718,19,19,0.48717948717948717,0.48717948717948717,False
ecb,rgdp,real_gdp_yoy,2018,2,,2018Q4,rolling_1y,1.0,,TN1_0|FN1_0TN0_6|FN0_5TN0_1|F0_0T0_4|F0_5T0_9|F1_0T1_4|F1_5T1_9|F2_0T2_4|F2_5T2_9|F3_0T3_4|F3_5T3_9|F4_0,4.0,39,0.008618734495666667,0.008618734495666667,0.008618734495666667,8,8,0.20512820512820512,0.20512820512820512,False
ecb,rgdp,real_gdp_yoy,2018,2,,2018Q4,rolling_1y,1.0,,TN1_0|FN1_0TN0_6|FN0_5TN0_1|F0_0T0_4|F0_5T0_9|F1_0T1_4|F1_5T1_9|F2_0T2_4|F2_5T2_9|F3_0T3_4|F3_5T3_9|F4_0,5.0,39,0.0,0.008618734495666667,,0,8,0.0,0.20512820512820512,True
ecb,rgdp,real_gdp_yoy,2018,2,,2018Q4,rolling_1y,1.0,,TN1_0|FN1_0TN0_6|FN0_5TN0_1|F0_0T0_4|F0_5T0_9|F1_0T1_4|F1_5T1_9|F2_0T2_4|F2_5T2_9|F3_0T3_4|F3_5T3_9|F4_0,10.0,39,0.0,0.008618734495666667,,0,8,0.0,0.20512820512820512,True
ecb,rgdp,real_gdp_yoy,2018,2,,2019Q4,rolling_2y,2.0,,TN1_0|FN1_0TN0_6|FN0_5TN0_1|F0_0T0_4|F0_5T0_9|F1_0T1_4|F1_5T1_9|F2_0T2_4|F2_5T2_9|F3_0T3_4|F3_5T3_9|F4_0,3.0,38,0.05199969894134211,0.05199969894134211,0.05199969894134211,19,19,0.5,0.5,False
ecb,rgdp,real_gdp_yoy,2018,2,,2019Q4,rolling_2y,2.0,,TN1_0|FN1_0TN0_6|FN0_5TN0_1|F0_0T0_4|F0_5T0_9|F1_0T1_4|F1_5T1_9|F2_0T2_4|F2_5T2_9|F3_0T3_4|F3_5T3_9|F4_0,4.0,38,0.008168705455342106,0.008168705455342106,0.008168705455342106,8,8,0.21052631578947367,0.21052631578947367,False
ecb,rgdp,real_gdp_yoy,2018,2,,2019Q4,rolling_2y,2.0,,TN1_0|FN1_0TN0_6|FN0_5TN0_1|F0_0T0_4|F0_5T0_9|F1_0T1_4|F1_5T1_9|F2_0T2_4|F2_5T2_9|F3_0T3_4|F3_5T3_9|F4_0,5.0,38,0.0,0.008168705455342106,,0,8,0.0,0.21052631578947367,True
ecb,rgdp,real_gdp_yoy,2018,2,,2019Q4,rolling_2y,2.0,,TN1_0|FN1_0TN0_6|FN0_5TN0_1|F0_0T0_4|F0_5T0_9|F1_0T1_4|F1_5T1_9|F2_0T2_4|F2_5T2_9|F3_0T3_4|F3_5T3_9|F4_0,10.0,38,0.0,0.008168705455342106,,0,8,0.0,0.21052631578947367,True
ecb,rgdp,real_gdp_yoy,2018,3,2018,2018,current_year,0.0,,TN1_0|FN1_0TN0_6|FN0_5TN0_1|F0_0T0_4|F0_5T0_9|F1_0T1_4|F1_5T1_9|F2_0T2_4|F2_5T2_9|F3_0T3_4|F3_5T3_9|F4_0,3.0,48,0.03607714821997917,0.03607714821997917,0.03607714821997917,21,21,0.4375,0.4375,False
ecb,rgdp,real_gdp_yoy,2018,3,2018,2018,current_year,0.0,,TN1_0|FN1_0TN0_6|FN0_5TN0_1|F0_0T0_4|F0_5T0_9|F1_0T1_4|F1_5T1_9|F2_0T2_4|F2_5T2_9|F3_0T3_4|F3_5T3_9|F4_0,4.0,48,0.003498273435062501,0.003498273435062501,0.003498273435062501,7,7,0.14583333333333334,0.14583333333333334,False
ecb,rgdp,real_gdp_yoy,2018,3,2018,2018,current_year,0.0,,TN1_0|FN1_0TN0_6|FN0_5TN0_1|F0_0T0_4|F0_5T0_9|F1_0T1_4|F1_5T1_9|F2_0T2_4|F2_5T2_9|F3_0T3_4|F3_5T3_9|F4_0,5.0,48,0.0,0.003498273435062501,,0,7,0.0,0.14583333333333334,True
ecb,rgdp,real_gdp_yoy,2018,3,2018,2018,current_year,0.0,,TN1_0|FN1_0TN0_6|FN0_5TN0_1|F0_0T0_4|F0_5T0_9|F1_0T1_4|F1_5T1_9|F2_0T2_4|F2_5T2_9|F3_0T3_4|F3_5T3_9|F4_0,10.0,48,0.0,0.003498273435062501,,0,7,0.0,0.14583333333333334,True
ecb,rgdp,real_gdp_yoy,2018,3,2019,2019,next_year,1.0,,TN1_0|FN1_0TN0_6|FN0_5TN0_1|F0_0T0_4|F0_5T0_9|F1_0T1_4|F1_5T1_9|F2_0T2_4|F2_5T2_9|F3_0T3_4|F3_5T3_9|F4_0,3.0,47,0.042909243573170205,0.042909243573170205,0.042909243573170205,23,23,0.48936170212765956,0.48936170212765956,False
ecb,rgdp,real_gdp_yoy,2018,3,2019,2019,next_year,1.0,,TN1_0|FN1_0TN0_6|FN0_5TN0_1|F0_0T0_4|F0_5T0_9|F1_0T1_4|F1_5T1_9|F2_0T2_4|F2_5T2_9|F3_0T3_4|F3_5T3_9|F4_0,4.0,47,0.004716815100851064,0.004716815100851064,0.004716815100851064,9,9,0.19148936170212766,0.19148936170212766,False
ecb,rgdp,real_gdp_yoy,2018,3,2019,2019,next_year,1.0,,TN1_0|FN1_0TN0_6|FN0_5TN0_1|F0_0T0_4|F0_5T0_9|F1_0T1_4|F1_5T1_9|F2_0T2_4|F2_5T2_9|F3_0T3_4|F3_5T3_9|F4_0,5.0,47,0.0,0.004716815100851064,,0,9,0.0,0.19148936170212766,True
ecb,rgdp,real_gdp_yoy,2018,3,2019,2019,next_year,1.0,,TN1_0|FN1_0TN0_6|FN0_5TN0_1|F0_0T0_4|F0_5T0_9|F1_0T1_4|F1_5T1_9|F2_0T2_4|F2_5T2_9|F3_0T3_4|F3_5T3_9|F4_0,10.0,47,0.0,0.004716815100851064,,0,9,0.0,0.19148936170212766,True
ecb,rgdp,real_gdp_yoy,2018,3,2020,2020,year_after_next,2.0,,TN1_0|FN1_0TN0_6|FN0_5TN0_1|F0_0T0_4|F0_5T0_9|F1_0T1_4|F1_5T1_9|F2_0T2_4|F2_5T2_9|F3_0T3_4|F3_5T3_9|F4_0,3.0,37,0.04053505851232433,0.04053505851232433,0.04053505851232433,15,15,0.40540540540540543,0.40540540540540543,False
ecb,rgdp,real_gdp_yoy,2018,3,2020,2020,year_after_next,2.0,,TN1_0|FN1_0TN0_6|FN0_5TN0_1|F0_0T0_4|F0_5T0_9|F1_0T1_4|F1_5T1_9|F2_0T2_4|F2_5T2_9|F3_0T3_4|F3_5T3_9|F4_0,4.0,37,0.004819729036108109,0.004819729036108109,0.004819729036108109,7,7,0.1891891891891892,0.1891891891891892,False
ecb,rgdp,real_gdp_yoy,2018,3,2020,2020,year_after_next,2.0,,TN1_0|FN1_0TN0_6|FN0_5TN0_1|F0_0T0_4|F0_5T0_9|F1_0T1_4|F1_5T1_9|F2_0T2_4|F2_5T2_9|F3_0T3_4|F3_5T3_9|F4_0,5.0,37,0.0,0.004819729036108109,,0,7,0.0,0.1891891891891892,True
ecb,rgdp,real_gdp_yoy,2018,3,2020,2020,year_after_next,2.0,,TN1_0|FN1_0TN0_6|FN0_5TN0_1|F0_0T0_4|F0_5T0_9|F1_0T1_4|F1_5T1_9|F2_0T2_4|F2_5T2_9|F3_0T3_4|F3_5T3_9|F4_0,10.0,37,0.0,0.004819729036108109,,0,7,0.0,0.1891891891891892,True
ecb,rgdp,real_gdp_yoy,2018,3,2023,2023,longer_term,5.0,,TN1_0|FN1_0TN0_6|FN0_5TN0_1|F0_0T0_4|F0_5T0_9|F1_0T1_4|F1_5T1_9|F2_0T2_4|F2_5T2_9|F3_0T3_4|F3_5T3_9|F4_0,3.0,37,0.043849047970918924,0.043849047970918924,0.043849047970918924,19,19,0.5135135135135135,0.5135135135135135,False
ecb,rgdp,real_gdp_yoy,2018,3,2023,2023,longer_term,5.0,,TN1_0|FN1_0TN0_6|FN0_5TN0_1|F0_0T0_4|F0_5T0_9|F1_0T1_4|F1_5T1_9|F2_0T2_4|F2_5T2_9|F3_0T3_4|F3_5T3_9|F4_0,4.0,37,0.002822248509081081,0.002822248509081081,0.002822248509081081,9,9,0.24324324324324326,0.24324324324324326,False
ecb,rgdp,real_gdp_yoy,2018,3,2023,2023,longer_term,5.0,,TN1_0|FN1_0TN0_6|FN0_5TN0_1|F0_0T0_4|F0_5T0_9|F1_0T1_4|F1_5T1_9|F2_0T2_4|F2_5T2_9|F3_0T3_4|F3_5T3_9|F4_0,5.0,37,0.0,0.002822248509081081,,0,9,0.0,0.24324324324324326,True
ecb,rgdp,real_gdp_yoy,2018,3,2023,2023,longer_term,5.0,,TN1_0|FN1_0TN0_6|FN0_5TN0_1|F0_0T0_4|F0_5T0_9|F1_0T1_4|F1_5T1_9|F2_0T2_4|F2_5T2_9|F3_0T3_4|F3_5T3_9|F4_0,10.0,37,0.0,0.002822248509081081,,0,9,0.0,0.24324324324324326,True
ecb,rgdp,real_gdp_yoy,2018,3,,2019Q1,rolling_1y,1.0,,TN1_0|FN1_0TN0_6|FN0_5TN0_1|F0_0T0_4|F0_5T0_9|F1_0T1_4|F1_5T1_9|F2_0T2_4|F2_5T2_9|F3_0T3_4|F3_5T3_9|F4_0,3.0,39,0.05389347205497436,0.05389347205497436,0.05389347205497436,19,19,0.48717948717948717,0.48717948717948717,False
ecb,rgdp,real_gdp_yoy,2018,3,,2019Q1,rolling_1y,1.0,,TN1_0|FN1_0TN0_6|FN0_5TN0_1|F0_0T0_4|F0_5T0_9|F1_0T1_4|F1_5T1_9|F2_0T2_4|F2_5T2_9|F3_0T3_4|F3_5T3_9|F4_0,4.0,39,0.00849450641297436,0.00849450641297436,0.00849450641297436,9,9,0.23076923076923078,0.23076923076923078,False
ecb,rgdp,real_gdp_yoy,2018,3,,2019Q1,rolling_1y,1.0,,TN1_0|FN1_0TN0_6|FN0_5TN0_1|F0_0T0_4|F0_5T0_9|F1_0T1_4|F1_5T1_9|F2_0T2_4|F2_5T2_9|F3_0T3_4|F3_5T3_9|F4_0,5.0,39,0.0,0.00849450641297436,,0,9,0.0,0.23076923076923078,True
ecb,rgdp,real_gdp_yoy,2018,3,,2019Q1,rolling_1y,1.0,,TN1_0|FN1_0TN0_6|FN0_5TN0_1|F0_0T0_4|F0_5T0_9|F1_0T1_4|F1_5T1_9|F2_0T2_4|F2_5T2_9|F3_0T3_4|F3_5T3_9|F4_0,10.0,39,0.0,0.00849450641297436,,0,9,0.0,0.23076923076923078,True
ecb,rgdp,real_gdp_yoy,2018,3,,2020Q1,rolling_2y,2.0,,TN1_0|FN1_0TN0_6|FN0_5TN0_1|F0_0T0_4|F0_5T0_9|F1_0T1_4|F1_5T1_9|F2_0T2_4|F2_5T2_9|F3_0T3_4|F3_5T3_9|F4_0,3.0,34,0.04287327701785294,0.04287327701785294,0.04287327701785294,15,15,0.4411764705882353,0.4411764705882353,False
ecb,rgdp,real_gdp_yoy,2018,3,,2020Q1,rolling_2y,2.0,,TN1_0|FN1_0TN0_6|FN0_5TN0_1|F0_0T0_4|F0_5T0_9|F1_0T1_4|F1_5T1_9|F2_0T2_4|F2_5T2_9|F3_0T3_4|F3_5T3_9|F4_0,4.0,34,0.005466177281117647,0.005466177281117647,0.005466177281117647,7,7,0.20588235294117646,0.20588235294117646,False
ecb,rgdp,real_gdp_yoy,2018,3,,2020Q1,rolling_2y,2.0,,TN1_0|FN1_0TN0_6|FN0_5TN0_1|F0_0T0_4|F0_5T0_9|F1_0T1_4|F1_5T1_9|F2_0T2_4|F2_5T2_9|F3_0T3_4|F3_5T3_9|F4_0,5.0,34,0.0,0.005466177281117647,,0,7,0.0,0.20588235294117646,True
ecb,rgdp,real_gdp_yoy,2018,3,,2020Q1,rolling_2y,2.0,,TN1_0|FN1_0TN0_6|FN0_5TN0_1|F0_0T0_4|F0_5T0_9|F1_0T1_4|F1_5T1_9|F2_0T2_4|F2_5T2_9|F3_0T3_4|F3_5T3_9|F4_0,10.0,34,0.0,0.005466177281117647,,0,7,0.0,0.20588235294117646,True
ecb,rgdp,real_gdp_yoy,2018,4,2018,2018,current_year,0.0,,TN1_0|FN1_0TN0_6|FN0_5TN0_1|F0_0T0_4|F0_5T0_9|F1_0T1_4|F1_5T1_9|F2_0T2_4|F2_5T2_9|F3_0T3_4|F3_5T3_9|F4_0,3.0,43,0.020360457231524146,0.020360457231524146,0.020360457231524146,13,13,0.3023255813953488,0.3023255813953488,False
ecb,rgdp,real_gdp_yoy,2018,4,2018,2018,current_year,0.0,,TN1_0|FN1_0TN0_6|FN0_5TN0_1|F0_0T0_4|F0_5T0_9|F1_0T1_4|F1_5T1_9|F2_0T2_4|F2_5T2_9|F3_0T3_4|F3_5T3_9|F4_0,4.0,43,0.002260111541790698,0.002260111541790698,0.002260111541790698,3,3,0.06976744186046512,0.06976744186046512,False
ecb,rgdp,real_gdp_yoy,2018,4,2018,2018,current_year,0.0,,TN1_0|FN1_0TN0_6|FN0_5TN0_1|F0_0T0_4|F0_5T0_9|F1_0T1_4|F1_5T1_9|F2_0T2_4|F2_5T2_9|F3_0T3_4|F3_5T3_9|F4_0,5.0,43,0.0,0.002260111541790698,,0,3,0.0,0.06976744186046512,True
ecb,rgdp,real_gdp_yoy,2018,4,2018,2018,current_year,0.0,,TN1_0|FN1_0TN0_6|FN0_5TN0_1|F0_0T0_4|F0_5T0_9|F1_0T1_4|F1_5T1_9|F2_0T2_4|F2_5T2_9|F3_0T3_4|F3_5T3_9|F4_0,10.0,43,0.0,0.002260111541790698,,0,3,0.0,0.06976744186046512,True
ecb,rgdp,real_gdp_yoy,2018,4,2019,2019,next_year,1.0,,TN1_0|FN1_0TN0_6|FN0_5TN0_1|F0_0T0_4|F0_5T0_9|F1_0T1_4|F1_5T1_9|F2_0T2_4|F2_5T2_9|F3_0T3_4|F3_5T3_9|F4_0,3.0,42,0.031054024289214284,0.031054024289214284,0.031054024289214284,19,19,0.4523809523809524,0.4523809523809524,False
ecb,rgdp,real_gdp_yoy,2018,4,2019,2019,next_year,1.0,,TN1_0|FN1_0TN0_6|FN0_5TN0_1|F0_0T0_4|F0_5T0_9|F1_0T1_4|F1_5T1_9|F2_0T2_4|F2_5T2_9|F3_0T3_4|F3_5T3_9|F4_0,4.0,42,0.0028650504271904758,0.0028650504271904758,0.0028650504271904758,6,6,0.14285714285714285,0.14285714285714285,False
ecb,rgdp,real_gdp_yoy,2018,4,2019,2019,next_year,1.0,,TN1_0|FN1_0TN0_6|FN0_5TN0_1|F0_0T0_4|F0_5T0_9|F1_0T1_4|F1_5T1_9|F2_0T2_4|F2_5T2_9|F3_0T3_4|F3_5T3_9|F4_0,5.0,42,0.0,0.0028650504271904758,,0,6,0.0,0.14285714285714285,True
ecb,rgdp,real_gdp_yoy,2018,4,2019,2019,next_year,1.0,,TN1_0|FN1_0TN0_6|FN0_5TN0_1|F0_0T0_4|F0_5T0_9|F1_0T1_4|F1_5T1_9|F2_0T2_4|F2_5T2_9|F3_0T3_4|F3_5T3_9|F4_0,10.0,42,0.0,0.0028650504271904758,,0,6,0.0,0.14285714285714285,True
ecb,rgdp,real_gdp_yoy,2018,4,2020,2020,year_after_next,2.0,,TN1_0|FN1_0TN0_6|FN0_5TN0_1|F0_0T0_4|F0_5T0_9|F1_0T1_4|F1_5T1_9|F2_0T2_4|F2_5T2_9|F3_0T3_4|F3_5T3_9|F4_0,3.0,38,0.033133899335184215,0.033133899335184215,0.033133899335184215,17,17,0.4473684210526316,0.4473684210526316,False
ecb,rgdp,real_gdp_yoy,2018,4,2020,2020,year_after_next,2.0,,TN1_0|FN1_0TN0_6|FN0_5TN0_1|F0_0T0_4|F0_5T0_9|F1_0T1_4|F1_5T1_9|F2_0T2_4|F2_5T2_9|F3_0T3_4|F3_5T3_9|F4_0,4.0,38,0.002553214719578948,0.002553214719578948,0.002553214719578948,7,7,0.18421052631578946,0.18421052631578946,False
ecb,rgdp,real_gdp_yoy,2018,4,2020,2020,year_after_next,2.0,,TN1_0|FN1_0TN0_6|FN0_5TN0_1|F0_0T0_4|F0_5T0_9|F1_0T1_4|F1_5T1_9|F2_0T2_4|F2_5T2_9|F3_0T3_4|F3_5T3_9|F4_0,5.0,38,0.0,0.002553214719578948,,0,7,0.0,0.18421052631578946,True
ecb,rgdp,real_gdp_yoy,2018,4,2020,2020,year_after_next,2.0,,TN1_0|FN1_0TN0_6|FN0_5TN0_1|F0_0T0_4|F0_5T0_9|F1_0T1_4|F1_5T1_9|F2_0T2_4|F2_5T2_9|F3_0T3_4|F3_5T3_9|F4_0,10.0,38,0.0,0.002553214719578948,,0,7,0.0,0.18421052631578946,True
ecb,rgdp,real_gdp_yoy,2018,4,2023,2023,longer_term,5.0,,TN1_0|FN1_0TN0_6|FN0_5TN0_1|F0_0T0_4|F0_5T0_9|F1_0T1_4|F1_5T1_9|F2_0T2_4|F2_5T2_9|F3_0T3_4|F3_5T3_9|F4_0,3.0,34,0.054346472469882355,0.054346472469882355,0.054346472469882355,21,21,0.6176470588235294,0.6176470588235294,False
ecb,rgdp,real_gdp_yoy,2018,4,2023,2023,longer_term,5.0,,TN1_0|FN1_0TN0_6|FN0_5TN0_1|F0_0T0_4|F0_5T0_9|F1_0T1_4|F1_5T1_9|F2_0T2_4|F2_5T2_9|F3_0T3_4|F3_5T3_9|F4_0,4.0,34,0.0038194838450294117,0.0038194838450294117,0.0038194838450294117,8,8,0.23529411764705882,0.23529411764705882,False
ecb,rgdp,real_gdp_yoy,2018,4,2023,2023,longer_term,5.0,,TN1_0|FN1_0TN0_6|FN0_5TN0_1|F0_0T0_4|F0_5T0_9|F1_0T1_4|F1_5T1_9|F2_0T2_4|F2_5T2_9|F3_0T3_4|F3_5T3_9|F4_0,5.0,34,0.0,0.0038194838450294117,,0,8,0.0,0.23529411764705882,True
ecb,rgdp,real_gdp_yoy,2018,4,2023,2023,longer_term,5.0,,TN1_0|FN1_0TN0_6|FN0_5TN0_1|F0_0T0_4|F0_5T0_9|F1_0T1_4|F1_5T1_9|F2_0T2_4|F2_5T2_9|F3_0T3_4|F3_5T3_9|F4_0,10.0,34,0.0,0.0038194838450294117,,0,8,0.0,0.23529411764705882,True
ecb,rgdp,real_gdp_yoy,2018,4,,2019Q2,rolling_1y,1.0,,TN1_0|FN1_0TN0_6|FN0_5TN0_1|F0_0T0_4|F0_5T0_9|F1_0T1_4|F1_5T1_9|F2_0T2_4|F2_5T2_9|F3_0T3_4|F3_5T3_9|F4_0,3.0,34,0.03399062196802942,0.03399062196802942,0.03399062196802942,15,15,0.4411764705882353,0.4411764705882353,False
ecb,rgdp,real_gdp_yoy,2018,4,,2019Q2,rolling_1y,1.0,,TN1_0|FN1_0TN0_6|FN0_5TN0_1|F0_0T0_4|F0_5T0_9|F1_0T1_4|F1_5T1_9|F2_0T2_4|F2_5T2_9|F3_0T3_4|F3_5T3_9|F4_0,4.0,34,0.005213966625852941,0.005213966625852941,0.005213966625852941,6,6,0.17647058823529413,0.17647058823529413,False
ecb,rgdp,real_gdp_yoy,2018,4,,2019Q2,rolling_1y,1.0,,TN1_0|FN1_0TN0_6|FN0_5TN0_1|F0_0T0_4|F0_5T0_9|F1_0T1_4|F1_5T1_9|F2_0T2_4|F2_5T2_9|F3_0T3_4|F3_5T3_9|F4_0,5.0,34,0.0,0.005213966625852941,,0,6,0.0,0.17647058823529413,True
ecb,rgdp,real_gdp_yoy,2018,4,,2019Q2,rolling_1y,1.0,,TN1_0|FN1_0TN0_6|FN0_5TN0_1|F0_0T0_4|F0_5T0_9|F1_0T1_4|F1_5T1_9|F2_0T2_4|F2_5T2_9|F3_0T3_4|F3_5T3_9|F4_0,10.0,34,0.0,0.005213966625852941,,0,6,0.0,0.17647058823529413,True
ecb,rgdp,real_gdp_yoy,2018,4,,2020Q2,rolling_2y,2.0,,TN1_0|FN1_0TN0_6|FN0_5TN0_1|F0_0T0_4|F0_5T0_9|F1_0T1_4|F1_5T1_9|F2_0T2_4|F2_5T2_9|F3_0T3_4|F3_5T3_9|F4_0,3.0,32,0.03730591239109375,0.03730591239109375,0.03730591239109375,14,14,0.4375,0.4375,False
ecb,rgdp,real_gdp_yoy,2018,4,,2020Q2,rolling_2y,2.0,,TN1_0|FN1_0TN0_6|FN0_5TN0_1|F0_0T0_4|F0_5T0_9|F1_0T1_4|F1_5T1_9|F2_0T2_4|F2_5T2_9|F3_0T3_4|F3_5T3_9|F4_0,4.0,32,0.0035162414478124996,0.0035162414478124996,0.0035162414478124996,6,6,0.1875,0.1875,False
ecb,rgdp,real_gdp_yoy,2018,4,,2020Q2,rolling_2y,2.0,,TN1_0|FN1_0TN0_6|FN0_5TN0_1|F0_0T0_4|F0_5T0_9|F1_0T1_4|F1_5T1_9|F2_0T2_4|F2_5T2_9|F3_0T3_4|F3_5T3_9|F4_0,5.0,32,0.0,0.0035162414478124996,,0,6,0.0,0.1875,True
ecb,rgdp,real_gdp_yoy,2018,4,,2020Q2,rolling_2y,2.0,,TN1_0|FN1_0TN0_6|FN0_5TN0_1|F0_0T0_4|F0_5T0_9|F1_0T1_4|F1_5T1_9|F2_0T2_4|F2_5T2_9|F3_0T3_4|F3_5T3_9|F4_0,10.0,32,0.0,0.0035162414478124996,,0,6,0.0,0.1875,True
ecb,rgdp,real_gdp_yoy,2019,1,2019,2019,current_year,0.0,,TN1_0|FN1_0TN0_6|FN0_5TN0_1|F0_0T0_4|F0_5T0_9|F1_0T1_4|F1_5T1_9|F2_0T2_4|F2_5T2_9|F3_0T3_4|F3_5T3_9|F4_0,3.0,48,0.016389138545604167,0.016389138545604167,0.016389138545604167,17,17,0.3541666666666667,0.3541666666666667,False
ecb,rgdp,real_gdp_yoy,2019,1,2019,2019,current_year,0.0,,TN1_0|FN1_0TN0_6|FN0_5TN0_1|F0_0T0_4|F0_5T0_9|F1_0T1_4|F1_5T1_9|F2_0T2_4|F2_5T2_9|F3_0T3_4|F3_5T3_9|F4_0,4.0,48,0.0019681949108125,0.0019681949108125,0.0019681949108125,8,8,0.16666666666666666,0.16666666666666666,False
ecb,rgdp,real_gdp_yoy,2019,1,2019,2019,current_year,0.0,,TN1_0|FN1_0TN0_6|FN0_5TN0_1|F0_0T0_4|F0_5T0_9|F1_0T1_4|F1_5T1_9|F2_0T2_4|F2_5T2_9|F3_0T3_4|F3_5T3_9|F4_0,5.0,48,0.0,0.0019681949108125,,0,8,0.0,0.16666666666666666,True
ecb,rgdp,real_gdp_yoy,2019,1,2019,2019,current_year,0.0,,TN1_0|FN1_0TN0_6|FN0_5TN0_1|F0_0T0_4|F0_5T0_9|F1_0T1_4|F1_5T1_9|F2_0T2_4|F2_5T2_9|F3_0T3_4|F3_5T3_9|F4_0,10.0,48,0.0,0.0019681949108125,,0,8,0.0,0.16666666666666666,True
ecb,rgdp,real_gdp_yoy,2019,1,2020,2020,next_year,1.0,,TN1_0|FN1_0TN0_6|FN0_5TN0_1|F0_0T0_4|F0_5T0_9|F1_0T1_4|F1_5T1_9|F2_0T2_4|F2_5T2_9|F3_0T3_4|F3_5T3_9|F4_0,3.0,46,0.02857421589854348,0.02857421589854348,0.02857421589854348,18,18,0.391304347826087,0.391304347826087,False
ecb,rgdp,real_gdp_yoy,2019,1,2020,2020,next_year,1.0,,TN1_0|FN1_0TN0_6|FN0_5TN0_1|F0_0T0_4|F0_5T0_9|F1_0T1_4|F1_5T1_9|F2_0T2_4|F2_5T2_9|F3_0T3_4|F3_5T3_9|F4_0,4.0,46,0.004523782853608696,0.004523782853608696,0.004523782853608696,9,9,0.1956521739130435,0.1956521739130435,False
ecb,rgdp,real_gdp_yoy,2019,1,2020,2020,next_year,1.0,,TN1_0|FN1_0TN0_6|FN0_5TN0_1|F0_0T0_4|F0_5T0_9|F1_0T1_4|F1_5T1_9|F2_0T2_4|F2_5T2_9|F3_0T3_4|F3_5T3_9|F4_0,5.0,46,0.0,0.004523782853608696,,0,9,0.0,0.1956521739130435,True
ecb,rgdp,real_gdp_yoy,2019,1,2020,2020,next_year,1.0,,TN1_0|FN1_0TN0_6|FN0_5TN0_1|F0_0T0_4|F0_5T0_9|F1_0T1_4|F1_5T1_9|F2_0T2_4|F2_5T2_9|F3_0T3_4|F3_5T3_9|F4_0,10.0,46,0.0,0.004523782853608696,,0,9,0.0,0.1956521739130435,True
ecb,rgdp,real_gdp_yoy,2019,1,2021,2021,year_after_next,2.0,,TN1_0|FN1_0TN0_6|FN0_5TN0_1|F0_0T0_4|F0_5T0_9|F1_0T1_4|F1_5T1_9|F2_0T2_4|F2_5T2_9|F3_0T3_4|F3_5T3_9|F4_0,3.0,35,0.03695353672631429,0.03695353672631429,0.03695353672631429,14,14,0.4,0.4,False
ecb,rgdp,real_gdp_yoy,2019,1,2021,2021,year_after_next,2.0,,TN1_0|FN1_0TN0_6|FN0_5TN0_1|F0_0T0_4|F0_5T0_9|F1_0T1_4|F1_5T1_9|F2_0T2_4|F2_5T2_9|F3_0T3_4|F3_5T3_9|F4_0,4.0,35,0.0052108255646857145,0.0052108255646857145,0.0052108255646857145,9,9,0.2571428571428571,0.2571428571428571,False
ecb,rgdp,real_gdp_yoy,2019,1,2021,2021,year_after_next,2.0,,TN1_0|FN1_0TN0_6|FN0_5TN0_1|F0_0T0_4|F0_5T0_9|F1_0T1_4|F1_5T1_9|F2_0T2_4|F2_5T2_9|F3_0T3_4|F3_5T3_9|F4_0,5.0,35,0.0,0.0052108255646857145,,0,9,0.0,0.2571428571428571,True
ecb,rgdp,real_gdp_yoy,2019,1,2021,2021,year_after_next,2.0,,TN1_0|FN1_0TN0_6|FN0_5TN0_1|F0_0T0_4|F0_5T0_9|F1_0T1_4|F1_5T1_9|F2_0T2_4|F2_5T2_9|F3_0T3_4|F3_5T3_9|F4_0,10.0,35,0.0,0.0052108255646857145,,0,9,0.0,0.2571428571428571,True
ecb,rgdp,real_gdp_yoy,2019,1,2023,2023,longer_term,4.0,,TN1_0|FN1_0TN0_6|FN0_5TN0_1|F0_0T0_4|F0_5T0_9|F1_0T1_4|F1_5T1_9|F2_0T2_4|F2_5T2_9|F3_0T3_4|F3_5T3_9|F4_0,3.0,38,0.045249974188210536,0.045249974188210536,0.045249974188210536,21,21,0.5526315789473685,0.5526315789473685,False
ecb,rgdp,real_gdp_yoy,2019,1,2023,2023,longer_term,4.0,,TN1_0|FN1_0TN0_6|FN0_5TN0_1|F0_0T0_4|F0_5T0_9|F1_0T1_4|F1_5T1_9|F2_0T2_4|F2_5T2_9|F3_0T3_4|F3_5T3_9|F4_0,4.0,38,0.005521038187052632,0.005521038187052632,0.005521038187052632,12,12,0.3157894736842105,0.3157894736842105,False
ecb,rgdp,real_gdp_yoy,2019,1,2023,2023,longer_term,4.0,,TN1_0|FN1_0TN0_6|FN0_5TN0_1|F0_0T0_4|F0_5T0_9|F1_0T1_4|F1_5T1_9|F2_0T2_4|F2_5T2_9|F3_0T3_4|F3_5T3_9|F4_0,5.0,38,0.0,0.005521038187052632,,0,12,0.0,0.3157894736842105,True
ecb,rgdp,real_gdp_yoy,2019,1,2023,2023,longer_term,4.0,,TN1_0|FN1_0TN0_6|FN0_5TN0_1|F0_0T0_4|F0_5T0_9|F1_0T1_4|F1_5T1_9|F2_0T2_4|F2_5T2_9|F3_0T3_4|F3_5T3_9|F4_0,10.0,38,0.0,0.005521038187052632,,0,12,0.0,0.3157894736842105,True
ecb,rgdp,real_gdp_yoy,2019,1,,2019Q3,rolling_1y,1.0,,TN1_0|FN1_0TN0_6|FN0_5TN0_1|F0_0T0_4|F0_5T0_9|F1_0T1_4|F1_5T1_9|F2_0T2_4|F2_5T2_9|F3_0T3_4|F3_5T3_9|F4_0,3.0,40,0.031699278871175005,0.031699278871175005,0.031699278871175005,16,16,0.4,0.4,False
ecb,rgdp,real_gdp_yoy,2019,1,,2019Q3,rolling_1y,1.0,,TN1_0|FN1_0TN0_6|FN0_5TN0_1|F0_0T0_4|F0_5T0_9|F1_0T1_4|F1_5T1_9|F2_0T2_4|F2_5T2_9|F3_0T3_4|F3_5T3_9|F4_0,4.0,40,0.007404109623675001,0.007404109623675001,0.007404109623675001,7,7,0.175,0.175,False
ecb,rgdp,real_gdp_yoy,2019,1,,2019Q3,rolling_1y,1.0,,TN1_0|FN1_0TN0_6|FN0_5TN0_1|F0_0T0_4|F0_5T0_9|F1_0T1_4|F1_5T1_9|F2_0T2_4|F2_5T2_9|F3_0T3_4|F3_5T3_9|F4_0,5.0,40,0.0,0.007404109623675001,,0,7,0.0,0.175,True
ecb,rgdp,real_gdp_yoy,2019,1,,2019Q3,rolling_1y,1.0,,TN1_0|FN1_0TN0_6|FN0_5TN0_1|F0_0T0_4|F0_5T0_9|F1_0T1_4|F1_5T1_9|F2_0T2_4|F2_5T2_9|F3_0T3_4|F3_5T3_9|F4_0,10.0,40,0.0,0.007404109623675001,,0,7,0.0,0.175,True
ecb,rgdp,real_gdp_yoy,2019,1,,2020Q3,rolling_2y,2.0,,TN1_0|FN1_0TN0_6|FN0_5TN0_1|F0_0T0_4|F0_5T0_9|F1_0T1_4|F1_5T1_9|F2_0T2_4|F2_5T2_9|F3_0T3_4|F3_5T3_9|F4_0,3.0,39,0.03362240315953847,0.03362240315953847,0.03362240315953847,17,17,0.4358974358974359,0.4358974358974359,False
ecb,rgdp,real_gdp_yoy,2019,1,,2020Q3,rolling_2y,2.0,,TN1_0|FN1_0TN0_6|FN0_5TN0_1|F0_0T0_4|F0_5T0_9|F1_0T1_4|F1_5T1_9|F2_0T2_4|F2_5T2_9|F3_0T3_4|F3_5T3_9|F4_0,4.0,39,0.008272380187076921,0.008272380187076921,0.008272380187076921,9,9,0.23076923076923078,0.23076923076923078,False
ecb,rgdp,real_gdp_yoy,2019,1,,2020Q3,rolling_2y,2.0,,TN1_0|FN1_0TN0_6|FN0_5TN0_1|F0_0T0_4|F0_5T0_9|F1_0T1_4|F1_5T1_9|F2_0T2_4|F2_5T2_9|F3_0T3_4|F3_5T3_9|F4_0,5.0,39,0.0,0.008272380187076921,,0,9,0.0,0.23076923076923078,True
ecb,rgdp,real_gdp_yoy,2019,1,,2020Q3,rolling_2y,2.0,,TN1_0|FN1_0TN0_6|FN0_5TN0_1|F0_0T0_4|F0_5T0_9|F1_0T1_4|F1_5T1_9|F2_0T2_4|F2_5T2_9|F3_0T3_4|F3_5T3_9|F4_0,10.0,39,0.0,0.008272380187076921,,0,9,0.0,0.23076923076923078,True
ecb,rgdp,real_gdp_yoy,2019,2,2019,2019,current_year,0.0,,TN1_0|FN1_0TN0_6|FN0_5TN0_1|F0_0T0_4|F0_5T0_9|F1_0T1_4|F1_5T1_9|F2_0T2_4|F2_5T2_9|F3_0T3_4|F3_5T3_9|F4_0,3.0,46,0.004249585851543478,0.004249585851543478,0.004249585851543478,9,9,0.1956521739130435,0.1956521739130435,False
ecb,rgdp,real_gdp_yoy,2019,2,2019,2019,current_year,0.0,,TN1_0|FN1_0TN0_6|FN0_5TN0_1|F0_0T0_4|F0_5T0_9|F1_0T1_4|F1_5T1_9|F2_0T2_4|F2_5T2_9|F3_0T3_4|F3_5T3_9|F4_0,4.0,46,0.0005737807229130436,0.0005737807229130436,0.0005737807229130436,7,7,0.15217391304347827,0.15217391304347827,False
ecb,rgdp,real_gdp_yoy,2019,2,2019,2019,current_year,0.0,,TN1_0|FN1_0TN0_6|FN0_5TN0_1|F0_0T0_4|F0_5T0_9|F1_0T1_4|F1_5T1_9|F2_0T2_4|F2_5T2_9|F3_0T3_4|F3_5T3_9|F4_0,5.0,46,0.0,0.0005737807229130436,,0,7,0.0,0.15217391304347827,True
ecb,rgdp,real_gdp_yoy,2019,2,2019,2019,current_year,0.0,,TN1_0|FN1_0TN0_6|FN0_5TN0_1|F0_0T0_4|F0_5T0_9|F1_0T1_4|F1_5T1_9|F2_0T2_4|F2_5T2_9|F3_0T3_4|F3_5T3_9|F4_0,10.0,46,0.0,0.0005737807229130436,,0,7,0.0,0.15217391304347827,True
ecb,rgdp,real_gdp_yoy,2019,2,2020,2020,next_year,1.0,,TN1_0|FN1_0TN0_6|FN0_5TN0_1|F0_0T0_4|F0_5T0_9|F1_0T1_4|F1_5T1_9|F2_0T2_4|F2_5T2_9|F3_0T3_4|F3_5T3_9|F4_0,3.0,45,0.024051220228933336,0.024051220228933336,0.024051220228933336,16,16,0.35555555555555557,0.35555555555555557,False
ecb,rgdp,real_gdp_yoy,2019,2,2020,2020,next_year,1.0,,TN1_0|FN1_0TN0_6|FN0_5TN0_1|F0_0T0_4|F0_5T0_9|F1_0T1_4|F1_5T1_9|F2_0T2_4|F2_5T2_9|F3_0T3_4|F3_5T3_9|F4_0,4.0,45,0.0040749380692,0.0040749380692,0.0040749380692,9,9,0.2,0.2,False
ecb,rgdp,real_gdp_yoy,2019,2,2020,2020,next_year,1.0,,TN1_0|FN1_0TN0_6|FN0_5TN0_1|F0_0T0_4|F0_5T0_9|F1_0T1_4|F1_5T1_9|F2_0T2_4|F2_5T2_9|F3_0T3_4|F3_5T3_9|F4_0,5.0,45,0.0,0.0040749380692,,0,9,0.0,0.2,True
ecb,rgdp,real_gdp_yoy,2019,2,2020,2020,next_year,1.0,,TN1_0|FN1_0TN0_6|FN0_5TN0_1|F0_0T0_4|F0_5T0_9|F1_0T1_4|F1_5T1_9|F2_0T2_4|F2_5T2_9|F3_0T3_4|F3_5T3_9|F4_0,10.0,45,0.0,0.0040749380692,,0,9,0.0,0.2,True
ecb,rgdp,real_gdp_yoy,2019,2,2021,2021,year_after_next,2.0,,TN1_0|FN1_0TN0_6|FN0_5TN0_1|F0_0T0_4|F0_5T0_9|F1_0T1_4|F1_5T1_9|F2_0T2_4|F2_5T2_9|F3_0T3_4|F3_5T3_9|F4_0,3.0,37,0.032586102091108106,0.032586102091108106,0.032586102091108106,15,15,0.40540540540540543,0.40540540540540543,False
ecb,rgdp,real_gdp_yoy,2019,2,2021,2021,year_after_next,2.0,,TN1_0|FN1_0TN0_6|FN0_5TN0_1|F0_0T0_4|F0_5T0_9|F1_0T1_4|F1_5T1_9|F2_0T2_4|F2_5T2_9|F3_0T3_4|F3_5T3_9|F4_0,4.0,37,0.0047662876592972974,0.0047662876592972974,0.0047662876592972974,8,8,0.21621621621621623,0.21621621621621623,False
ecb,rgdp,real_gdp_yoy,2019,2,2021,2021,year_after_next,2.0,,TN1_0|FN1_0TN0_6|FN0_5TN0_1|F0_0T0_4|F0_5T0_9|F1_0T1_4|F1_5T1_9|F2_0T2_4|F2_5T2_9|F3_0T3_4|F3_5T3_9|F4_0,5.0,37,0.0,0.0047662876592972974,,0,8,0.0,0.21621621621621623,True
ecb,rgdp,real_gdp_yoy,2019,2,2021,2021,year_after_next,2.0,,TN1_0|FN1_0TN0_6|FN0_5TN0_1|F0_0T0_4|F0_5T0_9|F1_0T1_4|F1_5T1_9|F2_0T2_4|F2_5T2_9|F3_0T3_4|F3_5T3_9|F4_0,10.0,37,0.0,0.0047662876592972974,,0,8,0.0,0.21621621621621623,True
ecb,rgdp,real_gdp_yoy,2019,2,2023,2023,longer_term,4.0,,TN1_0|FN1_0TN0_6|FN0_5TN0_1|F0_0T0_4|F0_5T0_9|F1_0T1_4|F1_5T1_9|F2_0T2_4|F2_5T2_9|F3_0T3_4|F3_5T3_9|F4_0,3.0,37,0.03750412877808108,0.03750412877808108,0.03750412877808108,17,17,0.4594594594594595,0.4594594594594595,False
ecb,rgdp,real_gdp_yoy,2019,2,2023,2023,longer_term,4.0,,TN1_0|FN1_0TN0_6|FN0_5TN0_1|F0_0T0_4|F0_5T0_9|F1_0T1_4|F1_5T1_9|F2_0T2_4|F2_5T2_9|F3_0T3_4|F3_5T3_9|F4_0,4.0,37,0.005386961656702703,0.005386961656702703,0.005386961656702703,10,10,0.2702702702702703,0.2702702702702703,False
ecb,rgdp,real_gdp_yoy,2019,2,2023,2023,longer_term,4.0,,TN1_0|FN1_0TN0_6|FN0_5TN0_1|F0_0T0_4|F0_5T0_9|F1_0T1_4|F1_5T1_9|F2_0T2_4|F2_5T2_9|F3_0T3_4|F3_5T3_9|F4_0,5.0,37,0.0,0.005386961656702703,,0,10,0.0,0.2702702702702703,True
ecb,rgdp,real_gdp_yoy,2019,2,2023,2023,longer_term,4.0,,TN1_0|FN1_0TN0_6|FN0_5TN0_1|F0_0T0_4|F0_5T0_9|F1_0T1_4|F1_5T1_9|F2_0T2_4|F2_5T2_9|F3_0T3_4|F3_5T3_9|F4_0,10.0,37,0.0,0.005386961656702703,,0,10,0.0,0.2702702702702703,True
ecb,rgdp,real_gdp_yoy,2019,2,,2019Q4,rolling_1y,1.0,,TN1_0|FN1_0TN0_6|FN0_5TN0_1|F0_0T0_4|F0_5T0_9|F1_0T1_4|F1_5T1_9|F2_0T2_4|F2_5T2_9|F3_0T3_4|F3_5T3_9|F4_0,3.0,37,0.018676235177081082,0.018676235177081082,0.018676235177081082,11,11,0.2972972972972973,0.2972972972972973,False
ecb,rgdp,real_gdp_yoy,2019,2,,2019Q4,rolling_1y,1.0,,TN1_0|FN1_0TN0_6|FN0_5TN0_1|F0_0T0_4|F0_5T0_9|F1_0T1_4|F1_5T1_9|F2_0T2_4|F2_5T2_9|F3_0T3_4|F3_5T3_9|F4_0,4.0,37,0.004354166387027027,0.004354166387027027,0.004354166387027027,7,7,0.1891891891891892,0.1891891891891892,False
ecb,rgdp,real_gdp_yoy,2019,2,,2019Q4,rolling_1y,1.0,,TN1_0|FN1_0TN0_6|FN0_5TN0_1|F0_0T0_4|F0_5T0_9|F1_0T1_4|F1_5T1_9|F2_0T2_4|F2_5T2_9|F3_0T3_4|F3_5T3_9|F4_0,5.0,37,0.0,0.004354166387027027,,0,7,0.0,0.1891891891891892,True
ecb,rgdp,real_gdp_yoy,2019,2,,2019Q4,rolling_1y,1.0,,TN1_0|FN1_0TN0_6|FN0_5TN0_1|F0_0T0_4|F0_5T0_9|F1_0T1_4|F1_5T1_9|F2_0T2_4|F2_5T2_9|F3_0T3_4|F3_5T3_9|F4_0,10.0,37,0.0,0.004354166387027027,,0,7,0.0,0.1891891891891892,True
ecb,rgdp,real_gdp_yoy,2019,2,,2020Q4,rolling_2y,2.0,,TN1_0|FN1_0TN0_6|FN0_5TN0_1|F0_0T0_4|F0_5T0_9|F1_0T1_4|F1_5T1_9|F2_0T2_4|F2_5T2_9|F3_0T3_4|F3_5T3_9|F4_0,3.0,36,0.029500998366527777,0.029500998366527777,0.029500998366527777,14,14,0.3888888888888889,0.3888888888888889,False
ecb,rgdp,real_gdp_yoy,2019,2,,2020Q4,rolling_2y,2.0,,TN1_0|FN1_0TN0_6|FN0_5TN0_1|F0_0T0_4|F0_5T0_9|F1_0T1_4|F1_5T1_9|F2_0T2_4|F2_5T2_9|F3_0T3_4|F3_5T3_9|F4_0,4.0,36,0.008030282569638888,0.008030282569638888,0.008030282569638888,9,9,0.25,0.25,False
ecb,rgdp,real_gdp_yoy,2019,2,,2020Q4,rolling_2y,2.0,,TN1_0|FN1_0TN0_6|FN0_5TN0_1|F0_0T0_4|F0_5T0_9|F1_0T1_4|F1_5T1_9|F2_0T2_4|F2_5T2_9|F3_0T3_4|F3_5T3_9|F4_0,5.0,36,0.0,0.008030282569638888,,0,9,0.0,0.25,True
ecb,rgdp,real_gdp_yoy,2019,2,,2020Q4,rolling_2y,2.0,,TN1_0|FN1_0TN0_6|FN0_5TN0_1|F0_0T0_4|F0_5T0_9|F1_0T1_4|F1_5T1_9|F2_0T2_4|F2_5T2_9|F3_0T3_4|F3_5T3_9|F4_0,10.0,36,0.0,0.008030282569638888,,0,9,0.0,0.25,True
ecb,rgdp,real_gdp_yoy,2019,3,2019,2019,current_year,0.0,,TN1_0|FN1_0TN0_6|FN0_5TN0_1|F0_0T0_4|F0_5T0_9|F1_0T1_4|F1_5T1_9|F2_0T2_4|F2_5T2_9|F3_0T3_4|F3_5T3_9|F4_0,3.0,42,0.005040803030071428,0.005040803030071428,0.005040803030071428,8,8,0.19047619047619047,0.19047619047619047,False
ecb,rgdp,real_gdp_yoy,2019,3,2019,2019,current_year,0.0,,TN1_0|FN1_0TN0_6|FN0_5TN0_1|F0_0T0_4|F0_5T0_9|F1_0T1_4|F1_5T1_9|F2_0T2_4|F2_5T2_9|F3_0T3_4|F3_5T3_9|F4_0,4.0,42,0.0009175265108095238,0.0009175265108095238,0.0009175265108095238,6,6,0.14285714285714285,0.14285714285714285,False
ecb,rgdp,real_gdp_yoy,2019,3,2019,2019,current_year,0.0,,TN1_0|FN1_0TN0_6|FN0_5TN0_1|F0_0T0_4|F0_5T0_9|F1_0T1_4|F1_5T1_9|F2_0T2_4|F2_5T2_9|F3_0T3_4|F3_5T3_9|F4_0,5.0,42,0.0,0.0009175265108095238,,0,6,0.0,0.14285714285714285,True
ecb,rgdp,real_gdp_yoy,2019,3,2019,2019,current_year,0.0,,TN1_0|FN1_0TN0_6|FN0_5TN0_1|F0_0T0_4|F0_5T0_9|F1_0T1_4|F1_5T1_9|F2_0T2_4|F2_5T2_9|F3_0T3_4|F3_5T3_9|F4_0,10.0,42,0.0,0.0009175265108095238,,0,6,0.0,0.14285714285714285,True
ecb,rgdp,real_gdp_yoy,2019,3,2020,2020,next_year,1.0,,TN1_0|FN1_0TN0_6|FN0_5TN0_1|F0_0T0_4|F0_5T0_9|F1_0T1_4|F1_5T1_9|F2_0T2_4|F2_5T2_9|F3_0T3_4|F3_5T3_9|F4_0,3.0,42,0.021020177575261905,0.021020177575261905,0.021020177575261905,13,13,0.30952380952380953,0.30952380952380953,False
ecb,rgdp,real_gdp_yoy,2019,3,2020,2020,next_year,1.0,,TN1_0|FN1_0TN0_6|FN0_5TN0_1|F0_0T0_4|F0_5T0_9|F1_0T1_4|F1_5T1_9|F2_0T2_4|F2_5T2_9|F3_0T3_4|F3_5T3_9|F4_0,4.0,42,0.0035815969165,0.0035815969165,0.0035815969165,8,8,0.19047619047619047,0.19047619047619047,False
ecb,rgdp,real_gdp_yoy,2019,3,2020,2020,next_year,1.0,,TN1_0|FN1_0TN0_6|FN0_5TN0_1|F0_0T0_4|F0_5T0_9|F1_0T1_4|F1_5T1_9|F2_0T2_4|F2_5T2_9|F3_0T3_4|F3_5T3_9|F4_0,5.0,42,0.0,0.0035815969165,,0,8,0.0,0.19047619047619047,True
ecb,rgdp,real_gdp_yoy,2019,3,2020,2020,next_year,1.0,,TN1_0|FN1_0TN0_6|FN0_5TN0_1|F0_0T0_4|F0_5T0_9|F1_0T1_4|F1_5T1_9|F2_0T2_4|F2_5T2_9|F3_0T3_4|F3_5T3_9|F4_0,10.0,42,0.0,0.0035815969165,,0,8,0.0,0.19047619047619047,True
ecb,rgdp,real_gdp_yoy,2019,3,2021,2021,year_after_next,2.0,,TN1_0|FN1_0TN0_6|FN0_5TN0_1|F0_0T0_4|F0_5T0_9|F1_0T1_4|F1_5T1_9|F2_0T2_4|F2_5T2_9|F3_0T3_4|F3_5T3_9|F4_0,3.0,33,0.031229364956606057,0.031229364956606057,0.031229364956606057,13,13,0.3939393939393939,0.3939393939393939,False
ecb,rgdp,real_gdp_yoy,2019,3,2021,2021,year_after_next,2.0,,TN1_0|FN1_0TN0_6|FN0_5TN0_1|F0_0T0_4|F0_5T0_9|F1_0T1_4|F1_5T1_9|F2_0T2_4|F2_5T2_9|F3_0T3_4|F3_5T3_9|F4_0,4.0,33,0.004442678211818182,0.004442678211818182,0.004442678211818182,7,7,0.21212121212121213,0.21212121212121213,False
ecb,rgdp,real_gdp_yoy,2019,3,2021,2021,year_after_next,2.0,,TN1_0|FN1_0TN0_6|FN0_5TN0_1|F0_0T0_4|F0_5T0_9|F1_0T1_4|F1_5T1_9|F2_0T2_4|F2_5T2_9|F3_0T3_4|F3_5T3_9|F4_0,5.0,33,0.0,0.004442678211818182,,0,7,0.0,0.21212121212121213,True
ecb,rgdp,real_gdp_yoy,2019,3,2021,2021,year_after_next,2.0,,TN1_0|FN1_0TN0_6|FN0_5TN0_1|F0_0T0_4|F0_5T0_9|F1_0T1_4|F1_5T1_9|F2_0T2_4|F2_5T2_9|F3_0T3_4|F3_5T3_9|F4_0,10.0,33,0.0,0.004442678211818182,,0,7,0.0,0.21212121212121213,True
ecb,rgdp,real_gdp_yoy,2019,3,2024,2024,longer_term,5.0,,TN1_0|FN1_0TN0_6|FN0_5TN0_1|F0_0T0_4|F0_5T0_9|F1_0T1_4|F1_5T1_9|F2_0T2_4|F2_5T2_9|F3_0T3_4|F3_5T3_9|F4_0,3.0,32,0.0388612396543125,0.0388612396543125,0.0388612396543125,15,15,0.46875,0.46875,False
ecb,rgdp,real_gdp_yoy,2019,3,2024,2024,longer_term,5.0,,TN1_0|FN1_0TN0_6|FN0_5TN0_1|F0_0T0_4|F0_5T0_9|F1_0T1_4|F1_5T1_9|F2_0T2_4|F2_5T2_9|F3_0T3_4|F3_5T3_9|F4_0,4.0,32,0.006512804555812499,0.006512804555812499,0.006512804555812499,10,10,0.3125,0.3125,False
ecb,rgdp,real_gdp_yoy,2019,3,2024,2024,longer_term,5.0,,TN1_0|FN1_0TN0_6|FN0_5TN0_1|F0_0T0_4|F0_5T0_9|F1_0T1_4|F1_5T1_9|F2_0T2_4|F2_5T2_9|F3_0T3_4|F3_5T3_9|F4_0,5.0,32,0.0,0.006512804555812499,,0,10,0.0,0.3125,True
ecb,rgdp,real_gdp_yoy,2019,3,2024,2024,longer_term,5.0,,TN1_0|FN1_0TN0_6|FN0_5TN0_1|F0_0T0_4|F0_5T0_9|F1_0T1_4|F1_5T1_9|F2_0T2_4|F2_5T2_9|F3_0T3_4|F3_5T3_9|F4_0,10.0,32,0.0,0.006512804555812499,,0,10,0.0,0.3125,True
ecb,rgdp,real_gdp_yoy,2019,3,,2020Q1,rolling_1y,1.0,,TN1_0|FN1_0TN0_6|FN0_5TN0_1|F0_0T0_4|F0_5T0_9|F1_0T1_4|F1_5T1_9|F2_0T2_4|F2_5T2_9|F3_0T3_4|F3_5T3_9|F4_0,3.0,34,0.023279466388235297,0.023279466388235297,0.023279466388235297,10,10,0.29411764705882354,0.29411764705882354,False
ecb,rgdp,real_gdp_yoy,2019,3,,2020Q1,rolling_1y,1.0,,TN1_0|FN1_0TN0_6|FN0_5TN0_1|F0_0T0_4|F0_5T0_9|F1_0T1_4|F1_5T1_9|F2_0T2_4|F2_5T2_9|F3_0T3_4|F3_5T3_9|F4_0,4.0,34,0.0070395884040294135,0.0070395884040294135,0.0070395884040294135,7,7,0.20588235294117646,0.20588235294117646,False
ecb,rgdp,real_gdp_yoy,2019,3,,2020Q1,rolling_1y,1.0,,TN1_0|FN1_0TN0_6|FN0_5TN0_1|F0_0T0_4|F0_5T0_9|F1_0T1_4|F1_5T1_9|F2_0T2_4|F2_5T2_9|F3_0T3_4|F3_5T3_9|F4_0,5.0,34,0.0,0.0070395884040294135,,0,7,0.0,0.20588235294117646,True
ecb,rgdp,real_gdp_yoy,2019,3,,2020Q1,rolling_1y,1.0,,TN1_0|FN1_0TN0_6|FN0_5TN0_1|F0_0T0_4|F0_5T0_9|F1_0T1_4|F1_5T1_9|F2_0T2_4|F2_5T2_9|F3_0T3_4|F3_5T3_9|F4_0,10.0,34,0.0,0.0070395884040294135,,0,7,0.0,0.20588235294117646,True
ecb,rgdp,real_gdp_yoy,2019,3,,2021Q1,rolling_2y,2.0,,TN1_0|FN1_0TN0_6|FN0_5TN0_1|F0_0T0_4|F0_5T0_9|F1_0T1_4|F1_5T1_9|F2_0T2_4|F2_5T2_9|F3_0T3_4|F3_5T3_9|F4_0,3.0,29,0.03836151420703448,0.03836151420703448,0.03836151420703448,10,10,0.3448275862068966,0.3448275862068966,False
ecb,rgdp,real_gdp_yoy,2019,3,,2021Q1,rolling_2y,2.0,,TN1_0|FN1_0TN0_6|FN0_5TN0_1|F0_0T0_4|F0_5T0_9|F1_0T1_4|F1_5T1_9|F2_0T2_4|F2_5T2_9|F3_0T3_4|F3_5T3_9|F4_0,4.0,29,0.011294481017862066,0.011294481017862066,0.011294481017862066,9,9,0.3103448275862069,0.3103448275862069,False
ecb,rgdp,real_gdp_yoy,2019,3,,2021Q1,rolling_2y,2.0,,TN1_0|FN1_0TN0_6|FN0_5TN0_1|F0_0T0_4|F0_5T0_9|F1_0T1_4|F1_5T1_9|F2_0T2_4|F2_5T2_9|F3_0T3_4|F3_5T3_9|F4_0,5.0,29,0.0,0.011294481017862066,,0,9,0.0,0.3103448275862069,True
ecb,rgdp,real_gdp_yoy,2019,3,,2021Q1,rolling_2y,2.0,,TN1_0|FN1_0TN0_6|FN0_5TN0_1|F0_0T0_4|F0_5T0_9|F1_0T1_4|F1_5T1_9|F2_0T2_4|F2_5T2_9|F3_0T3_4|F3_5T3_9|F4_0,10.0,29,0.0,0.011294481017862066,,0,9,0.0,0.3103448275862069,True
ecb,rgdp,real_gdp_yoy,2019,4,2019,2019,current_year,0.0,,TN1_0|FN1_0TN0_6|FN0_5TN0_1|F0_0T0_4|F0_5T0_9|F1_0T1_4|F1_5T1_9|F2_0T2_4|F2_5T2_9|F3_0T3_4|F3_5T3_9|F4_0,3.0,44,0.004400795671386365,0.004400795671386365,0.004400795671386364,6,6,0.13636363636363635,0.13636363636363635,False
ecb,rgdp,real_gdp_yoy,2019,4,2019,2019,current_year,0.0,,TN1_0|FN1_0TN0_6|FN0_5TN0_1|F0_0T0_4|F0_5T0_9|F1_0T1_4|F1_5T1_9|F2_0T2_4|F2_5T2_9|F3_0T3_4|F3_5T3_9|F4_0,4.0,44,0.0007170004393863637,0.0007170004393863637,0.0007170004393863637,5,5,0.11363636363636363,0.11363636363636363,False
ecb,rgdp,real_gdp_yoy,2019,4,2019,2019,current_year,0.0,,TN1_0|FN1_0TN0_6|FN0_5TN0_1|F0_0T0_4|F0_5T0_9|F1_0T1_4|F1_5T1_9|F2_0T2_4|F2_5T2_9|F3_0T3_4|F3_5T3_9|F4_0,5.0,44,0.0,0.0007170004393863637,,0,5,0.0,0.11363636363636363,True
ecb,rgdp,real_gdp_yoy,2019,4,2019,2019,current_year,0.0,,TN1_0|FN1_0TN0_6|FN0_5TN0_1|F0_0T0_4|F0_5T0_9|F1_0T1_4|F1_5T1_9|F2_0T2_4|F2_5T2_9|F3_0T3_4|F3_5T3_9|F4_0,10.0,44,0.0,0.0007170004393863637,,0,5,0.0,0.11363636363636363,True
ecb,rgdp,real_gdp_yoy,2019,4,2020,2020,next_year,1.0,,TN1_0|FN1_0TN0_6|FN0_5TN0_1|F0_0T0_4|F0_5T0_9|F1_0T1_4|F1_5T1_9|F2_0T2_4|F2_5T2_9|F3_0T3_4|F3_5T3_9|F4_0,3.0,44,0.010532135726681817,0.010532135726681817,0.010532135726681819,12,12,0.2727272727272727,0.2727272727272727,False
ecb,rgdp,real_gdp_yoy,2019,4,2020,2020,next_year,1.0,,TN1_0|FN1_0TN0_6|FN0_5TN0_1|F0_0T0_4|F0_5T0_9|F1_0T1_4|F1_5T1_9|F2_0T2_4|F2_5T2_9|F3_0T3_4|F3_5T3_9|F4_0,4.0,44,0.0016611878336363637,0.0016611878336363637,0.0016611878336363637,8,8,0.18181818181818182,0.18181818181818182,False
ecb,rgdp,real_gdp_yoy,2019,4,2020,2020,next_year,1.0,,TN1_0|FN1_0TN0_6|FN0_5TN0_1|F0_0T0_4|F0_5T0_9|F1_0T1_4|F1_5T1_9|F2_0T2_4|F2_5T2_9|F3_0T3_4|F3_5T3_9|F4_0,5.0,44,0.0,0.0016611878336363637,,0,8,0.0,0.18181818181818182,True
ecb,rgdp,real_gdp_yoy,2019,4,2020,2020,next_year,1.0,,TN1_0|FN1_0TN0_6|FN0_5TN0_1|F0_0T0_4|F0_5T0_9|F1_0T1_4|F1_5T1_9|F2_0T2_4|F2_5T2_9|F3_0T3_4|F3_5T3_9|F4_0,10.0,44,0.0,0.0016611878336363637,,0,8,0.0,0.18181818181818182,True
ecb,rgdp,real_gdp_yoy,2019,4,2021,2021,year_after_next,2.0,,TN1_0|FN1_0TN0_6|FN0_5TN0_1|F0_0T0_4|F0_5T0_9|F1_0T1_4|F1_5T1_9|F2_0T2_4|F2_5T2_9|F3_0T3_4|F3_5T3_9|F4_0,3.0,39,0.025724768911179485,0.025724768911179485,0.025724768911179485,15,15,0.38461538461538464,0.38461538461538464,False
ecb,rgdp,real_gdp_yoy,2019,4,2021,2021,year_after_next,2.0,,TN1_0|FN1_0TN0_6|FN0_5TN0_1|F0_0T0_4|F0_5T0_9|F1_0T1_4|F1_5T1_9|F2_0T2_4|F2_5T2_9|F3_0T3_4|F3_5T3_9|F4_0,4.0,39,0.0035181734270769227,0.0035181734270769227,0.0035181734270769227,8,8,0.20512820512820512,0.20512820512820512,False
ecb,rgdp,real_gdp_yoy,2019,4,2021,2021,year_after_next,2.0,,TN1_0|FN1_0TN0_6|FN0_5TN0_1|F0_0T0_4|F0_5T0_9|F1_0T1_4|F1_5T1_9|F2_0T2_4|F2_5T2_9|F3_0T3_4|F3_5T3_9|F4_0,5.0,39,0.0,0.0035181734270769227,,0,8,0.0,0.20512820512820512,True
ecb,rgdp,real_gdp_yoy,2019,4,2021,2021,year_after_next,2.0,,TN1_0|FN1_0TN0_6|FN0_5TN0_1|F0_0T0_4|F0_5T0_9|F1_0T1_4|F1_5T1_9|F2_0T2_4|F2_5T2_9|F3_0T3_4|F3_5T3_9|F4_0,10.0,39,0.0,0.0035181734270769227,,0,8,0.0,0.20512820512820512,True
ecb,rgdp,real_gdp_yoy,2019,4,2024,2024,longer_term,5.0,,TN1_0|FN1_0TN0_6|FN0_5TN0_1|F0_0T0_4|F0_5T0_9|F1_0T1_4|F1_5T1_9|F2_0T2_4|F2_5T2_9|F3_0T3_4|F3_5T3_9|F4_0,3.0,36,0.03938329664475,0.03938329664475,0.03938329664475001,19,19,0.5277777777777778,0.5277777777777778,False
ecb,rgdp,real_gdp_yoy,2019,4,2024,2024,longer_term,5.0,,TN1_0|FN1_0TN0_6|FN0_5TN0_1|F0_0T0_4|F0_5T0_9|F1_0T1_4|F1_5T1_9|F2_0T2_4|F2_5T2_9|F3_0T3_4|F3_5T3_9|F4_0,4.0,36,0.005782955880499999,0.005782955880499999,0.005782955880499999,11,11,0.3055555555555556,0.3055555555555556,False
ecb,rgdp,real_gdp_yoy,2019,4,2024,2024,longer_term,5.0,,TN1_0|FN1_0TN0_6|FN0_5TN0_1|F0_0T0_4|F0_5T0_9|F1_0T1_4|F1_5T1_9|F2_0T2_4|F2_5T2_9|F3_0T3_4|F3_5T3_9|F4_0,5.0,36,0.0,0.005782955880499999,,0,11,0.0,0.3055555555555556,True
ecb,rgdp,real_gdp_yoy,2019,4,2024,2024,longer_term,5.0,,TN1_0|FN1_0TN0_6|FN0_5TN0_1|F0_0T0_4|F0_5T0_9|F1_0T1_4|F1_5T1_9|F2_0T2_4|F2_5T2_9|F3_0T3_4|F3_5T3_9|F4_0,10.0,36,0.0,0.005782955880499999,,0,11,0.0,0.3055555555555556,True
ecb,rgdp,real_gdp_yoy,2019,4,,2020Q2,rolling_1y,1.0,,TN1_0|FN1_0TN0_6|FN0_5TN0_1|F0_0T0_4|F0_5T0_9|F1_0T1_4|F1_5T1_9|F2_0T2_4|F2_5T2_9|F3_0T3_4|F3_5T3_9|F4_0,3.0,36,0.017230931768388892,0.017230931768388892,0.017230931768388892,10,10,0.2777777777777778,0.2777777777777778,False
ecb,rgdp,real_gdp_yoy,2019,4,,2020Q2,rolling_1y,1.0,,TN1_0|FN1_0TN0_6|FN0_5TN0_1|F0_0T0_4|F0_5T0_9|F1_0T1_4|F1_5T1_9|F2_0T2_4|F2_5T2_9|F3_0T3_4|F3_5T3_9|F4_0,4.0,36,0.004807308353722222,0.004807308353722222,0.004807308353722222,6,6,0.16666666666666666,0.16666666666666666,False
ecb,rgdp,real_gdp_yoy,2019,4,,2020Q2,rolling_1y,1.0,,TN1_0|FN1_0TN0_6|FN0_5TN0_1|F0_0T0_4|F0_5T0_9|F1_0T1_4|F1_5T1_9|F2_0T2_4|F2_5T2_9|F3_0T3_4|F3_5T3_9|F4_0,5.0,36,0.0,0.004807308353722222,,0,6,0.0,0.16666666666666666,True
ecb,rgdp,real_gdp_yoy,2019,4,,2020Q2,rolling_1y,1.0,,TN1_0|FN1_0TN0_6|FN0_5TN0_1|F0_0T0_4|F0_5T0_9|F1_0T1_4|F1_5T1_9|F2_0T2_4|F2_5T2_9|F3_0T3_4|F3_5T3_9|F4_0,10.0,36,0.0,0.004807308353722222,,0,6,0.0,0.16666666666666666,True
ecb,rgdp,real_gdp_yoy,2019,4,,2021Q2,rolling_2y,2.0,,TN1_0|FN1_0TN0_6|FN0_5TN0_1|F0_0T0_4|F0_5T0_9|F1_0T1_4|F1_5T1_9|F2_0T2_4|F2_5T2_9|F3_0T3_4|F3_5T3_9|F4_0,3.0,32,0.02938734527825,0.02938734527825,0.02938734527825,13,13,0.40625,0.40625,False
ecb,rgdp,real_gdp_yoy,2019,4,,2021Q2,rolling_2y,2.0,,TN1_0|FN1_0TN0_6|FN0_5TN0_1|F0_0T0_4|F0_5T0_9|F1_0T1_4|F1_5T1_9|F2_0T2_4|F2_5T2_9|F3_0T3_4|F3_5T3_9|F4_0,4.0,32,0.006994972342875,0.006994972342875,0.006994972342875,8,8,0.25,0.25,False
ecb,rgdp,real_gdp_yoy,2019,4,,2021Q2,rolling_2y,2.0,,TN1_0|FN1_0TN0_6|FN0_5TN0_1|F0_0T0_4|F0_5T0_9|F1_0T1_4|F1_5T1_9|F2_0T2_4|F2_5T2_9|F3_0T3_4|F3_5T3_9|F4_0,5.0,32,0.0,0.006994972342875,,0,8,0.0,0.25,True
ecb,rgdp,real_gdp_yoy,2019,4,,2021Q2,rolling_2y,2.0,,TN1_0|FN1_0TN0_6|FN0_5TN0_1|F0_0T0_4|F0_5T0_9|F1_0T1_4|F1_5T1_9|F2_0T2_4|F2_5T2_9|F3_0T3_4|F3_5T3_9|F4_0,10.0,32,0.0,0.006994972342875,,0,8,0.0,0.25,True
ecb,rgdp,real_gdp_yoy,2020,1,2020,2020,current_year,0.0,,TN1_0|FN1_0TN0_6|FN0_5TN0_1|F0_0T0_4|F0_5T0_9|F1_0T1_4|F1_5T1_9|F2_0T2_4|F2_5T2_9|F3_0T3_4|F3_5T3_9|F4_0,3.0,59,0.0074897627255593215,0.0074897627255593215,0.0074897627255593215,13,13,0.22033898305084745,0.22033898305084745,False
ecb,rgdp,real_gdp_yoy,2020,1,2020,2020,current_year,0.0,,TN1_0|FN1_0TN0_6|FN0_5TN0_1|F0_0T0_4|F0_5T0_9|F1_0T1_4|F1_5T1_9|F2_0T2_4|F2_5T2_9|F3_0T3_4|F3_5T3_9|F4_0,4.0,59,0.0010181672818135592,0.0010181672818135592,0.0010181672818135592,8,8,0.13559322033898305,0.13559322033898305,False
ecb,rgdp,real_gdp_yoy,2020,1,2020,2020,current_year,0.0,,TN1_0|FN1_0TN0_6|FN0_5TN0_1|F0_0T0_4|F0_5T0_9|F1_0T1_4|F1_5T1_9|F2_0T2_4|F2_5T2_9|F3_0T3_4|F3_5T3_9|F4_0,5.0,59,0.0,0.0010181672818135592,,0,8,0.0,0.13559322033898305,True
ecb,rgdp,real_gdp_yoy,2020,1,2020,2020,current_year,0.0,,TN1_0|FN1_0TN0_6|FN0_5TN0_1|F0_0T0_4|F0_5T0_9|F1_0T1_4|F1_5T1_9|F2_0T2_4|F2_5T2_9|F3_0T3_4|F3_5T3_9|F4_0,10.0,59,0.0,0.0010181672818135592,,0,8,0.0,0.13559322033898305,True
ecb,rgdp,real_gdp_yoy,2020,1,2021,2021,next_year,1.0,,TN1_0|FN1_0TN0_6|FN0_5TN0_1|F0_0T0_4|F0_5T0_9|F1_0T1_4|F1_5T1_9|F2_0T2_4|F2_5T2_9|F3_0T3_4|F3_5T3_9|F4_0,3.0,56,0.019274483249589285,0.019274483249589285,0.019274483249589285,18,18,0.32142857142857145,0.32142857142857145,False
ecb,rgdp,real_gdp_yoy,2020,1,2021,2021,next_year,1.0,,TN1_0|FN1_0TN0_6|FN0_5TN0_1|F0_0T0_4|F0_5T0_9|F1_0T1_4|F1_5T1_9|F2_0T2_4|F2_5T2_9|F3_0T3_4|F3_5T3_9|F4_0,4.0,56,0.0025594479533214286,0.0025594479533214286,0.0025594479533214286,11,11,0.19642857142857142,0.19642857142857142,False
ecb,rgdp,real_gdp_yoy,2020,1,2021,2021,next_year,1.0,,TN1_0|FN1_0TN0_6|FN0_5TN0_1|F0_0T0_4|F0_5T0_9|F1_0T1_4|F1_5T1_9|F2_0T2_4|F2_5T2_9|F3_0T3_4|F3_5T3_9|F4_0,5.0,56,0.0,0.0025594479533214286,,0,11,0.0,0.19642857142857142,True
ecb,rgdp,real_gdp_yoy,2020,1,2021,2021,next_year,1.0,,TN1_0|FN1_0TN0_6|FN0_5TN0_1|F0_0T0_4|F0_5T0_9|F1_0T1_4|F1_5T1_9|F2_0T2_4|F2_5T2_9|F3_0T3_4|F3_5T3_9|F4_0,10.0,56,0.0,0.0025594479533214286,,0,11,0.0,0.19642857142857142,True
ecb,rgdp,real_gdp_yoy,2020,1,2022,2022,year_after_next,2.0,,TN1_0|FN1_0TN0_6|FN0_5TN0_1|F0_0T0_4|F0_5T0_9|F1_0T1_4|F1_5T1_9|F2_0T2_4|F2_5T2_9|F3_0T3_4|F3_5T3_9|F4_0,3.0,47,0.021438174677042558,0.021438174677042558,0.021438174677042558,19,19,0.40425531914893614,0.40425531914893614,False
ecb,rgdp,real_gdp_yoy,2020,1,2022,2022,year_after_next,2.0,,TN1_0|FN1_0TN0_6|FN0_5TN0_1|F0_0T0_4|F0_5T0_9|F1_0T1_4|F1_5T1_9|F2_0T2_4|F2_5T2_9|F3_0T3_4|F3_5T3_9|F4_0,4.0,47,0.0027891881981914894,0.0027891881981914894,0.0027891881981914894,9,9,0.19148936170212766,0.19148936170212766,False
ecb,rgdp,real_gdp_yoy,2020,1,2022,2022,year_after_next,2.0,,TN1_0|FN1_0TN0_6|FN0_5TN0_1|F0_0T0_4|F0_5T0_9|F1_0T1_4|F1_5T1_9|F2_0T2_4|F2_5T2_9|F3_0T3_4|F3_5T3_9|F4_0,5.0,47,0.0,0.0027891881981914894,,0,9,0.0,0.19148936170212766,True
ecb,rgdp,real_gdp_yoy,2020,1,2022,2022,year_after_next,2.0,,TN1_0|FN1_0TN0_6|FN0_5TN0_1|F0_0T0_4|F0_5T0_9|F1_0T1_4|F1_5T1_9|F2_0T2_4|F2_5T2_9|F3_0T3_4|F3_5T3_9|F4_0,10.0,47,0.0,0.0027891881981914894,,0,9,0.0,0.19148936170212766,True
ecb,rgdp,real_gdp_yoy,2020,1,2024,2024,longer_term,4.0,,TN1_0|FN1_0TN0_6|FN0_5TN0_1|F0_0T0_4|F0_5T0_9|F1_0T1_4|F1_5T1_9|F2_0T2_4|F2_5T2_9|F3_0T3_4|F3_5T3_9|F4_0,3.0,45,0.03176042156726666,0.03176042156726666,0.03176042156726667,20,20,0.4444444444444444,0.4444444444444444,False
ecb,rgdp,real_gdp_yoy,2020,1,2024,2024,longer_term,4.0,,TN1_0|FN1_0TN0_6|FN0_5TN0_1|F0_0T0_4|F0_5T0_9|F1_0T1_4|F1_5T1_9|F2_0T2_4|F2_5T2_9|F3_0T3_4|F3_5T3_9|F4_0,4.0,45,0.004800057930599999,0.004800057930599999,0.004800057930599999,13,13,0.28888888888888886,0.28888888888888886,False
ecb,rgdp,real_gdp_yoy,2020,1,2024,2024,longer_term,4.0,,TN1_0|FN1_0TN0_6|FN0_5TN0_1|F0_0T0_4|F0_5T0_9|F1_0T1_4|F1_5T1_9|F2_0T2_4|F2_5T2_9|F3_0T3_4|F3_5T3_9|F4_0,5.0,45,0.0,0.004800057930599999,,0,13,0.0,0.28888888888888886,True
ecb,rgdp,real_gdp_yoy,2020,1,2024,2024,longer_term,4.0,,TN1_0|FN1_0TN0_6|FN0_5TN0_1|F0_0T0_4|F0_5T0_9|F1_0T1_4|F1_5T1_9|F2_0T2_4|F2_5T2_9|F3_0T3_4|F3_5T3_9|F4_0,10.0,45,0.0,0.004800057930599999,,0,13,0.0,0.28888888888888886,True
ecb,rgdp,real_gdp_yoy,2020,1,,2020Q3,rolling_1y,1.0,,TN1_0|FN1_0TN0_6|FN0_5TN0_1|F0_0T0_4|F0_5T0_9|F1_0T1_4|F1_5T1_9|F2_0T2_4|F2_5T2_9|F3_0T3_4|F3_5T3_9|F4_0,3.0,45,0.017315878620866667,0.017315878620866667,0.017315878620866667,14,14,0.3111111111111111,0.3111111111111111,False
ecb,rgdp,real_gdp_yoy,2020,1,,2020Q3,rolling_1y,1.0,,TN1_0|FN1_0TN0_6|FN0_5TN0_1|F0_0T0_4|F0_5T0_9|F1_0T1_4|F1_5T1_9|F2_0T2_4|F2_5T2_9|F3_0T3_4|F3_5T3_9|F4_0,4.0,45,0.003717273407488889,0.003717273407488889,0.003717273407488889,7,7,0.15555555555555556,0.15555555555555556,False
ecb,rgdp,real_gdp_yoy,2020,1,,2020Q3,rolling_1y,1.0,,TN1_0|FN1_0TN0_6|FN0_5TN0_1|F0_0T0_4|F0_5T0_9|F1_0T1_4|F1_5T1_9|F2_0T2_4|F2_5T2_9|F3_0T3_4|F3_5T3_9|F4_0,5.0,45,0.0,0.003717273407488889,,0,7,0.0,0.15555555555555556,True
ecb,rgdp,real_gdp_yoy,2020,1,,2020Q3,rolling_1y,1.0,,TN1_0|FN1_0TN0_6|FN0_5TN0_1|F0_0T0_4|F0_5T0_9|F1_0T1_4|F1_5T1_9|F2_0T2_4|F2_5T2_9|F3_0T3_4|F3_5T3_9|F4_0,10.0,45,0.0,0.003717273407488889,,0,7,0.0,0.15555555555555556,True
ecb,rgdp,real_gdp_yoy,2020,1,,2021Q3,rolling_2y,2.0,,TN1_0|FN1_0TN0_6|FN0_5TN0_1|F0_0T0_4|F0_5T0_9|F1_0T1_4|F1_5T1_9|F2_0T2_4|F2_5T2_9|F3_0T3_4|F3_5T3_9|F4_0,3.0,43,0.027521309159372096,0.027521309159372096,0.027521309159372096,18,18,0.4186046511627907,0.4186046511627907,False
ecb,rgdp,real_gdp_yoy,2020,1,,2021Q3,rolling_2y,2.0,,TN1_0|FN1_0TN0_6|FN0_5TN0_1|F0_0T0_4|F0_5T0_9|F1_0T1_4|F1_5T1_9|F2_0T2_4|F2_5T2_9|F3_0T3_4|F3_5T3_9|F4_0,4.0,43,0.00510609076044186,0.00510609076044186,0.00510609076044186,11,11,0.2558139534883721,0.2558139534883721,False
ecb,rgdp,real_gdp_yoy,2020,1,,2021Q3,rolling_2y,2.0,,TN1_0|FN1_0TN0_6|FN0_5TN0_1|F0_0T0_4|F0_5T0_9|F1_0T1_4|F1_5T1_9|F2_0T2_4|F2_5T2_9|F3_0T3_4|F3_5T3_9|F4_0,5.0,43,0.0,0.00510609076044186,,0,11,0.0,0.2558139534883721,True
ecb,rgdp,real_gdp_yoy,2020,1,,2021Q3,rolling_2y,2.0,,TN1_0|FN1_0TN0_6|FN0_5TN0_1|F0_0T0_4|F0_5T0_9|F1_0T1_4|F1_5T1_9|F2_0T2_4|F2_5T2_9|F3_0T3_4|F3_5T3_9|F4_0,10.0,43,0.0,0.00510609076044186,,0,11,0.0,0.2558139534883721,True
ecb,rgdp,real_gdp_yoy,2020,2,2020,2020,current_year,0.0,,TN15_0|FN15_0TN13_1|FN13_0TN11_1|FN11_0TN9_1|FN9_0TN7_1|FN7_0TN5_1|FN5_0TN3_1|FN3_0TN1_1|FN1_0TN0_6|FN0_5TN0_1|F0_0T0_4|F0_5T0_9|F1_0T1_4|F1_5T1_9|F2_0T2_4|F2_5T2_9|F3_0T3_4|F3_5T3_9|F4_0T5_9|F6_0T7_9|F8_0T9_9|F10_0,3.0,46,1.0530381239130435e-05,1.0530381239130435e-05,1.0530381239130435e-05,3,3,0.06521739130434782,0.06521739130434782,False
ecb,rgdp,real_gdp_yoy,2020,2,2020,2020,current_year,0.0,,TN15_0|FN15_0TN13_1|FN13_0TN11_1|FN11_0TN9_1|FN9_0TN7_1|FN7_0TN5_1|FN5_0TN3_1|FN3_0TN1_1|FN1_0TN0_6|FN0_5TN0_1|F0_0T0_4|F0_5T0_9|F1_0T1_4|F1_5T1_9|F2_0T2_4|F2_5T2_9|F3_0T3_4|F3_5T3_9|F4_0T5_9|F6_0T7_9|F8_0T9_9|F10_0,4.0,46,2.3471996521739134e-06,2.3471996521739134e-06,2.3471996521739134e-06,3,3,0.06521739130434782,0.06521739130434782,False
ecb,rgdp,real_gdp_yoy,2020,2,2020,2020,current_year,0.0,,TN15_0|FN15_0TN13_1|FN13_0TN11_1|FN11_0TN9_1|FN9_0TN7_1|FN7_0TN5_1|FN5_0TN3_1|FN3_0TN1_1|FN1_0TN0_6|FN0_5TN0_1|F0_0T0_4|F0_5T0_9|F1_0T1_4|F1_5T1_9|F2_0T2_4|F2_5T2_9|F3_0T3_4|F3_5T3_9|F4_0T5_9|F6_0T7_9|F8_0T9_9|F10_0,5.0,46,0.0,2.3471996521739134e-06,1.1735998260869567e-06,0,3,0.0,0.06521739130434782,False
ecb,rgdp,real_gdp_yoy,2020,2,2020,2020,current_year,0.0,,TN15_0|FN15_0TN13_1|FN13_0TN11_1|FN11_0TN9_1|FN9_0TN7_1|FN7_0TN5_1|FN5_0TN3_1|FN3_0TN1_1|FN1_0TN0_6|FN0_5TN0_1|F0_0T0_4|F0_5T0_9|F1_0T1_4|F1_5T1_9|F2_0T2_4|F2_5T2_9|F3_0T3_4|F3_5T3_9|F4_0T5_9|F6_0T7_9|F8_0T9_9|F10_0,10.0,46,0.0,0.0,0.0,0,0,0.0,0.0,False
ecb,rgdp,real_gdp_yoy,2020,2,2021,2021,next_year,1.0,,TN15_0|FN15_0TN13_1|FN13_0TN11_1|FN11_0TN9_1|FN9_0TN7_1|FN7_0TN5_1|FN5_0TN3_1|FN3_0TN1_1|FN1_0TN0_6|FN0_5TN0_1|F0_0T0_4|F0_5T0_9|F1_0T1_4|F1_5T1_9|F2_0T2_4|F2_5T2_9|F3_0T3_4|F3_5T3_9|F4_0T5_9|F6_0T7_9|F8_0T9_9|F10_0,3.0,46,0.5522215360715,0.5522215360715,0.5522215360715,37,37,0.8043478260869565,0.8043478260869565,False
ecb,rgdp,real_gdp_yoy,2020,2,2021,2021,next_year,1.0,,TN15_0|FN15_0TN13_1|FN13_0TN11_1|FN11_0TN9_1|FN9_0TN7_1|FN7_0TN5_1|FN5_0TN3_1|FN3_0TN1_1|FN1_0TN0_6|FN0_5TN0_1|F0_0T0_4|F0_5T0_9|F1_0T1_4|F1_5T1_9|F2_0T2_4|F2_5T2_9|F3_0T3_4|F3_5T3_9|F4_0T5_9|F6_0T7_9|F8_0T9_9|F10_0,4.0,46,0.3234952934244565,0.3234952934244565,0.32349529342445643,32,32,0.6956521739130435,0.6956521739130435,False
ecb,rgdp,real_gdp_yoy,2020,2,2021,2021,next_year,1.0,,TN15_0|FN15_0TN13_1|FN13_0TN11_1|FN11_0TN9_1|FN9_0TN7_1|FN7_0TN5_1|FN5_0TN3_1|FN3_0TN1_1|FN1_0TN0_6|FN0_5TN0_1|F0_0T0_4|F0_5T0_9|F1_0T1_4|F1_5T1_9|F2_0T2_4|F2_5T2_9|F3_0T3_4|F3_5T3_9|F4_0T5_9|F6_0T7_9|F8_0T9_9|F10_0,5.0,46,0.15947806529804345,0.3234952934244565,0.24148667936124998,29,32,0.6304347826086957,0.6956521739130435,False
ecb,rgdp,real_gdp_yoy,2020,2,2021,2021,next_year,1.0,,TN15_0|FN15_0TN13_1|FN13_0TN11_1|FN11_0TN9_1|FN9_0TN7_1|FN7_0TN5_1|FN5_0TN3_1|FN3_0TN1_1|FN1_0TN0_6|FN0_5TN0_1|F0_0T0_4|F0_5T0_9|F1_0T1_4|F1_5T1_9|F2_0T2_4|F2_5T2_9|F3_0T3_4|F3_5T3_9|F4_0T5_9|F6_0T7_9|F8_0T9_9|F10_0,10.0,46,0.026209777691434785,0.026209777691434785,0.026209777691434785,13,13,0.2826086956521739,0.2826086956521739,False
ecb,rgdp,real_gdp_yoy,2020,2,2022,2022,year_after_next,2.0,,TN15_0|FN15_0TN13_1|FN13_0TN11_1|FN11_0TN9_1|FN9_0TN7_1|FN7_0TN5_1|FN5_0TN3_1|FN3_0TN1_1|FN1_0TN0_6|FN0_5TN0_1|F0_0T0_4|F0_5T0_9|F1_0T1_4|F1_5T1_9|F2_0T2_4|F2_5T2_9|F3_0T3_4|F3_5T3_9|F4_0T5_9|F6_0T7_9|F8_0T9_9|F10_0,3.0,38,0.07199036157794737,0.07199036157794737,0.07199036157794737,18,18,0.47368421052631576,0.47368421052631576,False
ecb,rgdp,real_gdp_yoy,2020,2,2022,2022,year_after_next,2.0,,TN15_0|FN15_0TN13_1|FN13_0TN11_1|FN11_0TN9_1|FN9_0TN7_1|FN7_0TN5_1|FN5_0TN3_1|FN3_0TN1_1|FN1_0TN0_6|FN0_5TN0_1|F0_0T0_4|F0_5T0_9|F1_0T1_4|F1_5T1_9|F2_0T2_4|F2_5T2_9|F3_0T3_4|F3_5T3_9|F4_0T5_9|F6_0T7_9|F8_0T9_9|F10_0,4.0,38,0.018864552841421054,0.018864552841421054,0.018864552841421054,9,9,0.23684210526315788,0.23684210526315788,False
ecb,rgdp,real_gdp_yoy,2020,2,2022,2022,year_after_next,2.0,,TN15_0|FN15_0TN13_1|FN13_0TN11_1|FN11_0TN9_1|FN9_0TN7_1|FN7_0TN5_1|FN5_0TN3_1|FN3_0TN1_1|FN1_0TN0_6|FN0_5TN0_1|F0_0T0_4|F0_5T0_9|F1_0T1_4|F1_5T1_9|F2_0T2_4|F2_5T2_9|F3_0T3_4|F3_5T3_9|F4_0T5_9|F6_0T7_9|F8_0T9_9|F10_0,5.0,38,0.007472457379026316,0.018864552841421054,0.013168505110223683,6,9,0.15789473684210525,0.23684210526315788,False
ecb,rgdp,real_gdp_yoy,2020,2,2022,2022,year_after_next,2.0,,TN15_0|FN15_0TN13_1|FN13_0TN11_1|FN11_0TN9_1|FN9_0TN7_1|FN7_0TN5_1|FN5_0TN3_1|FN3_0TN1_1|FN1_0TN0_6|FN0_5TN0_1|F0_0T0_4|F0_5T0_9|F1_0T1_4|F1_5T1_9|F2_0T2_4|F2_5T2_9|F3_0T3_4|F3_5T3_9|F4_0T5_9|F6_0T7_9|F8_0T9_9|F10_0,10.0,38,0.0008913538625789473,0.0008913538625789473,0.0008913538625789473,4,4,0.10526315789473684,0.10526315789473684,False
ecb,rgdp,real_gdp_yoy,2020,2,2024,2024,longer_term,4.0,,TN15_0|FN15_0TN13_1|FN13_0TN11_1|FN11_0TN9_1|FN9_0TN7_1|FN7_0TN5_1|FN5_0TN3_1|FN3_0TN1_1|FN1_0TN0_6|FN0_5TN0_1|F0_0T0_4|F0_5T0_9|F1_0T1_4|F1_5T1_9|F2_0T2_4|F2_5T2_9|F3_0T3_4|F3_5T3_9|F4_0T5_9|F6_0T7_9|F8_0T9_9|F10_0,3.0,34,0.04664769698541177,0.04664769698541177,0.04664769698541177,15,15,0.4411764705882353,0.4411764705882353,False
ecb,rgdp,real_gdp_yoy,2020,2,2024,2024,longer_term,4.0,,TN15_0|FN15_0TN13_1|FN13_0TN11_1|FN11_0TN9_1|FN9_0TN7_1|FN7_0TN5_1|FN5_0TN3_1|FN3_0TN1_1|FN1_0TN0_6|FN0_5TN0_1|F0_0T0_4|F0_5T0_9|F1_0T1_4|F1_5T1_9|F2_0T2_4|F2_5T2_9|F3_0T3_4|F3_5T3_9|F4_0T5_9|F6_0T7_9|F8_0T9_9|F10_0,4.0,34,0.012964601533029411,0.012964601533029411,0.012964601533029411,8,8,0.23529411764705882,0.23529411764705882,False
ecb,rgdp,real_gdp_yoy,2020,2,2024,2024,longer_term,4.0,,TN15_0|FN15_0TN13_1|FN13_0TN11_1|FN11_0TN9_1|FN9_0TN7_1|FN7_0TN5_1|FN5_0TN3_1|FN3_0TN1_1|FN1_0TN0_6|FN0_5TN0_1|F0_0T0_4|F0_5T0_9|F1_0T1_4|F1_5T1_9|F2_0T2_4|F2_5T2_9|F3_0T3_4|F3_5T3_9|F4_0T5_9|F6_0T7_9|F8_0T9_9|F10_0,5.0,34,0.004872349101911765,0.012964601533029411,0.00891847531747059,4,8,0.11764705882352941,0.23529411764705882,False
ecb,rgdp,real_gdp_yoy,2020,2,2024,2024,longer_term,4.0,,TN15_0|FN15_0TN13_1|FN13_0TN11_1|FN11_0TN9_1|FN9_0TN7_1|FN7_0TN5_1|FN5_0TN3_1|FN3_0TN1_1|FN1_0TN0_6|FN0_5TN0_1|F0_0T0_4|F0_5T0_9|F1_0T1_4|F1_5T1_9|F2_0T2_4|F2_5T2_9|F3_0T3_4|F3_5T3_9|F4_0T5_9|F6_0T7_9|F8_0T9_9|F10_0,10.0,34,0.0003823529411764706,0.0003823529411764706,0.0003823529411764706,2,2,0.058823529411764705,0.058823529411764705,False
ecb,rgdp,real_gdp_yoy,2020,2,,2020Q4,rolling_1y,1.0,,TN15_0|FN15_0TN13_1|FN13_0TN11_1|FN11_0TN9_1|FN9_0TN7_1|FN7_0TN5_1|FN5_0TN3_1|FN3_0TN1_1|FN1_0TN0_6|FN0_5TN0_1|F0_0T0_4|F0_5T0_9|F1_0T1_4|F1_5T1_9|F2_0T2_4|F2_5T2_9|F3_0T3_4|F3_5T3_9|F4_0T5_9|F6_0T7_9|F8_0T9_9|F10_0,3.0,34,0.013883334639911767,0.013883334639911767,0.013883334639911767,6,6,0.17647058823529413,0.17647058823529413,False
ecb,rgdp,real_gdp_yoy,2020,2,,2020Q4,rolling_1y,1.0,,TN15_0|FN15_0TN13_1|FN13_0TN11_1|FN11_0TN9_1|FN9_0TN7_1|FN7_0TN5_1|FN5_0TN3_1|FN3_0TN1_1|FN1_0TN0_6|FN0_5TN0_1|F0_0T0_4|F0_5T0_9|F1_0T1_4|F1_5T1_9|F2_0T2_4|F2_5T2_9|F3_0T3_4|F3_5T3_9|F4_0T5_9|F6_0T7_9|F8_0T9_9|F10_0,4.0,34,0.00014711591102941178,0.00014711591102941178,0.00014711591102941178,3,3,0.08823529411764706,0.08823529411764706,False
ecb,rgdp,real_gdp_yoy,2020,2,,2020Q4,rolling_1y,1.0,,TN15_0|FN15_0TN13_1|FN13_0TN11_1|FN11_0TN9_1|FN9_0TN7_1|FN7_0TN5_1|FN5_0TN3_1|FN3_0TN1_1|FN1_0TN0_6|FN0_5TN0_1|F0_0T0_4|F0_5T0_9|F1_0T1_4|F1_5T1_9|F2_0T2_4|F2_5T2_9|F3_0T3_4|F3_5T3_9|F4_0T5_9|F6_0T7_9|F8_0T9_9|F10_0,5.0,34,2.9414293294117647e-05,0.00014711591102941178,8.826510216176472e-05,2,3,0.058823529411764705,0.08823529411764706,False
ecb,rgdp,real_gdp_yoy,2020,2,,2020Q4,rolling_1y,1.0,,TN15_0|FN15_0TN13_1|FN13_0TN11_1|FN11_0TN9_1|FN9_0TN7_1|FN7_0TN5_1|FN5_0TN3_1|FN3_0TN1_1|FN1_0TN0_6|FN0_5TN0_1|F0_0T0_4|F0_5T0_9|F1_0T1_4|F1_5T1_9|F2_0T2_4|F2_5T2_9|F3_0T3_4|F3_5T3_9|F4_0T5_9|F6_0T7_9|F8_0T9_9|F10_0,10.0,34,1.6470588235294116e-12,1.6470588235294116e-12,1.6470588235294116e-12,1,1,0.029411764705882353,0.029411764705882353,False
ecb,rgdp,real_gdp_yoy,2020,2,,2021Q4,rolling_2y,2.0,,TN15_0|FN15_0TN13_1|FN13_0TN11_1|FN11_0TN9_1|FN9_0TN7_1|FN7_0TN5_1|FN5_0TN3_1|FN3_0TN1_1|FN1_0TN0_6|FN0_5TN0_1|F0_0T0_4|F0_5T0_9|F1_0T1_4|F1_5T1_9|F2_0T2_4|F2_5T2_9|F3_0T3_4|F3_5T3_9|F4_0T5_9|F6_0T7_9|F8_0T9_9|F10_0,3.0,34,0.3334247229130882,0.3334247229130882,0.3334247229130882,28,28,0.8235294117647058,0.8235294117647058,False
ecb,rgdp,real_gdp_yoy,2020,2,,2021Q4,rolling_2y,2.0,,TN15_0|FN15_0TN13_1|FN13_0TN11_1|FN11_0TN9_1|FN9_0TN7_1|FN7_0TN5_1|FN5_0TN3_1|FN3_0TN1_1|FN1_0TN0_6|FN0_5TN0_1|F0_0T0_4|F0_5T0_9|F1_0T1_4|F1_5T1_9|F2_0T2_4|F2_5T2_9|F3_0T3_4|F3_5T3_9|F4_0T5_9|F6_0T7_9|F8_0T9_9|F10_0,4.0,34,0.13101394982064707,0.13101394982064707,0.13101394982064704,16,16,0.47058823529411764,0.47058823529411764,False
ecb,rgdp,real_gdp_yoy,2020,2,,2021Q4,rolling_2y,2.0,,TN15_0|FN15_0TN13_1|FN13_0TN11_1|FN11_0TN9_1|FN9_0TN7_1|FN7_0TN5_1|FN5_0TN3_1|FN3_0TN1_1|FN1_0TN0_6|FN0_5TN0_1|F0_0T0_4|F0_5T0_9|F1_0T1_4|F1_5T1_9|F2_0T2_4|F2_5T2_9|F3_0T3_4|F3_5T3_9|F4_0T5_9|F6_0T7_9|F8_0T9_9|F10_0,5.0,34,0.057453190600676475,0.13101394982064707,0.09423357021066175,12,16,0.35294117647058826,0.47058823529411764,False
ecb,rgdp,real_gdp_yoy,2020,2,,2021Q4,rolling_2y,2.0,,TN15_0|FN15_0TN13_1|FN13_0TN11_1|FN11_0TN9_1|FN9_0TN7_1|FN7_0TN5_1|FN5_0TN3_1|FN3_0TN1_1|FN1_0TN0_6|FN0_5TN0_1|F0_0T0_4|F0_5T0_9|F1_0T1_4|F1_5T1_9|F2_0T2_4|F2_5T2_9|F3_0T3_4|F3_5T3_9|F4_0T5_9|F6_0T7_9|F8_0T9_9|F10_0,10.0,34,0.009387985441617648,0.009387985441617648,0.009387985441617648,7,7,0.20588235294117646,0.20588235294117646,False
ecb,rgdp,real_gdp_yoy,2020,3,2020,2020,current_year,0.0,,TN15_0|FN15_0TN13_1|FN13_0TN11_1|FN11_0TN9_1|FN9_0TN7_1|FN7_0TN5_1|FN5_0TN3_1|FN3_0TN1_1|FN1_0TN0_6|FN0_5TN0_1|F0_0T0_4|F0_5T0_9|F1_0T1_4|F1_5T1_9|F2_0T2_4|F2_5T2_9|F3_0T3_4|F3_5T3_9|F4_0T5_9|F6_0T7_9|F8_0T9_9|F10_0,3.0,46,4.7130869565217394e-09,4.7130869565217394e-09,4.71308695652174e-09,2,2,0.043478260869565216,0.043478260869565216,False
ecb,rgdp,real_gdp_yoy,2020,3,2020,2020,current_year,0.0,,TN15_0|FN15_0TN13_1|FN13_0TN11_1|FN11_0TN9_1|FN9_0TN7_1|FN7_0TN5_1|FN5_0TN3_1|FN3_0TN1_1|FN1_0TN0_6|FN0_5TN0_1|F0_0T0_4|F0_5T0_9|F1_0T1_4|F1_5T1_9|F2_0T2_4|F2_5T2_9|F3_0T3_4|F3_5T3_9|F4_0T5_9|F6_0T7_9|F8_0T9_9|F10_0,4.0,46,6.710869565217391e-11,6.710869565217391e-11,6.710869565217391e-11,2,2,0.043478260869565216,0.043478260869565216,False
ecb,rgdp,real_gdp_yoy,2020,3,2020,2020,current_year,0.0,,TN15_0|FN15_0TN13_1|FN13_0TN11_1|FN11_0TN9_1|FN9_0TN7_1|FN7_0TN5_1|FN5_0TN3_1|FN3_0TN1_1|FN1_0TN0_6|FN0_5TN0_1|F0_0T0_4|F0_5T0_9|F1_0T1_4|F1_5T1_9|F2_0T2_4|F2_5T2_9|F3_0T3_4|F3_5T3_9|F4_0T5_9|F6_0T7_9|F8_0T9_9|F10_0,5.0,46,0.0,6.710869565217391e-11,3.3554347826086956e-11,0,2,0.0,0.043478260869565216,False
ecb,rgdp,real_gdp_yoy,2020,3,2020,2020,current_year,0.0,,TN15_0|FN15_0TN13_1|FN13_0TN11_1|FN11_0TN9_1|FN9_0TN7_1|FN7_0TN5_1|FN5_0TN3_1|FN3_0TN1_1|FN1_0TN0_6|FN0_5TN0_1|F0_0T0_4|F0_5T0_9|F1_0T1_4|F1_5T1_9|F2_0T2_4|F2_5T2_9|F3_0T3_4|F3_5T3_9|F4_0T5_9|F6_0T7_9|F8_0T9_9|F10_0,10.0,46,0.0,0.0,0.0,0,0,0.0,0.0,False
ecb,rgdp,real_gdp_yoy,2020,3,2021,2021,next_year,1.0,,TN15_0|FN15_0TN13_1|FN13_0TN11_1|FN11_0TN9_1|FN9_0TN7_1|FN7_0TN5_1|FN5_0TN3_1|FN3_0TN1_1|FN1_0TN0_6|FN0_5TN0_1|F0_0T0_4|F0_5T0_9|F1_0T1_4|F1_5T1_9|F2_0T2_4|F2_5T2_9|F3_0T3_4|F3_5T3_9|F4_0T5_9|F6_0T7_9|F8_0T9_9|F10_0,3.0,46,0.8760718520048695,0.8760718520048695,0.8760718520048695,46,46,1.0,1.0,False
ecb,rgdp,real_gdp_yoy,2020,3,2021,2021,next_year,1.0,,TN15_0|FN15_0TN13_1|FN13_0TN11_1|FN11_0TN9_1|FN9_0TN7_1|FN7_0TN5_1|FN5_0TN3_1|FN3_0TN1_1|FN1_0TN0_6|FN0_5TN0_1|F0_0T0_4|F0_5T0_9|F1_0T1_4|F1_5T1_9|F2_0T2_4|F2_5T2_9|F3_0T3_4|F3_5T3_9|F4_0T5_9|F6_0T7_9|F8_0T9_9|F10_0,4.0,46,0.6175366752300652,0.6175366752300652,0.6175366752300652,45,45,0.9782608695652174,0.9782608695652174,False
ecb,rgdp,real_gdp_yoy,2020,3,2021,2021,next_year,1.0,,TN15_0|FN15_0TN13_1|FN13_0TN11_1|FN11_0TN9_1|FN9_0TN7_1|FN7_0TN5_1|FN5_0TN3_1|FN3_0TN1_1|FN1_0TN0_6|FN0_5TN0_1|F0_0T0_4|F0_5T0_9|F1_0T1_4|F1_5T1_9|F2_0T2_4|F2_5T2_9|F3_0T3_4|F3_5T3_9|F4_0T5_9|F6_0T7_9|F8_0T9_9|F10_0,5.0,46,0.32449301095426086,0.6175366752300652,0.47101484309216307,40,45,0.8695652173913043,0.9782608695652174,False
ecb,rgdp,real_gdp_yoy,2020,3,2021,2021,next_year,1.0,,TN15_0|FN15_0TN13_1|FN13_0TN11_1|FN11_0TN9_1|FN9_0TN7_1|FN7_0TN5_1|FN5_0TN3_1|FN3_0TN1_1|FN1_0TN0_6|FN0_5TN0_1|F0_0T0_4|F0_5T0_9|F1_0T1_4|F1_5T1_9|F2_0T2_4|F2_5T2_9|F3_0T3_4|F3_5T3_9|F4_0T5_9|F6_0T7_9|F8_0T9_9|F10_0,10.0,46,0.02863489707904348,0.02863489707904348,0.02863489707904348,18,18,0.391304347826087,0.391304347826087,False
ecb,rgdp,real_gdp_yoy,2020,3,2022,2022,year_after_next,2.0,,TN15_0|FN15_0TN13_1|FN13_0TN11_1|FN11_0TN9_1|FN9_0TN7_1|FN7_0TN5_1|FN5_0TN3_1|FN3_0TN1_1|FN1_0TN0_6|FN0_5TN0_1|F0_0T0_4|F0_5T0_9|F1_0T1_4|F1_5T1_9|F2_0T2_4|F2_5T2_9|F3_0T3_4|F3_5T3_9|F4_0T5_9|F6_0T7_9|F8_0T9_9|F10_0,3.0,36,0.21417980651452778,0.21417980651452778,0.2141798065145278,27,27,0.75,0.75,False
ecb,rgdp,real_gdp_yoy,2020,3,2022,2022,year_after_next,2.0,,TN15_0|FN15_0TN13_1|FN13_0TN11_1|FN11_0TN9_1|FN9_0TN7_1|FN7_0TN5_1|FN5_0TN3_1|FN3_0TN1_1|FN1_0TN0_6|FN0_5TN0_1|F0_0T0_4|F0_5T0_9|F1_0T1_4|F1_5T1_9|F2_0T2_4|F2_5T2_9|F3_0T3_4|F3_5T3_9|F4_0T5_9|F6_0T7_9|F8_0T9_9|F10_0,4.0,36,0.05547398443872223,0.05547398443872223,0.05547398443872222,15,15,0.4166666666666667,0.4166666666666667,False
ecb,rgdp,real_gdp_yoy,2020,3,2022,2022,year_after_next,2.0,,TN15_0|FN15_0TN13_1|FN13_0TN11_1|FN11_0TN9_1|FN9_0TN7_1|FN7_0TN5_1|FN5_0TN3_1|FN3_0TN1_1|FN1_0TN0_6|FN0_5TN0_1|F0_0T0_4|F0_5T0_9|F1_0T1_4|F1_5T1_9|F2_0T2_4|F2_5T2_9|F3_0T3_4|F3_5T3_9|F4_0T5_9|F6_0T7_9|F8_0T9_9|F10_0,5.0,36,0.028020194215166674,0.05547398443872223,0.04174708932694444,9,15,0.25,0.4166666666666667,False
ecb,rgdp,real_gdp_yoy,2020,3,2022,2022,year_after_next,2.0,,TN15_0|FN15_0TN13_1|FN13_0TN11_1|FN11_0TN9_1|FN9_0TN7_1|FN7_0TN5_1|FN5_0TN3_1|FN3_0TN1_1|FN1_0TN0_6|FN0_5TN0_1|F0_0T0_4|F0_5T0_9|F1_0T1_4|F1_5T1_9|F2_0T2_4|F2_5T2_9|F3_0T3_4|F3_5T3_9|F4_0T5_9|F6_0T7_9|F8_0T9_9|F10_0,10.0,36,0.0017475498070833333,0.0017475498070833333,0.0017475498070833333,2,2,0.05555555555555555,0.05555555555555555,False
ecb,rgdp,real_gdp_yoy,2020,3,2025,2025,longer_term,5.0,,TN15_0|FN15_0TN13_1|FN13_0TN11_1|FN11_0TN9_1|FN9_0TN7_1|FN7_0TN5_1|FN5_0TN3_1|FN3_0TN1_1|FN1_0TN0_6|FN0_5TN0_1|F0_0T0_4|F0_5T0_9|F1_0T1_4|F1_5T1_9|F2_0T2_4|F2_5T2_9|F3_0T3_4|F3_5T3_9|F4_0T5_9|F6_0T7_9|F8_0T9_9|F10_0,3.0,32,0.04284504821084375,0.04284504821084375,0.042845048210843756,17,17,0.53125,0.53125,False
ecb,rgdp,real_gdp_yoy,2020,3,2025,2025,longer_term,5.0,,TN15_0|FN15_0TN13_1|FN13_0TN11_1|FN11_0TN9_1|FN9_0TN7_1|FN7_0TN5_1|FN5_0TN3_1|FN3_0TN1_1|FN1_0TN0_6|FN0_5TN0_1|F0_0T0_4|F0_5T0_9|F1_0T1_4|F1_5T1_9|F2_0T2_4|F2_5T2_9|F3_0T3_4|F3_5T3_9|F4_0T5_9|F6_0T7_9|F8_0T9_9|F10_0,4.0,32,0.00474224798784375,0.00474224798784375,0.00474224798784375,9,9,0.28125,0.28125,False
ecb,rgdp,real_gdp_yoy,2020,3,2025,2025,longer_term,5.0,,TN15_0|FN15_0TN13_1|FN13_0TN11_1|FN11_0TN9_1|FN9_0TN7_1|FN7_0TN5_1|FN5_0TN3_1|FN3_0TN1_1|FN1_0TN0_6|FN0_5TN0_1|F0_0T0_4|F0_5T0_9|F1_0T1_4|F1_5T1_9|F2_0T2_4|F2_5T2_9|F3_0T3_4|F3_5T3_9|F4_0T5_9|F6_0T7_9|F8_0T9_9|F10_0,5.0,32,0.0015626484175,0.00474224798784375,0.0031524482026718753,5,9,0.15625,0.28125,False
ecb,rgdp,real_gdp_yoy,2020,3,2025,2025,longer_term,5.0,,TN15_0|FN15_0TN13_1|FN13_0TN11_1|FN11_0TN9_1|FN9_0TN7_1|FN7_0TN5_1|FN5_0TN3_1|FN3_0TN1_1|FN1_0TN0_6|FN0_5TN0_1|F0_0T0_4|F0_5T0_9|F1_0T1_4|F1_5T1_9|F2_0T2_4|F2_5T2_9|F3_0T3_4|F3_5T3_9|F4_0T5_9|F6_0T7_9|F8_0T9_9|F10_0,10.0,32,0.0003125,0.0003125,0.0003125,1,1,0.03125,0.03125,False
ecb,rgdp,real_gdp_yoy,2020,3,,2021Q1,rolling_1y,1.0,,TN15_0|FN15_0TN13_1|FN13_0TN11_1|FN11_0TN9_1|FN9_0TN7_1|FN7_0TN5_1|FN5_0TN3_1|FN3_0TN1_1|FN1_0TN0_6|FN0_5TN0_1|F0_0T0_4|F0_5T0_9|F1_0T1_4|F1_5T1_9|F2_0T2_4|F2_5T2_9|F3_0T3_4|F3_5T3_9|F4_0T5_9|F6_0T7_9|F8_0T9_9|F10_0,3.0,33,0.09247702287754546,0.09247702287754546,0.09247702287754546,15,15,0.45454545454545453,0.45454545454545453,False
ecb,rgdp,real_gdp_yoy,2020,3,,2021Q1,rolling_1y,1.0,,TN15_0|FN15_0TN13_1|FN13_0TN11_1|FN11_0TN9_1|FN9_0TN7_1|FN7_0TN5_1|FN5_0TN3_1|FN3_0TN1_1|FN1_0TN0_6|FN0_5TN0_1|F0_0T0_4|F0_5T0_9|F1_0T1_4|F1_5T1_9|F2_0T2_4|F2_5T2_9|F3_0T3_4|F3_5T3_9|F4_0T5_9|F6_0T7_9|F8_0T9_9|F10_0,4.0,33,0.053828913568606064,0.053828913568606064,0.053828913568606064,9,9,0.2727272727272727,0.2727272727272727,False
ecb,rgdp,real_gdp_yoy,2020,3,,2021Q1,rolling_1y,1.0,,TN15_0|FN15_0TN13_1|FN13_0TN11_1|FN11_0TN9_1|FN9_0TN7_1|FN7_0TN5_1|FN5_0TN3_1|FN3_0TN1_1|FN1_0TN0_6|FN0_5TN0_1|F0_0T0_4|F0_5T0_9|F1_0T1_4|F1_5T1_9|F2_0T2_4|F2_5T2_9|F3_0T3_4|F3_5T3_9|F4_0T5_9|F6_0T7_9|F8_0T9_9|F10_0,5.0,33,0.027534080899000002,0.053828913568606064,0.04068149723380303,6,9,0.18181818181818182,0.2727272727272727,False
ecb,rgdp,real_gdp_yoy,2020,3,,2021Q1,rolling_1y,1.0,,TN15_0|FN15_0TN13_1|FN13_0TN11_1|FN11_0TN9_1|FN9_0TN7_1|FN7_0TN5_1|FN5_0TN3_1|FN3_0TN1_1|FN1_0TN0_6|FN0_5TN0_1|F0_0T0_4|F0_5T0_9|F1_0T1_4|F1_5T1_9|F2_0T2_4|F2_5T2_9|F3_0T3_4|F3_5T3_9|F4_0T5_9|F6_0T7_9|F8_0T9_9|F10_0,10.0,33,0.0015153968893939394,0.0015153968893939394,0.0015153968893939394,2,2,0.06060606060606061,0.06060606060606061,False
ecb,rgdp,real_gdp_yoy,2020,3,,2022Q1,rolling_2y,2.0,,TN15_0|FN15_0TN13_1|FN13_0TN11_1|FN11_0TN9_1|FN9_0TN7_1|FN7_0TN5_1|FN5_0TN3_1|FN3_0TN1_1|FN1_0TN0_6|FN0_5TN0_1|F0_0T0_4|F0_5T0_9|F1_0T1_4|F1_5T1_9|F2_0T2_4|F2_5T2_9|F3_0T3_4|F3_5T3_9|F4_0T5_9|F6_0T7_9|F8_0T9_9|F10_0,3.0,28,0.4007732963731785,0.4007732963731785,0.4007732963731785,25,25,0.8928571428571429,0.8928571428571429,False
ecb,rgdp,real_gdp_yoy,2020,3,,2022Q1,rolling_2y,2.0,,TN15_0|FN15_0TN13_1|FN13_0TN11_1|FN11_0TN9_1|FN9_0TN7_1|FN7_0TN5_1|FN5_0TN3_1|FN3_0TN1_1|FN1_0TN0_6|FN0_5TN0_1|F0_0T0_4|F0_5T0_9|F1_0T1_4|F1_5T1_9|F2_0T2_4|F2_5T2_9|F3_0T3_4|F3_5T3_9|F4_0T5_9|F6_0T7_9|F8_0T9_9|F10_0,4.0,28,0.14996592092217859,0.14996592092217859,0.14996592092217859,20,20,0.7142857142857143,0.7142857142857143,False
ecb,rgdp,real_gdp_yoy,2020,3,,2022Q1,rolling_2y,2.0,,TN15_0|FN15_0TN13_1|FN13_0TN11_1|FN11_0TN9_1|FN9_0TN7_1|FN7_0TN5_1|FN5_0TN3_1|FN3_0TN1_1|FN1_0TN0_6|FN0_5TN0_1|F0_0T0_4|F0_5T0_9|F1_0T1_4|F1_5T1_9|F2_0T2_4|F2_5T2_9|F3_0T3_4|F3_5T3_9|F4_0T5_9|F6_0T7_9|F8_0T9_9|F10_0,5.0,28,0.09710972406457143,0.14996592092217859,0.12353782249337499,17,20,0.6071428571428571,0.7142857142857143,False
ecb,rgdp,real_gdp_yoy,2020,3,,2022Q1,rolling_2y,2.0,,TN15_0|FN15_0TN13_1|FN13_0TN11_1|FN11_0TN9_1|FN9_0TN7_1|FN7_0TN5_1|FN5_0TN3_1|FN3_0TN1_1|FN1_0TN0_6|FN0_5TN0_1|F0_0T0_4|F0_5T0_9|F1_0T1_4|F1_5T1_9|F2_0T2_4|F2_5T2_9|F3_0T3_4|F3_5T3_9|F4_0T5_9|F6_0T7_9|F8_0T9_9|F10_0,10.0,28,0.05378021719914287,0.05378021719914287,0.05378021719914287,4,4,0.14285714285714285,0.14285714285714285,False
ecb,rgdp,real_gdp_yoy,2020,4,2020,2020,current_year,0.0,,TN15_0|FN15_0TN13_1|FN13_0TN11_1|FN11_0TN9_1|FN9_0TN7_1|FN7_0TN5_1|FN5_0TN3_1|FN3_0TN1_1|FN1_0TN0_6|FN0_5TN0_1|F0_0T0_4|F0_5T0_9|F1_0T1_4|F1_5T1_9|F2_0T2_4|F2_5T2_9|F3_0T3_4|F3_5T3_9|F4_0T5_9|F6_0T7_9|F8_0T9_9|F10_0,3.0,54,0.00018899997655555552,0.00018899997655555552,0.00018899997655555552,3,3,0.05555555555555555,0.05555555555555555,False
ecb,rgdp,real_gdp_yoy,2020,4,2020,2020,current_year,0.0,,TN15_0|FN15_0TN13_1|FN13_0TN11_1|FN11_0TN9_1|FN9_0TN7_1|FN7_0TN5_1|FN5_0TN3_1|FN3_0TN1_1|FN1_0TN0_6|FN0_5TN0_1|F0_0T0_4|F0_5T0_9|F1_0T1_4|F1_5T1_9|F2_0T2_4|F2_5T2_9|F3_0T3_4|F3_5T3_9|F4_0T5_9|F6_0T7_9|F8_0T9_9|F10_0,4.0,54,4.6438461018518525e-05,4.6438461018518525e-05,4.6438461018518525e-05,2,2,0.037037037037037035,0.037037037037037035,False
ecb,rgdp,real_gdp_yoy,2020,4,2020,2020,current_year,0.0,,TN15_0|FN15_0TN13_1|FN13_0TN11_1|FN11_0TN9_1|FN9_0TN7_1|FN7_0TN5_1|FN5_0TN3_1|FN3_0TN1_1|FN1_0TN0_6|FN0_5TN0_1|F0_0T0_4|F0_5T0_9|F1_0T1_4|F1_5T1_9|F2_0T2_4|F2_5T2_9|F3_0T3_4|F3_5T3_9|F4_0T5_9|F6_0T7_9|F8_0T9_9|F10_0,5.0,54,0.0,4.6438461018518525e-05,2.3219230509259262e-05,0,2,0.0,0.037037037037037035,False
ecb,rgdp,real_gdp_yoy,2020,4,2020,2020,current_year,0.0,,TN15_0|FN15_0TN13_1|FN13_0TN11_1|FN11_0TN9_1|FN9_0TN7_1|FN7_0TN5_1|FN5_0TN3_1|FN3_0TN1_1|FN1_0TN0_6|FN0_5TN0_1|F0_0T0_4|F0_5T0_9|F1_0T1_4|F1_5T1_9|F2_0T2_4|F2_5T2_9|F3_0T3_4|F3_5T3_9|F4_0T5_9|F6_0T7_9|F8_0T9_9|F10_0,10.0,54,0.0,0.0,0.0,0,0,0.0,0.0,False
ecb,rgdp,real_gdp_yoy,2020,4,2021,2021,next_year,1.0,,TN15_0|FN15_0TN13_1|FN13_0TN11_1|FN11_0TN9_1|FN9_0TN7_1|FN7_0TN5_1|FN5_0TN3_1|FN3_0TN1_1|FN1_0TN0_6|FN0_5TN0_1|F0_0T0_4|F0_5T0_9|F1_0T1_4|F1_5T1_9|F2_0T2_4|F2_5T2_9|F3_0T3_4|F3_5T3_9|F4_0T5_9|F6_0T7_9|F8_0T9_9|F10_0,3.0,54,0.9055020161009815,0.9055020161009815,0.9055020161009815,54,54,1.0,1.0,False
ecb,rgdp,real_gdp_yoy,2020,4,2021,2021,next_year,1.0,,TN15_0|FN15_0TN13_1|FN13_0TN11_1|FN11_0TN9_1|FN9_0TN7_1|FN7_0TN5_1|FN5_0TN3_1|FN3_0TN1_1|FN1_0TN0_6|FN0_5TN0_1|F0_0T0_4|F0_5T0_9|F1_0T1_4|F1_5T1_9|F2_0T2_4|F2_5T2_9|F3_0T3_4|F3_5T3_9|F4_0T5_9|F6_0T7_9|F8_0T9_9|F10_0,4.0,54,0.6646249324512779,0.6646249324512779,0.6646249324512779,53,53,0.9814814814814815,0.9814814814814815,False
ecb,rgdp,real_gdp_yoy,2020,4,2021,2021,next_year,1.0,,TN15_0|FN15_0TN13_1|FN13_0TN11_1|FN11_0TN9_1|FN9_0TN7_1|FN7_0TN5_1|FN5_0TN3_1|FN3_0TN1_1|FN1_0TN0_6|FN0_5TN0_1|F0_0T0_4|F0_5T0_9|F1_0T1_4|F1_5T1_9|F2_0T2_4|F2_5T2_9|F3_0T3_4|F3_5T3_9|F4_0T5_9|F6_0T7_9|F8_0T9_9|F10_0,5.0,54,0.2992554361585742,0.6646249324512779,0.48194018430492586,51,53,0.9444444444444444,0.9814814814814815,False
ecb,rgdp,real_gdp_yoy,2020,4,2021,2021,next_year,1.0,,TN15_0|FN15_0TN13_1|FN13_0TN11_1|FN11_0TN9_1|FN9_0TN7_1|FN7_0TN5_1|FN5_0TN3_1|FN3_0TN1_1|FN1_0TN0_6|FN0_5TN0_1|F0_0T0_4|F0_5T0_9|F1_0T1_4|F1_5T1_9|F2_0T2_4|F2_5T2_9|F3_0T3_4|F3_5T3_9|F4_0T5_9|F6_0T7_9|F8_0T9_9|F10_0,10.0,54,0.0110936056957963,0.0110936056957963,0.0110936056957963,14,14,0.25925925925925924,0.25925925925925924,False
ecb,rgdp,real_gdp_yoy,2020,4,2022,2022,year_after_next,2.0,,TN15_0|FN15_0TN13_1|FN13_0TN11_1|FN11_0TN9_1|FN9_0TN7_1|FN7_0TN5_1|FN5_0TN3_1|FN3_0TN1_1|FN1_0TN0_6|FN0_5TN0_1|F0_0T0_4|F0_5T0_9|F1_0T1_4|F1_5T1_9|F2_0T2_4|F2_5T2_9|F3_0T3_4|F3_5T3_9|F4_0T5_9|F6_0T7_9|F8_0T9_9|F10_0,3.0,50,0.3139492554409,0.3139492554409,0.3139492554409,43,43,0.86,0.86,False
ecb,rgdp,real_gdp_yoy,2020,4,2022,2022,year_after_next,2.0,,TN15_0|FN15_0TN13_1|FN13_0TN11_1|FN11_0TN9_1|FN9_0TN7_1|FN7_0TN5_1|FN5_0TN3_1|FN3_0TN1_1|FN1_0TN0_6|FN0_5TN0_1|F0_0T0_4|F0_5T0_9|F1_0T1_4|F1_5T1_9|F2_0T2_4|F2_5T2_9|F3_0T3_4|F3_5T3_9|F4_0T5_9|F6_0T7_9|F8_0T9_9|F10_0,4.0,50,0.06066793805824,0.06066793805824,0.06066793805824,27,27,0.54,0.54,False
ecb,rgdp,real_gdp_yoy,2020,4,2022,2022,year_after_next,2.0,,TN15_0|FN15_0TN13_1|FN13_0TN11_1|FN11_0TN9_1|FN9_0TN7_1|FN7_0TN5_1|FN5_0TN3_1|FN3_0TN1_1|FN1_0TN0_6|FN0_5TN0_1|F0_0T0_4|F0_5T0_9|F1_0T1_4|F1_5T1_9|F2_0T2_4|F2_5T2_9|F3_0T3_4|F3_5T3_9|F4_0T5_9|F6_0T7_9|F8_0T9_9|F10_0,5.0,50,0.01365157086612,0.06066793805824,0.03715975446218,16,27,0.32,0.54,False
ecb,rgdp,real_gdp_yoy,2020,4,2022,2022,year_after_next,2.0,,TN15_0|FN15_0TN13_1|FN13_0TN11_1|FN11_0TN9_1|FN9_0TN7_1|FN7_0TN5_1|FN5_0TN3_1|FN3_0TN1_1|FN1_0TN0_6|FN0_5TN0_1|F0_0T0_4|F0_5T0_9|F1_0T1_4|F1_5T1_9|F2_0T2_4|F2_5T2_9|F3_0T3_4|F3_5T3_9|F4_0T5_9|F6_0T7_9|F8_0T9_9|F10_0,10.0,50,0.0002,0.0002,0.0002,1,1,0.02,0.02,False
ecb,rgdp,real_gdp_yoy,2020,4,2025,2025,longer_term,5.0,,TN15_0|FN15_0TN13_1|FN13_0TN11_1|FN11_0TN9_1|FN9_0TN7_1|FN7_0TN5_1|FN5_0TN3_1|FN3_0TN1_1|FN1_0TN0_6|FN0_5TN0_1|F0_0T0_4|F0_5T0_9|F1_0T1_4|F1_5T1_9|F2_0T2_4|F2_5T2_9|F3_0T3_4|F3_5T3_9|F4_0T5_9|F6_0T7_9|F8_0T9_9|F10_0,3.0,41,0.034060999341463415,0.034060999341463415,0.034060999341463415,19,19,0.4634146341463415,0.4634146341463415,False
ecb,rgdp,real_gdp_yoy,2020,4,2025,2025,longer_term,5.0,,TN15_0|FN15_0TN13_1|FN13_0TN11_1|FN11_0TN9_1|FN9_0TN7_1|FN7_0TN5_1|FN5_0TN3_1|FN3_0TN1_1|FN1_0TN0_6|FN0_5TN0_1|F0_0T0_4|F0_5T0_9|F1_0T1_4|F1_5T1_9|F2_0T2_4|F2_5T2_9|F3_0T3_4|F3_5T3_9|F4_0T5_9|F6_0T7_9|F8_0T9_9|F10_0,4.0,41,0.004289923119926829,0.004289923119926829,0.004289923119926829,11,11,0.2682926829268293,0.2682926829268293,False
ecb,rgdp,real_gdp_yoy,2020,4,2025,2025,longer_term,5.0,,TN15_0|FN15_0TN13_1|FN13_0TN11_1|FN11_0TN9_1|FN9_0TN7_1|FN7_0TN5_1|FN5_0TN3_1|FN3_0TN1_1|FN1_0TN0_6|FN0_5TN0_1|F0_0T0_4|F0_5T0_9|F1_0T1_4|F1_5T1_9|F2_0T2_4|F2_5T2_9|F3_0T3_4|F3_5T3_9|F4_0T5_9|F6_0T7_9|F8_0T9_9|F10_0,5.0,41,0.0011015853658536585,0.004289923119926829,0.0026957542428902442,5,11,0.12195121951219512,0.2682926829268293,False
ecb,rgdp,real_gdp_yoy,2020,4,2025,2025,longer_term,5.0,,TN15_0|FN15_0TN13_1|FN13_0TN11_1|FN11_0TN9_1|FN9_0TN7_1|FN7_0TN5_1|FN5_0TN3_1|FN3_0TN1_1|FN1_0TN0_6|FN0_5TN0_1|F0_0T0_4|F0_5T0_9|F1_0T1_4|F1_5T1_9|F2_0T2_4|F2_5T2_9|F3_0T3_4|F3_5T3_9|F4_0T5_9|F6_0T7_9|F8_0T9_9|F10_0,10.0,41,0.00024390243902439024,0.00024390243902439024,0.00024390243902439024,1,1,0.024390243902439025,0.024390243902439025,False
ecb,rgdp,real_gdp_yoy,2020,4,,2021Q2,rolling_1y,1.0,,TN15_0|FN15_0TN13_1|FN13_0TN11_1|FN11_0TN9_1|FN9_0TN7_1|FN7_0TN5_1|FN5_0TN3_1|FN3_0TN1_1|FN1_0TN0_6|FN0_5TN0_1|F0_0T0_4|F0_5T0_9|F1_0T1_4|F1_5T1_9|F2_0T2_4|F2_5T2_9|F3_0T3_4|F3_5T3_9|F4_0T5_9|F6_0T7_9|F8_0T9_9|F10_0,3.0,31,0.9825806451612904,0.9825806451612904,0.9825806451612904,31,31,1.0,1.0,False
ecb,rgdp,real_gdp_yoy,2020,4,,2021Q2,rolling_1y,1.0,,TN15_0|FN15_0TN13_1|FN13_0TN11_1|FN11_0TN9_1|FN9_0TN7_1|FN7_0TN5_1|FN5_0TN3_1|FN3_0TN1_1|FN1_0TN0_6|FN0_5TN0_1|F0_0T0_4|F0_5T0_9|F1_0T1_4|F1_5T1_9|F2_0T2_4|F2_5T2_9|F3_0T3_4|F3_5T3_9|F4_0T5_9|F6_0T7_9|F8_0T9_9|F10_0,4.0,31,0.9506451612903226,0.9506451612903226,0.9506451612903226,31,31,1.0,1.0,False
ecb,rgdp,real_gdp_yoy,2020,4,,2021Q2,rolling_1y,1.0,,TN15_0|FN15_0TN13_1|FN13_0TN11_1|FN11_0TN9_1|FN9_0TN7_1|FN7_0TN5_1|FN5_0TN3_1|FN3_0TN1_1|FN1_0TN0_6|FN0_5TN0_1|F0_0T0_4|F0_5T0_9|F1_0T1_4|F1_5T1_9|F2_0T2_4|F2_5T2_9|F3_0T3_4|F3_5T3_9|F4_0T5_9|F6_0T7_9|F8_0T9_9|F10_0,5.0,31,0.8796758064516129,0.9506451612903226,0.9151604838709677,31,31,1.0,1.0,False
ecb,rgdp,real_gdp_yoy,2020,4,,2021Q2,rolling_1y,1.0,,TN15_0|FN15_0TN13_1|FN13_0TN11_1|FN11_0TN9_1|FN9_0TN7_1|FN7_0TN5_1|FN5_0TN3_1|FN3_0TN1_1|FN1_0TN0_6|FN0_5TN0_1|F0_0T0_4|F0_5T0_9|F1_0T1_4|F1_5T1_9|F2_0T2_4|F2_5T2_9|F3_0T3_4|F3_5T3_9|F4_0T5_9|F6_0T7_9|F8_0T9_9|F10_0,10.0,31,0.6362946208903869,0.6362946208903869,0.6362946208903869,29,29,0.9354838709677419,0.9354838709677419,False
ecb,rgdp,real_gdp_yoy,2020,4,,2022Q2,rolling_2y,2.0,,TN15_0|FN15_0TN13_1|FN13_0TN11_1|FN11_0TN9_1|FN9_0TN7_1|FN7_0TN5_1|FN5_0TN3_1|FN3_0TN1_1|FN1_0TN0_6|FN0_5TN0_1|F0_0T0_4|F0_5T0_9|F1_0T1_4|F1_5T1_9|F2_0T2_4|F2_5T2_9|F3_0T3_4|F3_5T3_9|F4_0T5_9|F6_0T7_9|F8_0T9_9|F10_0,3.0,33,0.39200536710521217,0.39200536710521217,0.39200536710521217,29,29,0.8787878787878788,0.8787878787878788,False
ecb,rgdp,real_gdp_yoy,2020,4,,2022Q2,rolling_2y,2.0,,TN15_0|FN15_0TN13_1|FN13_0TN11_1|FN11_0TN9_1|FN9_0TN7_1|FN7_0TN5_1|FN5_0TN3_1|FN3_0TN1_1|FN1_0TN0_6|FN0_5TN0_1|F0_0T0_4|F0_5T0_9|F1_0T1_4|F1_5T1_9|F2_0T2_4|F2_5T2_9|F3_0T3_4|F3_5T3_9|F4_0T5_9|F6_0T7_9|F8_0T9_9|F10_0,4.0,33,0.11333624824075757,0.11333624824075757,0.11333624824075757,23,23,0.696969696969697,0.696969696969697,False
ecb,rgdp,real_gdp_yoy,2020,4,,2022Q2,rolling_2y,2.0,,TN15_0|FN15_0TN13_1|FN13_0TN11_1|FN11_0TN9_1|FN9_0TN7_1|FN7_0TN5_1|FN5_0TN3_1|FN3_0TN1_1|FN1_0TN0_6|FN0_5TN0_1|F0_0T0_4|F0_5T0_9|F1_0T1_4|F1_5T1_9|F2_0T2_4|F2_5T2_9|F3_0T3_4|F3_5T3_9|F4_0T5_9|F6_0T7_9|F8_0T9_9|F10_0,5.0,33,0.03079848534239394,0.11333624824075757,0.07206736679157576,14,23,0.42424242424242425,0.696969696969697,False
ecb,rgdp,real_gdp_yoy,2020,4,,2022Q2,rolling_2y,2.0,,TN15_0|FN15_0TN13_1|FN13_0TN11_1|FN11_0TN9_1|FN9_0TN7_1|FN7_0TN5_1|FN5_0TN3_1|FN3_0TN1_1|FN1_0TN0_6|FN0_5TN0_1|F0_0T0_4|F0_5T0_9|F1_0T1_4|F1_5T1_9|F2_0T2_4|F2_5T2_9|F3_0T3_4|F3_5T3_9|F4_0T5_9|F6_0T7_9|F8_0T9_9|F10_0,10.0,33,0.0,0.0,0.0,0,0,0.0,0.0,False
ecb,rgdp,real_gdp_yoy,2021,1,2021,2021,current_year,0.0,,TN1_0|FN1_0TN0_6|FN0_5TN0_1|F0_0T0_4|F0_5T0_9|F1_0T1_4|F1_5T1_9|F2_0T2_4|F2_5T2_9|F3_0T3_4|F3_5T3_9|F4_0T5_9|F6_0T7_9|F8_0T9_9|F10_0,3.0,52,0.8508336417519616,0.8508336417519616,0.8508336417519616,52,52,1.0,1.0,False
ecb,rgdp,real_gdp_yoy,2021,1,2021,2021,current_year,0.0,,TN1_0|FN1_0TN0_6|FN0_5TN0_1|F0_0T0_4|F0_5T0_9|F1_0T1_4|F1_5T1_9|F2_0T2_4|F2_5T2_9|F3_0T3_4|F3_5T3_9|F4_0T5_9|F6_0T7_9|F8_0T9_9|F10_0,4.0,52,0.48126763614734613,0.48126763614734613,0.4812676361473462,51,51,0.9807692307692307,0.9807692307692307,False
ecb,rgdp,real_gdp_yoy,2021,1,2021,2021,current_year,0.0,,TN1_0|FN1_0TN0_6|FN0_5TN0_1|F0_0T0_4|F0_5T0_9|F1_0T1_4|F1_5T1_9|F2_0T2_4|F2_5T2_9|F3_0T3_4|F3_5T3_9|F4_0T5_9|F6_0T7_9|F8_0T9_9|F10_0,5.0,52,0.13801765673507693,0.48126763614734613,0.30964264644121153,39,51,0.75,0.9807692307692307,False
ecb,rgdp,real_gdp_yoy,2021,1,2021,2021,current_year,0.0,,TN1_0|FN1_0TN0_6|FN0_5TN0_1|F0_0T0_4|F0_5T0_9|F1_0T1_4|F1_5T1_9|F2_0T2_4|F2_5T2_9|F3_0T3_4|F3_5T3_9|F4_0T5_9|F6_0T7_9|F8_0T9_9|F10_0,10.0,52,0.0029401001201153844,0.0029401001201153844,0.0029401001201153844,8,8,0.15384615384615385,0.15384615384615385,False
ecb,rgdp,real_gdp_yoy,2021,1,2022,2022,next_year,1.0,,TN1_0|FN1_0TN0_6|FN0_5TN0_1|F0_0T0_4|F0_5T0_9|F1_0T1_4|F1_5T1_9|F2_0T2_4|F2_5T2_9|F3_0T3_4|F3_5T3_9|F4_0T5_9|F6_0T7_9|F8_0T9_9|F10_0,3.0,50,0.6369677308813799,0.6369677308813799,0.6369677308813799,49,49,0.98,0.98,False
ecb,rgdp,real_gdp_yoy,2021,1,2022,2022,next_year,1.0,,TN1_0|FN1_0TN0_6|FN0_5TN0_1|F0_0T0_4|F0_5T0_9|F1_0T1_4|F1_5T1_9|F2_0T2_4|F2_5T2_9|F3_0T3_4|F3_5T3_9|F4_0T5_9|F6_0T7_9|F8_0T9_9|F10_0,4.0,50,0.29272557946960004,0.29272557946960004,0.29272557946960004,43,43,0.86,0.86,False
ecb,rgdp,real_gdp_yoy,2021,1,2022,2022,next_year,1.0,,TN1_0|FN1_0TN0_6|FN0_5TN0_1|F0_0T0_4|F0_5T0_9|F1_0T1_4|F1_5T1_9|F2_0T2_4|F2_5T2_9|F3_0T3_4|F3_5T3_9|F4_0T5_9|F6_0T7_9|F8_0T9_9|F10_0,5.0,50,0.0787876282012,0.29272557946960004,0.18575660383540002,28,43,0.56,0.86,False
ecb,rgdp,real_gdp_yoy,2021,1,2022,2022,next_year,1.0,,TN1_0|FN1_0TN0_6|FN0_5TN0_1|F0_0T0_4|F0_5T0_9|F1_0T1_4|F1_5T1_9|F2_0T2_4|F2_5T2_9|F3_0T3_4|F3_5T3_9|F4_0T5_9|F6_0T7_9|F8_0T9_9|F10_0,10.0,50,0.005396509037920001,0.005396509037920001,0.005396509037920001,10,10,0.2,0.2,False
ecb,rgdp,real_gdp_yoy,2021,1,2023,2023,year_after_next,2.0,,TN1_0|FN1_0TN0_6|FN0_5TN0_1|F0_0T0_4|F0_5T0_9|F1_0T1_4|F1_5T1_9|F2_0T2_4|F2_5T2_9|F3_0T3_4|F3_5T3_9|F4_0T5_9|F6_0T7_9|F8_0T9_9|F10_0,3.0,39,0.11209577132920512,0.11209577132920512,0.11209577132920512,28,28,0.717948717948718,0.717948717948718,False
ecb,rgdp,real_gdp_yoy,2021,1,2023,2023,year_after_next,2.0,,TN1_0|FN1_0TN0_6|FN0_5TN0_1|F0_0T0_4|F0_5T0_9|F1_0T1_4|F1_5T1_9|F2_0T2_4|F2_5T2_9|F3_0T3_4|F3_5T3_9|F4_0T5_9|F6_0T7_9|F8_0T9_9|F10_0,4.0,39,0.013985073306897435,0.013985073306897435,0.013985073306897435,13,13,0.3333333333333333,0.3333333333333333,False
ecb,rgdp,real_gdp_yoy,2021,1,2023,2023,year_after_next,2.0,,TN1_0|FN1_0TN0_6|FN0_5TN0_1|F0_0T0_4|F0_5T0_9|F1_0T1_4|F1_5T1_9|F2_0T2_4|F2_5T2_9|F3_0T3_4|F3_5T3_9|F4_0T5_9|F6_0T7_9|F8_0T9_9|F10_0,5.0,39,0.003641210706,0.013985073306897435,0.008813142006448718,7,13,0.1794871794871795,0.3333333333333333,False
ecb,rgdp,real_gdp_yoy,2021,1,2023,2023,year_after_next,2.0,,TN1_0|FN1_0TN0_6|FN0_5TN0_1|F0_0T0_4|F0_5T0_9|F1_0T1_4|F1_5T1_9|F2_0T2_4|F2_5T2_9|F3_0T3_4|F3_5T3_9|F4_0T5_9|F6_0T7_9|F8_0T9_9|F10_0,10.0,39,0.00038461539948717944,0.00038461539948717944,0.00038461539948717944,4,4,0.10256410256410256,0.10256410256410256,False
ecb,rgdp,real_gdp_yoy,2021,1,2025,2025,longer_term,4.0,,TN1_0|FN1_0TN0_6|FN0_5TN0_1|F0_0T0_4|F0_5T0_9|F1_0T1_4|F1_5T1_9|F2_0T2_4|F2_5T2_9|F3_0T3_4|F3_5T3_9|F4_0T5_9|F6_0T7_9|F8_0T9_9|F10_0,3.0,36,0.03875583639872223,0.03875583639872223,0.03875583639872223,18,18,0.5,0.5,False
ecb,rgdp,real_gdp_yoy,2021,1,2025,2025,longer_term,4.0,,TN1_0|FN1_0TN0_6|FN0_5TN0_1|F0_0T0_4|F0_5T0_9|F1_0T1_4|F1_5T1_9|F2_0T2_4|F2_5T2_9|F3_0T3_4|F3_5T3_9|F4_0T5_9|F6_0T7_9|F8_0T9_9|F10_0,4.0,36,0.006080389195194445,0.006080389195194445,0.006080389195194445,11,11,0.3055555555555556,0.3055555555555556,False
ecb,rgdp,real_gdp_yoy,2021,1,2025,2025,longer_term,4.0,,TN1_0|FN1_0TN0_6|FN0_5TN0_1|F0_0T0_4|F0_5T0_9|F1_0T1_4|F1_5T1_9|F2_0T2_4|F2_5T2_9|F3_0T3_4|F3_5T3_9|F4_0T5_9|F6_0T7_9|F8_0T9_9|F10_0,5.0,36,0.0016709745045000001,0.006080389195194445,0.0038756818498472223,4,11,0.1111111111111111,0.3055555555555556,False
ecb,rgdp,real_gdp_yoy,2021,1,2025,2025,longer_term,4.0,,TN1_0|FN1_0TN0_6|FN0_5TN0_1|F0_0T0_4|F0_5T0_9|F1_0T1_4|F1_5T1_9|F2_0T2_4|F2_5T2_9|F3_0T3_4|F3_5T3_9|F4_0T5_9|F6_0T7_9|F8_0T9_9|F10_0,10.0,36,0.0002777777777777778,0.0002777777777777778,0.0002777777777777778,1,1,0.027777777777777776,0.027777777777777776,False
ecb,rgdp,real_gdp_yoy,2021,1,,2021Q3,rolling_1y,1.0,,TN1_0|FN1_0TN0_6|FN0_5TN0_1|F0_0T0_4|F0_5T0_9|F1_0T1_4|F1_5T1_9|F2_0T2_4|F2_5T2_9|F3_0T3_4|F3_5T3_9|F4_0T5_9|F6_0T7_9|F8_0T9_9|F10_0,3.0,40,0.410327695608175,0.410327695608175,0.410327695608175,35,35,0.875,0.875,False
ecb,rgdp,real_gdp_yoy,2021,1,,2021Q3,rolling_1y,1.0,,TN1_0|FN1_0TN0_6|FN0_5TN0_1|F0_0T0_4|F0_5T0_9|F1_0T1_4|F1_5T1_9|F2_0T2_4|F2_5T2_9|F3_0T3_4|F3_5T3_9|F4_0T5_9|F6_0T7_9|F8_0T9_9|F10_0,4.0,40,0.147472358756525,0.147472358756525,0.147472358756525,27,27,0.675,0.675,False
ecb,rgdp,real_gdp_yoy,2021,1,,2021Q3,rolling_1y,1.0,,TN1_0|FN1_0TN0_6|FN0_5TN0_1|F0_0T0_4|F0_5T0_9|F1_0T1_4|F1_5T1_9|F2_0T2_4|F2_5T2_9|F3_0T3_4|F3_5T3_9|F4_0T5_9|F6_0T7_9|F8_0T9_9|F10_0,5.0,40,0.04441455160215001,0.147472358756525,0.09594345517933751,19,27,0.475,0.675,False
ecb,rgdp,real_gdp_yoy,2021,1,,2021Q3,rolling_1y,1.0,,TN1_0|FN1_0TN0_6|FN0_5TN0_1|F0_0T0_4|F0_5T0_9|F1_0T1_4|F1_5T1_9|F2_0T2_4|F2_5T2_9|F3_0T3_4|F3_5T3_9|F4_0T5_9|F6_0T7_9|F8_0T9_9|F10_0,10.0,40,0.003922052058049999,0.003922052058049999,0.003922052058049999,8,8,0.2,0.2,False
ecb,rgdp,real_gdp_yoy,2021,1,,2022Q3,rolling_2y,2.0,,TN1_0|FN1_0TN0_6|FN0_5TN0_1|F0_0T0_4|F0_5T0_9|F1_0T1_4|F1_5T1_9|F2_0T2_4|F2_5T2_9|F3_0T3_4|F3_5T3_9|F4_0T5_9|F6_0T7_9|F8_0T9_9|F10_0,3.0,38,0.39098512934607893,0.39098512934607893,0.39098512934607893,35,35,0.9210526315789473,0.9210526315789473,False
ecb,rgdp,real_gdp_yoy,2021,1,,2022Q3,rolling_2y,2.0,,TN1_0|FN1_0TN0_6|FN0_5TN0_1|F0_0T0_4|F0_5T0_9|F1_0T1_4|F1_5T1_9|F2_0T2_4|F2_5T2_9|F3_0T3_4|F3_5T3_9|F4_0T5_9|F6_0T7_9|F8_0T9_9|F10_0,4.0,38,0.13176092203323683,0.13176092203323683,0.13176092203323683,25,25,0.6578947368421053,0.6578947368421053,False
ecb,rgdp,real_gdp_yoy,2021,1,,2022Q3,rolling_2y,2.0,,TN1_0|FN1_0TN0_6|FN0_5TN0_1|F0_0T0_4|F0_5T0_9|F1_0T1_4|F1_5T1_9|F2_0T2_4|F2_5T2_9|F3_0T3_4|F3_5T3_9|F4_0T5_9|F6_0T7_9|F8_0T9_9|F10_0,5.0,38,0.0419355175546579,0.13176092203323683,0.08684821979394737,20,25,0.5263157894736842,0.6578947368421053,False
ecb,rgdp,real_gdp_yoy,2021,1,,2022Q3,rolling_2y,2.0,,TN1_0|FN1_0TN0_6|FN0_5TN0_1|F0_0T0_4|F0_5T0_9|F1_0T1_4|F1_5T1_9|F2_0T2_4|F2_5T2_9|F3_0T3_4|F3_5T3_9|F4_0T5_9|F6_0T7_9|F8_0T9_9|F10_0,10.0,38,0.0034752942397894733,0.0034752942397894733,0.0034752942397894733,8,8,0.21052631578947367,0.21052631578947367,False
ecb,rgdp,real_gdp_yoy,2021,2,2021,2021,current_year,0.0,,TN1_0|FN1_0TN0_6|FN0_5TN0_1|F0_0T0_4|F0_5T0_9|F1_0T1_4|F1_5T1_9|F2_0T2_4|F2_5T2_9|F3_0T3_4|F3_5T3_9|F4_0T5_9|F6_0T7_9|F8_0T9_9|F10_0,3.0,53,0.8882783045269057,0.8882783045269057,0.8882783045269057,53,53,1.0,1.0,False
ecb,rgdp,real_gdp_yoy,2021,2,2021,2021,current_year,0.0,,TN1_0|FN1_0TN0_6|FN0_5TN0_1|F0_0T0_4|F0_5T0_9|F1_0T1_4|F1_5T1_9|F2_0T2_4|F2_5T2_9|F3_0T3_4|F3_5T3_9|F4_0T5_9|F6_0T7_9|F8_0T9_9|F10_0,4.0,53,0.48426899427426406,0.48426899427426406,0.48426899427426406,53,53,1.0,1.0,False
ecb,rgdp,real_gdp_yoy,2021,2,2021,2021,current_year,0.0,,TN1_0|FN1_0TN0_6|FN0_5TN0_1|F0_0T0_4|F0_5T0_9|F1_0T1_4|F1_5T1_9|F2_0T2_4|F2_5T2_9|F3_0T3_4|F3_5T3_9|F4_0T5_9|F6_0T7_9|F8_0T9_9|F10_0,5.0,53,0.0959578849548302,0.48426899427426406,0.29011343961454716,37,53,0.6981132075471698,1.0,False
ecb,rgdp,real_gdp_yoy,2021,2,2021,2021,current_year,0.0,,TN1_0|FN1_0TN0_6|FN0_5TN0_1|F0_0T0_4|F0_5T0_9|F1_0T1_4|F1_5T1_9|F2_0T2_4|F2_5T2_9|F3_0T3_4|F3_5T3_9|F4_0T5_9|F6_0T7_9|F8_0T9_9|F10_0,10.0,53,0.00290700278509434,0.00290700278509434,0.00290700278509434,9,9,0.16981132075471697,0.16981132075471697,False
ecb,rgdp,real_gdp_yoy,2021,2,2022,2022,next_year,1.0,,TN1_0|FN1_0TN0_6|FN0_5TN0_1|F0_0T0_4|F0_5T0_9|F1_0T1_4|F1_5T1_9|F2_0T2_4|F2_5T2_9|F3_0T3_4|F3_5T3_9|F4_0T5_9|F6_0T7_9|F8_0T9_9|F10_0,3.0,51,0.8007428908225099,0.8007428908225099,0.8007428908225099,51,51,1.0,1.0,False
ecb,rgdp,real_gdp_yoy,2021,2,2022,2022,next_year,1.0,,TN1_0|FN1_0TN0_6|FN0_5TN0_1|F0_0T0_4|F0_5T0_9|F1_0T1_4|F1_5T1_9|F2_0T2_4|F2_5T2_9|F3_0T3_4|F3_5T3_9|F4_0T5_9|F6_0T7_9|F8_0T9_9|F10_0,4.0,51,0.38959803956592154,0.38959803956592154,0.38959803956592154,50,50,0.9803921568627451,0.9803921568627451,False
ecb,rgdp,real_gdp_yoy,2021,2,2022,2022,next_year,1.0,,TN1_0|FN1_0TN0_6|FN0_5TN0_1|F0_0T0_4|F0_5T0_9|F1_0T1_4|F1_5T1_9|F2_0T2_4|F2_5T2_9|F3_0T3_4|F3_5T3_9|F4_0T5_9|F6_0T7_9|F8_0T9_9|F10_0,5.0,51,0.08177116023062747,0.38959803956592154,0.23568459989827453,30,50,0.5882352941176471,0.9803921568627451,False
ecb,rgdp,real_gdp_yoy,2021,2,2022,2022,next_year,1.0,,TN1_0|FN1_0TN0_6|FN0_5TN0_1|F0_0T0_4|F0_5T0_9|F1_0T1_4|F1_5T1_9|F2_0T2_4|F2_5T2_9|F3_0T3_4|F3_5T3_9|F4_0T5_9|F6_0T7_9|F8_0T9_9|F10_0,10.0,51,0.0021214031169019608,0.0021214031169019608,0.0021214031169019608,8,8,0.1568627450980392,0.1568627450980392,False
ecb,rgdp,real_gdp_yoy,2021,2,2023,2023,year_after_next,2.0,,TN1_0|FN1_0TN0_6|FN0_5TN0_1|F0_0T0_4|F0_5T0_9|F1_0T1_4|F1_5T1_9|F2_0T2_4|F2_5T2_9|F3_0T3_4|F3_5T3_9|F4_0T5_9|F6_0T7_9|F8_0T9_9|F10_0,3.0,41,0.11086613390485366,0.11086613390485366,0.11086613390485366,29,29,0.7073170731707317,0.7073170731707317,False
ecb,rgdp,real_gdp_yoy,2021,2,2023,2023,year_after_next,2.0,,TN1_0|FN1_0TN0_6|FN0_5TN0_1|F0_0T0_4|F0_5T0_9|F1_0T1_4|F1_5T1_9|F2_0T2_4|F2_5T2_9|F3_0T3_4|F3_5T3_9|F4_0T5_9|F6_0T7_9|F8_0T9_9|F10_0,4.0,41,0.017413031173951217,0.017413031173951217,0.017413031173951217,13,13,0.3170731707317073,0.3170731707317073,False
ecb,rgdp,real_gdp_yoy,2021,2,2023,2023,year_after_next,2.0,,TN1_0|FN1_0TN0_6|FN0_5TN0_1|F0_0T0_4|F0_5T0_9|F1_0T1_4|F1_5T1_9|F2_0T2_4|F2_5T2_9|F3_0T3_4|F3_5T3_9|F4_0T5_9|F6_0T7_9|F8_0T9_9|F10_0,5.0,41,0.0054024972080487805,0.017413031173951217,0.011407764191000001,8,13,0.1951219512195122,0.3170731707317073,False
ecb,rgdp,real_gdp_yoy,2021,2,2023,2023,year_after_next,2.0,,TN1_0|FN1_0TN0_6|FN0_5TN0_1|F0_0T0_4|F0_5T0_9|F1_0T1_4|F1_5T1_9|F2_0T2_4|F2_5T2_9|F3_0T3_4|F3_5T3_9|F4_0T5_9|F6_0T7_9|F8_0T9_9|F10_0,10.0,41,0.0008536585379756097,0.0008536585379756097,0.0008536585379756097,3,3,0.07317073170731707,0.07317073170731707,False
ecb,rgdp,real_gdp_yoy,2021,2,2025,2025,longer_term,4.0,,TN1_0|FN1_0TN0_6|FN0_5TN0_1|F0_0T0_4|F0_5T0_9|F1_0T1_4|F1_5T1_9|F2_0T2_4|F2_5T2_9|F3_0T3_4|F3_5T3_9|F4_0T5_9|F6_0T7_9|F8_0T9_9|F10_0,3.0,41,0.04099212876434147,0.04099212876434147,0.04099212876434147,19,19,0.4634146341463415,0.4634146341463415,False
ecb,rgdp,real_gdp_yoy,2021,2,2025,2025,longer_term,4.0,,TN1_0|FN1_0TN0_6|FN0_5TN0_1|F0_0T0_4|F0_5T0_9|F1_0T1_4|F1_5T1_9|F2_0T2_4|F2_5T2_9|F3_0T3_4|F3_5T3_9|F4_0T5_9|F6_0T7_9|F8_0T9_9|F10_0,4.0,41,0.009952870451073171,0.009952870451073171,0.009952870451073171,10,10,0.24390243902439024,0.24390243902439024,False
ecb,rgdp,real_gdp_yoy,2021,2,2025,2025,longer_term,4.0,,TN1_0|FN1_0TN0_6|FN0_5TN0_1|F0_0T0_4|F0_5T0_9|F1_0T1_4|F1_5T1_9|F2_0T2_4|F2_5T2_9|F3_0T3_4|F3_5T3_9|F4_0T5_9|F6_0T7_9|F8_0T9_9|F10_0,5.0,41,0.0026983241032682926,0.009952870451073171,0.006325597277170732,6,10,0.14634146341463414,0.24390243902439024,False
ecb,rgdp,real_gdp_yoy,2021,2,2025,2025,longer_term,4.0,,TN1_0|FN1_0TN0_6|FN0_5TN0_1|F0_0T0_4|F0_5T0_9|F1_0T1_4|F1_5T1_9|F2_0T2_4|F2_5T2_9|F3_0T3_4|F3_5T3_9|F4_0T5_9|F6_0T7_9|F8_0T9_9|F10_0,10.0,41,0.0002542490442926829,0.0002542490442926829,0.0002542490442926829,2,2,0.04878048780487805,0.04878048780487805,False
ecb,rgdp,real_gdp_yoy,2021,2,,2021Q4,rolling_1y,1.0,,TN1_0|FN1_0TN0_6|FN0_5TN0_1|F0_0T0_4|F0_5T0_9|F1_0T1_4|F1_5T1_9|F2_0T2_4|F2_5T2_9|F3_0T3_4|F3_5T3_9|F4_0T5_9|F6_0T7_9|F8_0T9_9|F10_0,3.0,38,0.7890907937422632,0.7890907937422632,0.7890907937422631,36,36,0.9473684210526315,0.9473684210526315,False
ecb,rgdp,real_gdp_yoy,2021,2,,2021Q4,rolling_1y,1.0,,TN1_0|FN1_0TN0_6|FN0_5TN0_1|F0_0T0_4|F0_5T0_9|F1_0T1_4|F1_5T1_9|F2_0T2_4|F2_5T2_9|F3_0T3_4|F3_5T3_9|F4_0T5_9|F6_0T7_9|F8_0T9_9|F10_0,4.0,38,0.4560315127395526,0.4560315127395526,0.4560315127395526,36,36,0.9473684210526315,0.9473684210526315,False
ecb,rgdp,real_gdp_yoy,2021,2,,2021Q4,rolling_1y,1.0,,TN1_0|FN1_0TN0_6|FN0_5TN0_1|F0_0T0_4|F0_5T0_9|F1_0T1_4|F1_5T1_9|F2_0T2_4|F2_5T2_9|F3_0T3_4|F3_5T3_9|F4_0T5_9|F6_0T7_9|F8_0T9_9|F10_0,5.0,38,0.16262197212042104,0.4560315127395526,0.30932674242998687,29,36,0.7631578947368421,0.9473684210526315,False
ecb,rgdp,real_gdp_yoy,2021,2,,2021Q4,rolling_1y,1.0,,TN1_0|FN1_0TN0_6|FN0_5TN0_1|F0_0T0_4|F0_5T0_9|F1_0T1_4|F1_5T1_9|F2_0T2_4|F2_5T2_9|F3_0T3_4|F3_5T3_9|F4_0T5_9|F6_0T7_9|F8_0T9_9|F10_0,10.0,38,0.009128465886394734,0.009128465886394734,0.009128465886394734,10,10,0.2631578947368421,0.2631578947368421,False
ecb,rgdp,real_gdp_yoy,2021,2,,2022Q4,rolling_2y,2.0,,TN1_0|FN1_0TN0_6|FN0_5TN0_1|F0_0T0_4|F0_5T0_9|F1_0T1_4|F1_5T1_9|F2_0T2_4|F2_5T2_9|F3_0T3_4|F3_5T3_9|F4_0T5_9|F6_0T7_9|F8_0T9_9|F10_0,3.0,37,0.37025535711259455,0.37025535711259455,0.37025535711259455,34,34,0.918918918918919,0.918918918918919,False
ecb,rgdp,real_gdp_yoy,2021,2,,2022Q4,rolling_2y,2.0,,TN1_0|FN1_0TN0_6|FN0_5TN0_1|F0_0T0_4|F0_5T0_9|F1_0T1_4|F1_5T1_9|F2_0T2_4|F2_5T2_9|F3_0T3_4|F3_5T3_9|F4_0T5_9|F6_0T7_9|F8_0T9_9|F10_0,4.0,37,0.11399656708424324,0.11399656708424324,0.11399656708424324,22,22,0.5945945945945946,0.5945945945945946,False
ecb,rgdp,real_gdp_yoy,2021,2,,2022Q4,rolling_2y,2.0,,TN1_0|FN1_0TN0_6|FN0_5TN0_1|F0_0T0_4|F0_5T0_9|F1_0T1_4|F1_5T1_9|F2_0T2_4|F2_5T2_9|F3_0T3_4|F3_5T3_9|F4_0T5_9|F6_0T7_9|F8_0T9_9|F10_0,5.0,37,0.029677329700621622,0.11399656708424324,0.07183694839243242,19,22,0.5135135135135135,0.5945945945945946,False
ecb,rgdp,real_gdp_yoy,2021,2,,2022Q4,rolling_2y,2.0,,TN1_0|FN1_0TN0_6|FN0_5TN0_1|F0_0T0_4|F0_5T0_9|F1_0T1_4|F1_5T1_9|F2_0T2_4|F2_5T2_9|F3_0T3_4|F3_5T3_9|F4_0T5_9|F6_0T7_9|F8_0T9_9|F10_0,10.0,37,0.003829236185891892,0.003829236185891892,0.003829236185891892,8,8,0.21621621621621623,0.21621621621621623,False
ecb,rgdp,real_gdp_yoy,2021,3,2021,2021,current_year,0.0,,TN1_0|FN1_0TN0_6|FN0_5TN0_1|F0_0T0_4|F0_5T0_9|F1_0T1_4|F1_5T1_9|F2_0T2_4|F2_5T2_9|F3_0T3_4|F3_5T3_9|F4_0T5_9|F6_0T7_9|F8_0T9_9|F10_0,3.0,44,0.9441302987382955,0.9441302987382955,0.9441302987382955,44,44,1.0,1.0,False
ecb,rgdp,real_gdp_yoy,2021,3,2021,2021,current_year,0.0,,TN1_0|FN1_0TN0_6|FN0_5TN0_1|F0_0T0_4|F0_5T0_9|F1_0T1_4|F1_5T1_9|F2_0T2_4|F2_5T2_9|F3_0T3_4|F3_5T3_9|F4_0T5_9|F6_0T7_9|F8_0T9_9|F10_0,4.0,44,0.6466684581622727,0.6466684581622727,0.6466684581622727,44,44,1.0,1.0,False
ecb,rgdp,real_gdp_yoy,2021,3,2021,2021,current_year,0.0,,TN1_0|FN1_0TN0_6|FN0_5TN0_1|F0_0T0_4|F0_5T0_9|F1_0T1_4|F1_5T1_9|F2_0T2_4|F2_5T2_9|F3_0T3_4|F3_5T3_9|F4_0T5_9|F6_0T7_9|F8_0T9_9|F10_0,5.0,44,0.12813003231054546,0.6466684581622727,0.3873992452364092,34,44,0.7727272727272727,1.0,False
ecb,rgdp,real_gdp_yoy,2021,3,2021,2021,current_year,0.0,,TN1_0|FN1_0TN0_6|FN0_5TN0_1|F0_0T0_4|F0_5T0_9|F1_0T1_4|F1_5T1_9|F2_0T2_4|F2_5T2_9|F3_0T3_4|F3_5T3_9|F4_0T5_9|F6_0T7_9|F8_0T9_9|F10_0,10.0,44,0.013899768247795456,0.013899768247795456,0.013899768247795456,7,7,0.1590909090909091,0.1590909090909091,False
ecb,rgdp,real_gdp_yoy,2021,3,2022,2022,next_year,1.0,,TN1_0|FN1_0TN0_6|FN0_5TN0_1|F0_0T0_4|F0_5T0_9|F1_0T1_4|F1_5T1_9|F2_0T2_4|F2_5T2_9|F3_0T3_4|F3_5T3_9|F4_0T5_9|F6_0T7_9|F8_0T9_9|F10_0,3.0,44,0.8732577973538865,0.8732577973538865,0.8732577973538866,44,44,1.0,1.0,False
ecb,rgdp,real_gdp_yoy,2021,3,2022,2022,next_year,1.0,,TN1_0|FN1_0TN0_6|FN0_5TN0_1|F0_0T0_4|F0_5T0_9|F1_0T1_4|F1_5T1_9|F2_0T2_4|F2_5T2_9|F3_0T3_4|F3_5T3_9|F4_0T5_9|F6_0T7_9|F8_0T9_9|F10_0,4.0,44,0.5068727174464773,0.5068727174464773,0.5068727174464773,44,44,1.0,1.0,False
ecb,rgdp,real_gdp_yoy,2021,3,2022,2022,next_year,1.0,,TN1_0|FN1_0TN0_6|FN0_5TN0_1|F0_0T0_4|F0_5T0_9|F1_0T1_4|F1_5T1_9|F2_0T2_4|F2_5T2_9|F3_0T3_4|F3_5T3_9|F4_0T5_9|F6_0T7_9|F8_0T9_9|F10_0,5.0,44,0.1317725691470909,0.5068727174464773,0.31932264329678406,30,44,0.6818181818181818,1.0,False
ecb,rgdp,real_gdp_yoy,2021,3,2022,2022,next_year,1.0,,TN1_0|FN1_0TN0_6|FN0_5TN0_1|F0_0T0_4|F0_5T0_9|F1_0T1_4|F1_5T1_9|F2_0T2_4|F2_5T2_9|F3_0T3_4|F3_5T3_9|F4_0T5_9|F6_0T7_9|F8_0T9_9|F10_0,10.0,44,0.02648052958743182,0.02648052958743182,0.02648052958743182,9,9,0.20454545454545456,0.20454545454545456,False
ecb,rgdp,real_gdp_yoy,2021,3,2023,2023,year_after_next,2.0,,TN1_0|FN1_0TN0_6|FN0_5TN0_1|F0_0T0_4|F0_5T0_9|F1_0T1_4|F1_5T1_9|F2_0T2_4|F2_5T2_9|F3_0T3_4|F3_5T3_9|F4_0T5_9|F6_0T7_9|F8_0T9_9|F10_0,3.0,34,0.1599012872144706,0.1599012872144706,0.1599012872144706,27,27,0.7941176470588235,0.7941176470588235,False
ecb,rgdp,real_gdp_yoy,2021,3,2023,2023,year_after_next,2.0,,TN1_0|FN1_0TN0_6|FN0_5TN0_1|F0_0T0_4|F0_5T0_9|F1_0T1_4|F1_5T1_9|F2_0T2_4|F2_5T2_9|F3_0T3_4|F3_5T3_9|F4_0T5_9|F6_0T7_9|F8_0T9_9|F10_0,4.0,34,0.05732092305397059,0.05732092305397059,0.05732092305397059,13,13,0.38235294117647056,0.38235294117647056,False
ecb,rgdp,real_gdp_yoy,2021,3,2023,2023,year_after_next,2.0,,TN1_0|FN1_0TN0_6|FN0_5TN0_1|F0_0T0_4|F0_5T0_9|F1_0T1_4|F1_5T1_9|F2_0T2_4|F2_5T2_9|F3_0T3_4|F3_5T3_9|F4_0T5_9|F6_0T7_9|F8_0T9_9|F10_0,5.0,34,0.019001181681264707,0.05732092305397059,0.038161052367617646,9,13,0.2647058823529412,0.38235294117647056,False
ecb,rgdp,real_gdp_yoy,2021,3,2023,2023,year_after_next,2.0,,TN1_0|FN1_0TN0_6|FN0_5TN0_1|F0_0T0_4|F0_5T0_9|F1_0T1_4|F1_5T1_9|F2_0T2_4|F2_5T2_9|F3_0T3_4|F3_5T3_9|F4_0T5_9|F6_0T7_9|F8_0T9_9|F10_0,10.0,34,0.00014705882379411765,0.00014705882379411765,0.00014705882379411765,2,2,0.058823529411764705,0.058823529411764705,False
ecb,rgdp,real_gdp_yoy,2021,3,2026,2026,longer_term,5.0,,TN1_0|FN1_0TN0_6|FN0_5TN0_1|F0_0T0_4|F0_5T0_9|F1_0T1_4|F1_5T1_9|F2_0T2_4|F2_5T2_9|F3_0T3_4|F3_5T3_9|F4_0T5_9|F6_0T7_9|F8_0T9_9|F10_0,3.0,33,0.0549235918419697,0.0549235918419697,0.054923591841969696,18,18,0.5454545454545454,0.5454545454545454,False
ecb,rgdp,real_gdp_yoy,2021,3,2026,2026,longer_term,5.0,,TN1_0|FN1_0TN0_6|FN0_5TN0_1|F0_0T0_4|F0_5T0_9|F1_0T1_4|F1_5T1_9|F2_0T2_4|F2_5T2_9|F3_0T3_4|F3_5T3_9|F4_0T5_9|F6_0T7_9|F8_0T9_9|F10_0,4.0,33,0.018417910653303032,0.018417910653303032,0.018417910653303032,9,9,0.2727272727272727,0.2727272727272727,False
ecb,rgdp,real_gdp_yoy,2021,3,2026,2026,longer_term,5.0,,TN1_0|FN1_0TN0_6|FN0_5TN0_1|F0_0T0_4|F0_5T0_9|F1_0T1_4|F1_5T1_9|F2_0T2_4|F2_5T2_9|F3_0T3_4|F3_5T3_9|F4_0T5_9|F6_0T7_9|F8_0T9_9|F10_0,5.0,33,0.0034725617625151516,0.018417910653303032,0.01094523620790909,6,9,0.18181818181818182,0.2727272727272727,False
ecb,rgdp,real_gdp_yoy,2021,3,2026,2026,longer_term,5.0,,TN1_0|FN1_0TN0_6|FN0_5TN0_1|F0_0T0_4|F0_5T0_9|F1_0T1_4|F1_5T1_9|F2_0T2_4|F2_5T2_9|F3_0T3_4|F3_5T3_9|F4_0T5_9|F6_0T7_9|F8_0T9_9|F10_0,10.0,33,0.0003149244472727273,0.0003149244472727273,0.0003149244472727273,2,2,0.06060606060606061,0.06060606060606061,False
ecb,rgdp,real_gdp_yoy,2021,3,,2022Q1,rolling_1y,1.0,,TN1_0|FN1_0TN0_6|FN0_5TN0_1|F0_0T0_4|F0_5T0_9|F1_0T1_4|F1_5T1_9|F2_0T2_4|F2_5T2_9|F3_0T3_4|F3_5T3_9|F4_0T5_9|F6_0T7_9|F8_0T9_9|F10_0,3.0,29,0.9283006365374483,0.9283006365374483,0.9283006365374482,29,29,1.0,1.0,False
ecb,rgdp,real_gdp_yoy,2021,3,,2022Q1,rolling_1y,1.0,,TN1_0|FN1_0TN0_6|FN0_5TN0_1|F0_0T0_4|F0_5T0_9|F1_0T1_4|F1_5T1_9|F2_0T2_4|F2_5T2_9|F3_0T3_4|F3_5T3_9|F4_0T5_9|F6_0T7_9|F8_0T9_9|F10_0,4.0,29,0.7371035756324137,0.7371035756324137,0.7371035756324137,29,29,1.0,1.0,False
ecb,rgdp,real_gdp_yoy,2021,3,,2022Q1,rolling_1y,1.0,,TN1_0|FN1_0TN0_6|FN0_5TN0_1|F0_0T0_4|F0_5T0_9|F1_0T1_4|F1_5T1_9|F2_0T2_4|F2_5T2_9|F3_0T3_4|F3_5T3_9|F4_0T5_9|F6_0T7_9|F8_0T9_9|F10_0,5.0,29,0.4731903258614827,0.7371035756324137,0.6051469507469484,28,29,0.9655172413793104,1.0,False
ecb,rgdp,real_gdp_yoy,2021,3,,2022Q1,rolling_1y,1.0,,TN1_0|FN1_0TN0_6|FN0_5TN0_1|F0_0T0_4|F0_5T0_9|F1_0T1_4|F1_5T1_9|F2_0T2_4|F2_5T2_9|F3_0T3_4|F3_5T3_9|F4_0T5_9|F6_0T7_9|F8_0T9_9|F10_0,10.0,29,0.02725643851444828,0.02725643851444828,0.02725643851444828,8,8,0.27586206896551724,0.27586206896551724,False
ecb,rgdp,real_gdp_yoy,2021,3,,2023Q1,rolling_2y,2.0,,TN1_0|FN1_0TN0_6|FN0_5TN0_1|F0_0T0_4|F0_5T0_9|F1_0T1_4|F1_5T1_9|F2_0T2_4|F2_5T2_9|F3_0T3_4|F3_5T3_9|F4_0T5_9|F6_0T7_9|F8_0T9_9|F10_0,3.0,26,0.2857228832164615,0.2857228832164615,0.28572288321646155,25,25,0.9615384615384616,0.9615384615384616,False
ecb,rgdp,real_gdp_yoy,2021,3,,2023Q1,rolling_2y,2.0,,TN1_0|FN1_0TN0_6|FN0_5TN0_1|F0_0T0_4|F0_5T0_9|F1_0T1_4|F1_5T1_9|F2_0T2_4|F2_5T2_9|F3_0T3_4|F3_5T3_9|F4_0T5_9|F6_0T7_9|F8_0T9_9|F10_0,4.0,26,0.0642450780421923,0.0642450780421923,0.0642450780421923,17,17,0.6538461538461539,0.6538461538461539,False
ecb,rgdp,real_gdp_yoy,2021,3,,2023Q1,rolling_2y,2.0,,TN1_0|FN1_0TN0_6|FN0_5TN0_1|F0_0T0_4|F0_5T0_9|F1_0T1_4|F1_5T1_9|F2_0T2_4|F2_5T2_9|F3_0T3_4|F3_5T3_9|F4_0T5_9|F6_0T7_9|F8_0T9_9|F10_0,5.0,26,0.02335571901476923,0.0642450780421923,0.04380039852848077,13,17,0.5,0.6538461538461539,False
ecb,rgdp,real_gdp_yoy,2021,3,,2023Q1,rolling_2y,2.0,,TN1_0|FN1_0TN0_6|FN0_5TN0_1|F0_0T0_4|F0_5T0_9|F1_0T1_4|F1_5T1_9|F2_0T2_4|F2_5T2_9|F3_0T3_4|F3_5T3_9|F4_0T5_9|F6_0T7_9|F8_0T9_9|F10_0,10.0,26,0.006538461538961538,0.006538461538961538,0.006538461538961538,2,2,0.07692307692307693,0.07692307692307693,False
ecb,rgdp,real_gdp_yoy,2021,4,2021,2021,current_year,0.0,,TN1_0|FN1_0TN0_6|FN0_5TN0_1|F0_0T0_4|F0_5T0_9|F1_0T1_4|F1_5T1_9|F2_0T2_4|F2_5T2_9|F3_0T3_4|F3_5T3_9|F4_0T5_9|F6_0T7_9|F8_0T9_9|F10_0,3.0,45,0.9696097911111111,0.9696097911111111,0.9696097911111111,45,45,1.0,1.0,False
ecb,rgdp,real_gdp_yoy,2021,4,2021,2021,current_year,0.0,,TN1_0|FN1_0TN0_6|FN0_5TN0_1|F0_0T0_4|F0_5T0_9|F1_0T1_4|F1_5T1_9|F2_0T2_4|F2_5T2_9|F3_0T3_4|F3_5T3_9|F4_0T5_9|F6_0T7_9|F8_0T9_9|F10_0,4.0,45,0.8257108066666665,0.8257108066666665,0.8257108066666665,45,45,1.0,1.0,False
ecb,rgdp,real_gdp_yoy,2021,4,2021,2021,current_year,0.0,,TN1_0|FN1_0TN0_6|FN0_5TN0_1|F0_0T0_4|F0_5T0_9|F1_0T1_4|F1_5T1_9|F2_0T2_4|F2_5T2_9|F3_0T3_4|F3_5T3_9|F4_0T5_9|F6_0T7_9|F8_0T9_9|F10_0,5.0,45,0.1309809733333333,0.8257108066666665,0.47834588999999994,36,45,0.8,1.0,False
ecb,rgdp,real_gdp_yoy,2021,4,2021,2021,current_year,0.0,,TN1_0|FN1_0TN0_6|FN0_5TN0_1|F0_0T0_4|F0_5T0_9|F1_0T1_4|F1_5T1_9|F2_0T2_4|F2_5T2_9|F3_0T3_4|F3_5T3_9|F4_0T5_9|F6_0T7_9|F8_0T9_9|F10_0,10.0,45,0.0028641711111111116,0.0028641711111111116,0.0028641711111111116,5,5,0.1111111111111111,0.1111111111111111,False
ecb,rgdp,real_gdp_yoy,2021,4,2022,2022,next_year,1.0,,TN1_0|FN1_0TN0_6|FN0_5TN0_1|F0_0T0_4|F0_5T0_9|F1_0T1_4|F1_5T1_9|F2_0T2_4|F2_5T2_9|F3_0T3_4|F3_5T3_9|F4_0T5_9|F6_0T7_9|F8_0T9_9|F10_0,3.0,45,0.8854334377777776,0.8854334377777776,0.8854334377777776,45,45,1.0,1.0,False
ecb,rgdp,real_gdp_yoy,2021,4,2022,2022,next_year,1.0,,TN1_0|FN1_0TN0_6|FN0_5TN0_1|F0_0T0_4|F0_5T0_9|F1_0T1_4|F1_5T1_9|F2_0T2_4|F2_5T2_9|F3_0T3_4|F3_5T3_9|F4_0T5_9|F6_0T7_9|F8_0T9_9|F10_0,4.0,45,0.5296347377777777,0.5296347377777777,0.5296347377777777,45,45,1.0,1.0,False
ecb,rgdp,real_gdp_yoy,2021,4,2022,2022,next_year,1.0,,TN1_0|FN1_0TN0_6|FN0_5TN0_1|F0_0T0_4|F0_5T0_9|F1_0T1_4|F1_5T1_9|F2_0T2_4|F2_5T2_9|F3_0T3_4|F3_5T3_9|F4_0T5_9|F6_0T7_9|F8_0T9_9|F10_0,5.0,45,0.11847595999999999,0.5296347377777777,0.3240553488888889,30,45,0.6666666666666666,1.0,False
ecb,rgdp,real_gdp_yoy,2021,4,2022,2022,next_year,1.0,,TN1_0|FN1_0TN0_6|FN0_5TN0_1|F0_0T0_4|F0_5T0_9|F1_0T1_4|F1_5T1_9|F2_0T2_4|F2_5T2_9|F3_0T3_4|F3_5T3_9|F4_0T5_9|F6_0T7_9|F8_0T9_9|F10_0,10.0,45,0.011110302222222222,0.011110302222222222,0.011110302222222222,9,9,0.2,0.2,False
ecb,rgdp,real_gdp_yoy,2021,4,2023,2023,year_after_next,2.0,,TN1_0|FN1_0TN0_6|FN0_5TN0_1|F0_0T0_4|F0_5T0_9|F1_0T1_4|F1_5T1_9|F2_0T2_4|F2_5T2_9|F3_0T3_4|F3_5T3_9|F4_0T5_9|F6_0T7_9|F8_0T9_9|F10_0,3.0,42,0.16547401190476194,0.16547401190476194,0.16547401190476194,32,32,0.7619047619047619,0.7619047619047619,False
ecb,rgdp,real_gdp_yoy,2021,4,2023,2023,year_after_next,2.0,,TN1_0|FN1_0TN0_6|FN0_5TN0_1|F0_0T0_4|F0_5T0_9|F1_0T1_4|F1_5T1_9|F2_0T2_4|F2_5T2_9|F3_0T3_4|F3_5T3_9|F4_0T5_9|F6_0T7_9|F8_0T9_9|F10_0,4.0,42,0.04817537857142857,0.04817537857142857,0.04817537857142857,15,15,0.35714285714285715,0.35714285714285715,False
ecb,rgdp,real_gdp_yoy,2021,4,2023,2023,year_after_next,2.0,,TN1_0|FN1_0TN0_6|FN0_5TN0_1|F0_0T0_4|F0_5T0_9|F1_0T1_4|F1_5T1_9|F2_0T2_4|F2_5T2_9|F3_0T3_4|F3_5T3_9|F4_0T5_9|F6_0T7_9|F8_0T9_9|F10_0,5.0,42,0.027104499999999997,0.04817537857142857,0.03763993928571428,10,15,0.23809523809523808,0.35714285714285715,False
ecb,rgdp,real_gdp_yoy,2021,4,2023,2023,year_after_next,2.0,,TN1_0|FN1_0TN0_6|FN0_5TN0_1|F0_0T0_4|F0_5T0_9|F1_0T1_4|F1_5T1_9|F2_0T2_4|F2_5T2_9|F3_0T3_4|F3_5T3_9|F4_0T5_9|F6_0T7_9|F8_0T9_9|F10_0,10.0,42,0.004769214285714286,0.004769214285714286,0.004769214285714286,6,6,0.14285714285714285,0.14285714285714285,False
ecb,rgdp,real_gdp_yoy,2021,4,2026,2026,longer_term,5.0,,TN1_0|FN1_0TN0_6|FN0_5TN0_1|F0_0T0_4|F0_5T0_9|F1_0T1_4|F1_5T1_9|F2_0T2_4|F2_5T2_9|F3_0T3_4|F3_5T3_9|F4_0T5_9|F6_0T7_9|F8_0T9_9|F10_0,3.0,35,0.05565369428571429,0.05565369428571429,0.055653694285714296,17,17,0.4857142857142857,0.4857142857142857,False
ecb,rgdp,real_gdp_yoy,2021,4,2026,2026,longer_term,5.0,,TN1_0|FN1_0TN0_6|FN0_5TN0_1|F0_0T0_4|F0_5T0_9|F1_0T1_4|F1_5T1_9|F2_0T2_4|F2_5T2_9|F3_0T3_4|F3_5T3_9|F4_0T5_9|F6_0T7_9|F8_0T9_9|F10_0,4.0,35,0.016363,0.016363,0.016363,11,11,0.3142857142857143,0.3142857142857143,False
ecb,rgdp,real_gdp_yoy,2021,4,2026,2026,longer_term,5.0,,TN1_0|FN1_0TN0_6|FN0_5TN0_1|F0_0T0_4|F0_5T0_9|F1_0T1_4|F1_5T1_9|F2_0T2_4|F2_5T2_9|F3_0T3_4|F3_5T3_9|F4_0T5_9|F6_0T7_9|F8_0T9_9|F10_0,5.0,35,0.0026744285714285715,0.016363,0.009518714285714283,6,11,0.17142857142857143,0.3142857142857143,False
ecb,rgdp,real_gdp_yoy,2021,4,2026,2026,longer_term,5.0,,TN1_0|FN1_0TN0_6|FN0_5TN0_1|F0_0T0_4|F0_5T0_9|F1_0T1_4|F1_5T1_9|F2_0T2_4|F2_5T2_9|F3_0T3_4|F3_5T3_9|F4_0T5_9|F6_0T7_9|F8_0T9_9|F10_0,10.0,35,0.00029428571428571427,0.00029428571428571427,0.00029428571428571427,2,2,0.05714285714285714,0.05714285714285714,False
ecb,rgdp,real_gdp_yoy,2021,4,,2022Q2,rolling_1y,1.0,,TN1_0|FN1_0TN0_6|FN0_5TN0_1|F0_0T0_4|F0_5T0_9|F1_0T1_4|F1_5T1_9|F2_0T2_4|F2_5T2_9|F3_0T3_4|F3_5T3_9|F4_0T5_9|F6_0T7_9|F8_0T9_9|F10_0,3.0,35,0.8856521542857143,0.8856521542857143,0.8856521542857143,35,35,1.0,1.0,False
ecb,rgdp,real_gdp_yoy,2021,4,,2022Q2,rolling_1y,1.0,,TN1_0|FN1_0TN0_6|FN0_5TN0_1|F0_0T0_4|F0_5T0_9|F1_0T1_4|F1_5T1_9|F2_0T2_4|F2_5T2_9|F3_0T3_4|F3_5T3_9|F4_0T5_9|F6_0T7_9|F8_0T9_9|F10_0,4.0,35,0.5907497428571429,0.5907497428571429,0.5907497428571429,35,35,1.0,1.0,False
ecb,rgdp,real_gdp_yoy,2021,4,,2022Q2,rolling_1y,1.0,,TN1_0|FN1_0TN0_6|FN0_5TN0_1|F0_0T0_4|F0_5T0_9|F1_0T1_4|F1_5T1_9|F2_0T2_4|F2_5T2_9|F3_0T3_4|F3_5T3_9|F4_0T5_9|F6_0T7_9|F8_0T9_9|F10_0,5.0,35,0.2049699885714286,0.5907497428571429,0.3978598657142857,29,35,0.8285714285714286,1.0,False
ecb,rgdp,real_gdp_yoy,2021,4,,2022Q2,rolling_1y,1.0,,TN1_0|FN1_0TN0_6|FN0_5TN0_1|F0_0T0_4|F0_5T0_9|F1_0T1_4|F1_5T1_9|F2_0T2_4|F2_5T2_9|F3_0T3_4|F3_5T3_9|F4_0T5_9|F6_0T7_9|F8_0T9_9|F10_0,10.0,35,0.019628600000000003,0.019628600000000003,0.019628600000000003,10,10,0.2857142857142857,0.2857142857142857,False
ecb,rgdp,real_gdp_yoy,2021,4,,2023Q2,rolling_2y,2.0,,TN1_0|FN1_0TN0_6|FN0_5TN0_1|F0_0T0_4|F0_5T0_9|F1_0T1_4|F1_5T1_9|F2_0T2_4|F2_5T2_9|F3_0T3_4|F3_5T3_9|F4_0T5_9|F6_0T7_9|F8_0T9_9|F10_0,3.0,33,0.18919266666666668,0.18919266666666668,0.18919266666666668,27,27,0.8181818181818182,0.8181818181818182,False
ecb,rgdp,real_gdp_yoy,2021,4,,2023Q2,rolling_2y,2.0,,TN1_0|FN1_0TN0_6|FN0_5TN0_1|F0_0T0_4|F0_5T0_9|F1_0T1_4|F1_5T1_9|F2_0T2_4|F2_5T2_9|F3_0T3_4|F3_5T3_9|F4_0T5_9|F6_0T7_9|F8_0T9_9|F10_0,4.0,33,0.05986954545454545,0.05986954545454545,0.05986954545454545,16,16,0.48484848484848486,0.48484848484848486,False
ecb,rgdp,real_gdp_yoy,2021,4,,2023Q2,rolling_2y,2.0,,TN1_0|FN1_0TN0_6|FN0_5TN0_1|F0_0T0_4|F0_5T0_9|F1_0T1_4|F1_5T1_9|F2_0T2_4|F2_5T2_9|F3_0T3_4|F3_5T3_9|F4_0T5_9|F6_0T7_9|F8_0T9_9|F10_0,5.0,33,0.036106000000000006,0.05986954545454545,0.047987772727272726,10,16,0.30303030303030304,0.48484848484848486,False
ecb,rgdp,real_gdp_yoy,2021,4,,2023Q2,rolling_2y,2.0,,TN1_0|FN1_0TN0_6|FN0_5TN0_1|F0_0T0_4|F0_5T0_9|F1_0T1_4|F1_5T1_9|F2_0T2_4|F2_5T2_9|F3_0T3_4|F3_5T3_9|F4_0T5_9|F6_0T7_9|F8_0T9_9|F10_0,10.0,33,0.02106060606060606,0.02106060606060606,0.02106060606060606,4,4,0.12121212121212122,0.12121212121212122,False
ecb,rgdp,real_gdp_yoy,2022,1,2022,2022,current_year,0.0,,TN1_0|FN1_0TN0_6|FN0_5TN0_1|F0_0T0_4|F0_5T0_9|F1_0T1_4|F1_5T1_9|F2_0T2_4|F2_5T2_9|F3_0T3_4|F3_5T3_9|F4_0T5_9|F6_0T7_9|F8_0T9_9|F10_0,3.0,49,0.8765080714686326,0.8765080714686326,0.8765080714686326,49,49,1.0,1.0,False
ecb,rgdp,real_gdp_yoy,2022,1,2022,2022,current_year,0.0,,TN1_0|FN1_0TN0_6|FN0_5TN0_1|F0_0T0_4|F0_5T0_9|F1_0T1_4|F1_5T1_9|F2_0T2_4|F2_5T2_9|F3_0T3_4|F3_5T3_9|F4_0T5_9|F6_0T7_9|F8_0T9_9|F10_0,4.0,49,0.4338081787822245,0.4338081787822245,0.4338081787822245,49,49,1.0,1.0,False
ecb,rgdp,real_gdp_yoy,2022,1,2022,2022,current_year,0.0,,TN1_0|FN1_0TN0_6|FN0_5TN0_1|F0_0T0_4|F0_5T0_9|F1_0T1_4|F1_5T1_9|F2_0T2_4|F2_5T2_9|F3_0T3_4|F3_5T3_9|F4_0T5_9|F6_0T7_9|F8_0T9_9|F10_0,5.0,49,0.08775854492332653,0.4338081787822245,0.26078336185277556,32,49,0.6530612244897959,1.0,False
ecb,rgdp,real_gdp_yoy,2022,1,2022,2022,current_year,0.0,,TN1_0|FN1_0TN0_6|FN0_5TN0_1|F0_0T0_4|F0_5T0_9|F1_0T1_4|F1_5T1_9|F2_0T2_4|F2_5T2_9|F3_0T3_4|F3_5T3_9|F4_0T5_9|F6_0T7_9|F8_0T9_9|F10_0,10.0,49,0.009726967450673469,0.009726967450673469,0.009726967450673469,7,7,0.14285714285714285,0.14285714285714285,False
ecb,rgdp,real_gdp_yoy,2022,1,2023,2023,next_year,1.0,,TN1_0|FN1_0TN0_6|FN0_5TN0_1|F0_0T0_4|F0_5T0_9|F1_0T1_4|F1_5T1_9|F2_0T2_4|F2_5T2_9|F3_0T3_4|F3_5T3_9|F4_0T5_9|F6_0T7_9|F8_0T9_9|F10_0,3.0,48,0.2985648968751667,0.2985648968751667,0.2985648968751667,46,46,0.9583333333333334,0.9583333333333334,False
ecb,rgdp,real_gdp_yoy,2022,1,2023,2023,next_year,1.0,,TN1_0|FN1_0TN0_6|FN0_5TN0_1|F0_0T0_4|F0_5T0_9|F1_0T1_4|F1_5T1_9|F2_0T2_4|F2_5T2_9|F3_0T3_4|F3_5T3_9|F4_0T5_9|F6_0T7_9|F8_0T9_9|F10_0,4.0,48,0.07153966702729167,0.07153966702729167,0.07153966702729167,23,23,0.4791666666666667,0.4791666666666667,False
ecb,rgdp,real_gdp_yoy,2022,1,2023,2023,next_year,1.0,,TN1_0|FN1_0TN0_6|FN0_5TN0_1|F0_0T0_4|F0_5T0_9|F1_0T1_4|F1_5T1_9|F2_0T2_4|F2_5T2_9|F3_0T3_4|F3_5T3_9|F4_0T5_9|F6_0T7_9|F8_0T9_9|F10_0,5.0,48,0.03549951121941667,0.07153966702729167,0.053519589123354167,18,23,0.375,0.4791666666666667,False
ecb,rgdp,real_gdp_yoy,2022,1,2023,2023,next_year,1.0,,TN1_0|FN1_0TN0_6|FN0_5TN0_1|F0_0T0_4|F0_5T0_9|F1_0T1_4|F1_5T1_9|F2_0T2_4|F2_5T2_9|F3_0T3_4|F3_5T3_9|F4_0T5_9|F6_0T7_9|F8_0T9_9|F10_0,10.0,48,0.010039705175395833,0.010039705175395833,0.010039705175395833,8,8,0.16666666666666666,0.16666666666666666,False
ecb,rgdp,real_gdp_yoy,2022,1,2024,2024,year_after_next,2.0,,TN1_0|FN1_0TN0_6|FN0_5TN0_1|F0_0T0_4|F0_5T0_9|F1_0T1_4|F1_5T1_9|F2_0T2_4|F2_5T2_9|F3_0T3_4|F3_5T3_9|F4_0T5_9|F6_0T7_9|F8_0T9_9|F10_0,3.0,40,0.073346133230125,0.073346133230125,0.073346133230125,25,25,0.625,0.625,False
ecb,rgdp,real_gdp_yoy,2022,1,2024,2024,year_after_next,2.0,,TN1_0|FN1_0TN0_6|FN0_5TN0_1|F0_0T0_4|F0_5T0_9|F1_0T1_4|F1_5T1_9|F2_0T2_4|F2_5T2_9|F3_0T3_4|F3_5T3_9|F4_0T5_9|F6_0T7_9|F8_0T9_9|F10_0,4.0,40,0.0192920038576,0.0192920038576,0.0192920038576,13,13,0.325,0.325,False
ecb,rgdp,real_gdp_yoy,2022,1,2024,2024,year_after_next,2.0,,TN1_0|FN1_0TN0_6|FN0_5TN0_1|F0_0T0_4|F0_5T0_9|F1_0T1_4|F1_5T1_9|F2_0T2_4|F2_5T2_9|F3_0T3_4|F3_5T3_9|F4_0T5_9|F6_0T7_9|F8_0T9_9|F10_0,5.0,40,0.0031606787525,0.0192920038576,0.011226341305050002,8,13,0.2,0.325,False
ecb,rgdp,real_gdp_yoy,2022,1,2024,2024,year_after_next,2.0,,TN1_0|FN1_0TN0_6|FN0_5TN0_1|F0_0T0_4|F0_5T0_9|F1_0T1_4|F1_5T1_9|F2_0T2_4|F2_5T2_9|F3_0T3_4|F3_5T3_9|F4_0T5_9|F6_0T7_9|F8_0T9_9|F10_0,10.0,40,6.672814775e-06,6.672814775e-06,6.672814775e-06,1,1,0.025,0.025,False
ecb,rgdp,real_gdp_yoy,2022,1,2026,2026,longer_term,4.0,,TN1_0|FN1_0TN0_6|FN0_5TN0_1|F0_0T0_4|F0_5T0_9|F1_0T1_4|F1_5T1_9|F2_0T2_4|F2_5T2_9|F3_0T3_4|F3_5T3_9|F4_0T5_9|F6_0T7_9|F8_0T9_9|F10_0,3.0,39,0.06390257210571794,0.06390257210571794,0.06390257210571794,23,23,0.5897435897435898,0.5897435897435898,False
ecb,rgdp,real_gdp_yoy,2022,1,2026,2026,longer_term,4.0,,TN1_0|FN1_0TN0_6|FN0_5TN0_1|F0_0T0_4|F0_5T0_9|F1_0T1_4|F1_5T1_9|F2_0T2_4|F2_5T2_9|F3_0T3_4|F3_5T3_9|F4_0T5_9|F6_0T7_9|F8_0T9_9|F10_0,4.0,39,0.01867847391976923,0.01867847391976923,0.018678473919769234,14,14,0.358974358974359,0.358974358974359,False
ecb,rgdp,real_gdp_yoy,2022,1,2026,2026,longer_term,4.0,,TN1_0|FN1_0TN0_6|FN0_5TN0_1|F0_0T0_4|F0_5T0_9|F1_0T1_4|F1_5T1_9|F2_0T2_4|F2_5T2_9|F3_0T3_4|F3_5T3_9|F4_0T5_9|F6_0T7_9|F8_0T9_9|F10_0,5.0,39,0.005356050573205128,0.01867847391976923,0.01201726224648718,9,14,0.23076923076923078,0.358974358974359,False
ecb,rgdp,real_gdp_yoy,2022,1,2026,2026,longer_term,4.0,,TN1_0|FN1_0TN0_6|FN0_5TN0_1|F0_0T0_4|F0_5T0_9|F1_0T1_4|F1_5T1_9|F2_0T2_4|F2_5T2_9|F3_0T3_4|F3_5T3_9|F4_0T5_9|F6_0T7_9|F8_0T9_9|F10_0,10.0,39,0.0007773644948974359,0.0007773644948974359,0.0007773644948974359,3,3,0.07692307692307693,0.07692307692307693,False
ecb,rgdp,real_gdp_yoy,2022,1,,2022Q3,rolling_1y,1.0,,TN1_0|FN1_0TN0_6|FN0_5TN0_1|F0_0T0_4|F0_5T0_9|F1_0T1_4|F1_5T1_9|F2_0T2_4|F2_5T2_9|F3_0T3_4|F3_5T3_9|F4_0T5_9|F6_0T7_9|F8_0T9_9|F10_0,3.0,38,0.5947658456365,0.5947658456365,0.5947658456365,38,38,1.0,1.0,False
ecb,rgdp,real_gdp_yoy,2022,1,,2022Q3,rolling_1y,1.0,,TN1_0|FN1_0TN0_6|FN0_5TN0_1|F0_0T0_4|F0_5T0_9|F1_0T1_4|F1_5T1_9|F2_0T2_4|F2_5T2_9|F3_0T3_4|F3_5T3_9|F4_0T5_9|F6_0T7_9|F8_0T9_9|F10_0,4.0,38,0.1806191364070263,0.1806191364070263,0.1806191364070263,29,29,0.7631578947368421,0.7631578947368421,False
ecb,rgdp,real_gdp_yoy,2022,1,,2022Q3,rolling_1y,1.0,,TN1_0|FN1_0TN0_6|FN0_5TN0_1|F0_0T0_4|F0_5T0_9|F1_0T1_4|F1_5T1_9|F2_0T2_4|F2_5T2_9|F3_0T3_4|F3_5T3_9|F4_0T5_9|F6_0T7_9|F8_0T9_9|F10_0,5.0,38,0.05471519807905262,0.1806191364070263,0.11766716724303945,22,29,0.5789473684210527,0.7631578947368421,False
ecb,rgdp,real_gdp_yoy,2022,1,,2022Q3,rolling_1y,1.0,,TN1_0|FN1_0TN0_6|FN0_5TN0_1|F0_0T0_4|F0_5T0_9|F1_0T1_4|F1_5T1_9|F2_0T2_4|F2_5T2_9|F3_0T3_4|F3_5T3_9|F4_0T5_9|F6_0T7_9|F8_0T9_9|F10_0,10.0,38,0.016543761828447367,0.016543761828447367,0.016543761828447367,6,6,0.15789473684210525,0.15789473684210525,False
ecb,rgdp,real_gdp_yoy,2022,1,,2023Q3,rolling_2y,2.0,,TN1_0|FN1_0TN0_6|FN0_5TN0_1|F0_0T0_4|F0_5T0_9|F1_0T1_4|F1_5T1_9|F2_0T2_4|F2_5T2_9|F3_0T3_4|F3_5T3_9|F4_0T5_9|F6_0T7_9|F8_0T9_9|F10_0,3.0,37,0.18860194335754055,0.18860194335754055,0.18860194335754055,30,30,0.8108108108108109,0.8108108108108109,False
ecb,rgdp,real_gdp_yoy,2022,1,,2023Q3,rolling_2y,2.0,,TN1_0|FN1_0TN0_6|FN0_5TN0_1|F0_0T0_4|F0_5T0_9|F1_0T1_4|F1_5T1_9|F2_0T2_4|F2_5T2_9|F3_0T3_4|F3_5T3_9|F4_0T5_9|F6_0T7_9|F8_0T9_9|F10_0,4.0,37,0.046136549143216216,0.046136549143216216,0.046136549143216216,21,21,0.5675675675675675,0.5675675675675675,False
ecb,rgdp,real_gdp_yoy,2022,1,,2023Q3,rolling_2y,2.0,,TN1_0|FN1_0TN0_6|FN0_5TN0_1|F0_0T0_4|F0_5T0_9|F1_0T1_4|F1_5T1_9|F2_0T2_4|F2_5T2_9|F3_0T3_4|F3_5T3_9|F4_0T5_9|F6_0T7_9|F8_0T9_9|F10_0,5.0,37,0.01896422753818919,0.046136549143216216,0.0325503883407027,16,21,0.43243243243243246,0.5675675675675675,False
ecb,rgdp,real_gdp_yoy,2022,1,,2023Q3,rolling_2y,2.0,,TN1_0|FN1_0TN0_6|FN0_5TN0_1|F0_0T0_4|F0_5T0_9|F1_0T1_4|F1_5T1_9|F2_0T2_4|F2_5T2_9|F3_0T3_4|F3_5T3_9|F4_0T5_9|F6_0T7_9|F8_0T9_9|F10_0,10.0,37,0.005027855379027027,0.005027855379027027,0.005027855379027027,6,6,0.16216216216216217,0.16216216216216217,False
ecb,rgdp,real_gdp_yoy,2022,2,2022,2022,current_year,0.0,,TN1_0|FN1_0TN0_6|FN0_5TN0_1|F0_0T0_4|F0_5T0_9|F1_0T1_4|F1_5T1_9|F2_0T2_4|F2_5T2_9|F3_0T3_4|F3_5T3_9|F4_0T5_9|F6_0T7_9|F8_0T9_9|F10_0,3.0,47,0.3441464853797203,0.3441464853797203,0.3441464853797203,43,43,0.9148936170212766,0.9148936170212766,False
ecb,rgdp,real_gdp_yoy,2022,2,2022,2022,current_year,0.0,,TN1_0|FN1_0TN0_6|FN0_5TN0_1|F0_0T0_4|F0_5T0_9|F1_0T1_4|F1_5T1_9|F2_0T2_4|F2_5T2_9|F3_0T3_4|F3_5T3_9|F4_0T5_9|F6_0T7_9|F8_0T9_9|F10_0,4.0,47,0.04611473119642868,0.04611473119642868,0.04611473119642868,22,22,0.46808510638297873,0.46808510638297873,False
ecb,rgdp,real_gdp_yoy,2022,2,2022,2022,current_year,0.0,,TN1_0|FN1_0TN0_6|FN0_5TN0_1|F0_0T0_4|F0_5T0_9|F1_0T1_4|F1_5T1_9|F2_0T2_4|F2_5T2_9|F3_0T3_4|F3_5T3_9|F4_0T5_9|F6_0T7_9|F8_0T9_9|F10_0,5.0,47,0.007069672643829788,0.04611473119642868,0.02659220192012923,11,22,0.23404255319148937,0.46808510638297873,False
ecb,rgdp,real_gdp_yoy,2022,2,2022,2022,current_year,0.0,,TN1_0|FN1_0TN0_6|FN0_5TN0_1|F0_0T0_4|F0_5T0_9|F1_0T1_4|F1_5T1_9|F2_0T2_4|F2_5T2_9|F3_0T3_4|F3_5T3_9|F4_0T5_9|F6_0T7_9|F8_0T9_9|F10_0,10.0,47,4.255319310638298e-05,4.255319310638298e-05,4.255319310638298e-05,2,2,0.0425531914893617,0.0425531914893617,False
ecb,rgdp,real_gdp_yoy,2022,2,2023,2023,next_year,1.0,,TN1_0|FN1_0TN0_6|FN0_5TN0_1|F0_0T0_4|F0_5T0_9|F1_0T1_4|F1_5T1_9|F2_0T2_4|F2_5T2_9|F3_0T3_4|F3_5T3_9|F4_0T5_9|F6_0T7_9|F8_0T9_9|F10_0,3.0,46,0.1880107902431196,0.1880107902431196,0.1880107902431196,37,37,0.8043478260869565,0.8043478260869565,False
ecb,rgdp,real_gdp_yoy,2022,2,2023,2023,next_year,1.0,,TN1_0|FN1_0TN0_6|FN0_5TN0_1|F0_0T0_4|F0_5T0_9|F1_0T1_4|F1_5T1_9|F2_0T2_4|F2_5T2_9|F3_0T3_4|F3_5T3_9|F4_0T5_9|F6_0T7_9|F8_0T9_9|F10_0,4.0,46,0.03339687257613708,0.03339687257613708,0.03339687257613707,20,20,0.43478260869565216,0.43478260869565216,False
ecb,rgdp,real_gdp_yoy,2022,2,2023,2023,next_year,1.0,,TN1_0|FN1_0TN0_6|FN0_5TN0_1|F0_0T0_4|F0_5T0_9|F1_0T1_4|F1_5T1_9|F2_0T2_4|F2_5T2_9|F3_0T3_4|F3_5T3_9|F4_0T5_9|F6_0T7_9|F8_0T9_9|F10_0,5.0,46,0.00678386544817529,0.03339687257613708,0.020090369012156183,11,20,0.2391304347826087,0.43478260869565216,False
ecb,rgdp,real_gdp_yoy,2022,2,2023,2023,next_year,1.0,,TN1_0|FN1_0TN0_6|FN0_5TN0_1|F0_0T0_4|F0_5T0_9|F1_0T1_4|F1_5T1_9|F2_0T2_4|F2_5T2_9|F3_0T3_4|F3_5T3_9|F4_0T5_9|F6_0T7_9|F8_0T9_9|F10_0,10.0,46,0.000386312926673917,0.000386312926673917,0.000386312926673917,5,5,0.10869565217391304,0.10869565217391304,False
ecb,rgdp,real_gdp_yoy,2022,2,2024,2024,year_after_next,2.0,,TN1_0|FN1_0TN0_6|FN0_5TN0_1|F0_0T0_4|F0_5T0_9|F1_0T1_4|F1_5T1_9|F2_0T2_4|F2_5T2_9|F3_0T3_4|F3_5T3_9|F4_0T5_9|F6_0T7_9|F8_0T9_9|F10_0,3.0,39,0.06984658257833334,0.06984658257833334,0.06984658257833333,25,25,0.6410256410256411,0.6410256410256411,False
ecb,rgdp,real_gdp_yoy,2022,2,2024,2024,year_after_next,2.0,,TN1_0|FN1_0TN0_6|FN0_5TN0_1|F0_0T0_4|F0_5T0_9|F1_0T1_4|F1_5T1_9|F2_0T2_4|F2_5T2_9|F3_0T3_4|F3_5T3_9|F4_0T5_9|F6_0T7_9|F8_0T9_9|F10_0,4.0,39,0.009783141207564102,0.009783141207564102,0.009783141207564102,12,12,0.3076923076923077,0.3076923076923077,False
ecb,rgdp,real_gdp_yoy,2022,2,2024,2024,year_after_next,2.0,,TN1_0|FN1_0TN0_6|FN0_5TN0_1|F0_0T0_4|F0_5T0_9|F1_0T1_4|F1_5T1_9|F2_0T2_4|F2_5T2_9|F3_0T3_4|F3_5T3_9|F4_0T5_9|F6_0T7_9|F8_0T9_9|F10_0,5.0,39,0.0010790894516923078,0.009783141207564102,0.005431115329628204,6,12,0.15384615384615385,0.3076923076923077,False
ecb,rgdp,real_gdp_yoy,2022,2,2024,2024,year_after_next,2.0,,TN1_0|FN1_0TN0_6|FN0_5TN0_1|F0_0T0_4|F0_5T0_9|F1_0T1_4|F1_5T1_9|F2_0T2_4|F2_5T2_9|F3_0T3_4|F3_5T3_9|F4_0T5_9|F6_0T7_9|F8_0T9_9|F10_0,10.0,39,7.692307692307692e-14,7.692307692307692e-14,7.692307692307692e-14,1,1,0.02564102564102564,0.02564102564102564,False
ecb,rgdp,real_gdp_yoy,2022,2,2026,2026,longer_term,4.0,,TN1_0|FN1_0TN0_6|FN0_5TN0_1|F0_0T0_4|F0_5T0_9|F1_0T1_4|F1_5T1_9|F2_0T2_4|F2_5T2_9|F3_0T3_4|F3_5T3_9|F4_0T5_9|F6_0T7_9|F8_0T9_9|F10_0,3.0,34,0.0534975058946082,0.0534975058946082,0.0534975058946082,20,20,0.5882352941176471,0.5882352941176471,False
ecb,rgdp,real_gdp_yoy,2022,2,2026,2026,longer_term,4.0,,TN1_0|FN1_0TN0_6|FN0_5TN0_1|F0_0T0_4|F0_5T0_9|F1_0T1_4|F1_5T1_9|F2_0T2_4|F2_5T2_9|F3_0T3_4|F3_5T3_9|F4_0T5_9|F6_0T7_9|F8_0T9_9|F10_0,4.0,34,0.010996896307759182,0.010996896307759182,0.010996896307759182,11,11,0.3235294117647059,0.3235294117647059,False
ecb,rgdp,real_gdp_yoy,2022,2,2026,2026,longer_term,4.0,,TN1_0|FN1_0TN0_6|FN0_5TN0_1|F0_0T0_4|F0_5T0_9|F1_0T1_4|F1_5T1_9|F2_0T2_4|F2_5T2_9|F3_0T3_4|F3_5T3_9|F4_0T5_9|F6_0T7_9|F8_0T9_9|F10_0,5.0,34,0.0030261483025575925,0.010996896307759182,0.0070115223051583865,8,11,0.23529411764705882,0.3235294117647059,False
ecb,rgdp,real_gdp_yoy,2022,2,2026,2026,longer_term,4.0,,TN1_0|FN1_0TN0_6|FN0_5TN0_1|F0_0T0_4|F0_5T0_9|F1_0T1_4|F1_5T1_9|F2_0T2_4|F2_5T2_9|F3_0T3_4|F3_5T3_9|F4_0T5_9|F6_0T7_9|F8_0T9_9|F10_0,10.0,34,0.00030344750885293183,0.00030344750885293183,0.00030344750885293183,2,2,0.058823529411764705,0.058823529411764705,False
ecb,rgdp,real_gdp_yoy,2022,2,,2022Q4,rolling_1y,1.0,,TN1_0|FN1_0TN0_6|FN0_5TN0_1|F0_0T0_4|F0_5T0_9|F1_0T1_4|F1_5T1_9|F2_0T2_4|F2_5T2_9|F3_0T3_4|F3_5T3_9|F4_0T5_9|F6_0T7_9|F8_0T9_9|F10_0,3.0,31,0.11048212020527379,0.11048212020527379,0.11048212020527379,22,22,0.7096774193548387,0.7096774193548387,False
ecb,rgdp,real_gdp_yoy,2022,2,,2022Q4,rolling_1y,1.0,,TN1_0|FN1_0TN0_6|FN0_5TN0_1|F0_0T0_4|F0_5T0_9|F1_0T1_4|F1_5T1_9|F2_0T2_4|F2_5T2_9|F3_0T3_4|F3_5T3_9|F4_0T5_9|F6_0T7_9|F8_0T9_9|F10_0,4.0,31,0.021293007574108465,0.021293007574108465,0.021293007574108465,11,11,0.3548387096774194,0.3548387096774194,False
ecb,rgdp,real_gdp_yoy,2022,2,,2022Q4,rolling_1y,1.0,,TN1_0|FN1_0TN0_6|FN0_5TN0_1|F0_0T0_4|F0_5T0_9|F1_0T1_4|F1_5T1_9|F2_0T2_4|F2_5T2_9|F3_0T3_4|F3_5T3_9|F4_0T5_9|F6_0T7_9|F8_0T9_9|F10_0,5.0,31,0.007130318726779259,0.021293007574108465,0.01421166315044386,8,11,0.25806451612903225,0.3548387096774194,False
ecb,rgdp,real_gdp_yoy,2022,2,,2022Q4,rolling_1y,1.0,,TN1_0|FN1_0TN0_6|FN0_5TN0_1|F0_0T0_4|F0_5T0_9|F1_0T1_4|F1_5T1_9|F2_0T2_4|F2_5T2_9|F3_0T3_4|F3_5T3_9|F4_0T5_9|F6_0T7_9|F8_0T9_9|F10_0,10.0,31,0.00010244962658065083,0.00010244962658065083,0.00010244962658065083,2,2,0.06451612903225806,0.06451612903225806,False
ecb,rgdp,real_gdp_yoy,2022,2,,2023Q4,rolling_2y,2.0,,TN1_0|FN1_0TN0_6|FN0_5TN0_1|F0_0T0_4|F0_5T0_9|F1_0T1_4|F1_5T1_9|F2_0T2_4|F2_5T2_9|F3_0T3_4|F3_5T3_9|F4_0T5_9|F6_0T7_9|F8_0T9_9|F10_0,3.0,30,0.16334603988005242,0.16334603988005242,0.16334603988005242,26,26,0.8666666666666667,0.8666666666666667,False
ecb,rgdp,real_gdp_yoy,2022,2,,2023Q4,rolling_2y,2.0,,TN1_0|FN1_0TN0_6|FN0_5TN0_1|F0_0T0_4|F0_5T0_9|F1_0T1_4|F1_5T1_9|F2_0T2_4|F2_5T2_9|F3_0T3_4|F3_5T3_9|F4_0T5_9|F6_0T7_9|F8_0T9_9|F10_0,4.0,30,0.029243763034223387,0.029243763034223387,0.029243763034223387,13,13,0.43333333333333335,0.43333333333333335,False
ecb,rgdp,real_gdp_yoy,2022,2,,2023Q4,rolling_2y,2.0,,TN1_0|FN1_0TN0_6|FN0_5TN0_1|F0_0T0_4|F0_5T0_9|F1_0T1_4|F1_5T1_9|F2_0T2_4|F2_5T2_9|F3_0T3_4|F3_5T3_9|F4_0T5_9|F6_0T7_9|F8_0T9_9|F10_0,5.0,30,0.007574355011129666,0.029243763034223387,0.018409059022676522,10,13,0.3333333333333333,0.43333333333333335,False
ecb,rgdp,real_gdp_yoy,2022,2,,2023Q4,rolling_2y,2.0,,TN1_0|FN1_0TN0_6|FN0_5TN0_1|F0_0T0_4|F0_5T0_9|F1_0T1_4|F1_5T1_9|F2_0T2_4|F2_5T2_9|F3_0T3_4|F3_5T3_9|F4_0T5_9|F6_0T7_9|F8_0T9_9|F10_0,10.0,30,0.00017680669086666284,0.00017680669086666284,0.00017680669086666284,4,4,0.13333333333333333,0.13333333333333333,False
ecb,rgdp,real_gdp_yoy,2022,3,2022,2022,current_year,0.0,,TN1_0|FN1_0TN0_6|FN0_5TN0_1|F0_0T0_4|F0_5T0_9|F1_0T1_4|F1_5T1_9|F2_0T2_4|F2_5T2_9|F3_0T3_4|F3_5T3_9|F4_0,3.0,43,0.2942676830927908,0.2942676830927908,0.2942676830927908,37,37,0.8604651162790697,0.8604651162790697,False
ecb,rgdp,real_gdp_yoy,2022,3,2022,2022,current_year,0.0,,TN1_0|FN1_0TN0_6|FN0_5TN0_1|F0_0T0_4|F0_5T0_9|F1_0T1_4|F1_5T1_9|F2_0T2_4|F2_5T2_9|F3_0T3_4|F3_5T3_9|F4_0,4.0,43,0.03832250457904652,0.03832250457904652,0.03832250457904652,17,17,0.3953488372093023,0.3953488372093023,False
ecb,rgdp,real_gdp_yoy,2022,3,2022,2022,current_year,0.0,,TN1_0|FN1_0TN0_6|FN0_5TN0_1|F0_0T0_4|F0_5T0_9|F1_0T1_4|F1_5T1_9|F2_0T2_4|F2_5T2_9|F3_0T3_4|F3_5T3_9|F4_0,5.0,43,0.0,0.03832250457904652,,0,17,0.0,0.3953488372093023,True
ecb,rgdp,real_gdp_yoy,2022,3,2022,2022,current_year,0.0,,TN1_0|FN1_0TN0_6|FN0_5TN0_1|F0_0T0_4|F0_5T0_9|F1_0T1_4|F1_5T1_9|F2_0T2_4|F2_5T2_9|F3_0T3_4|F3_5T3_9|F4_0,10.0,43,0.0,0.03832250457904652,,0,17,0.0,0.3953488372093023,True
ecb,rgdp,real_gdp_yoy,2022,3,2023,2023,next_year,1.0,,TN1_0|FN1_0TN0_6|FN0_5TN0_1|F0_0T0_4|F0_5T0_9|F1_0T1_4|F1_5T1_9|F2_0T2_4|F2_5T2_9|F3_0T3_4|F3_5T3_9|F4_0,3.0,43,0.06349339214983721,0.06349339214983721,0.06349339214983721,22,22,0.5116279069767442,0.5116279069767442,False
ecb,rgdp,real_gdp_yoy,2022,3,2023,2023,next_year,1.0,,TN1_0|FN1_0TN0_6|FN0_5TN0_1|F0_0T0_4|F0_5T0_9|F1_0T1_4|F1_5T1_9|F2_0T2_4|F2_5T2_9|F3_0T3_4|F3_5T3_9|F4_0,4.0,43,0.013870124309674419,0.013870124309674419,0.013870124309674419,10,10,0.23255813953488372,0.23255813953488372,False
ecb,rgdp,real_gdp_yoy,2022,3,2023,2023,next_year,1.0,,TN1_0|FN1_0TN0_6|FN0_5TN0_1|F0_0T0_4|F0_5T0_9|F1_0T1_4|F1_5T1_9|F2_0T2_4|F2_5T2_9|F3_0T3_4|F3_5T3_9|F4_0,5.0,43,0.0,0.013870124309674419,,0,10,0.0,0.23255813953488372,True
ecb,rgdp,real_gdp_yoy,2022,3,2023,2023,next_year,1.0,,TN1_0|FN1_0TN0_6|FN0_5TN0_1|F0_0T0_4|F0_5T0_9|F1_0T1_4|F1_5T1_9|F2_0T2_4|F2_5T2_9|F3_0T3_4|F3_5T3_9|F4_0,10.0,43,0.0,0.013870124309674419,,0,10,0.0,0.23255813953488372,True
ecb,rgdp,real_gdp_yoy,2022,3,2024,2024,year_after_next,2.0,,TN1_0|FN1_0TN0_6|FN0_5TN0_1|F0_0T0_4|F0_5T0_9|F1_0T1_4|F1_5T1_9|F2_0T2_4|F2_5T2_9|F3_0T3_4|F3_5T3_9|F4_0,3.0,38,0.08153213500484209,0.08153213500484209,0.08153213500484209,29,29,0.7631578947368421,0.7631578947368421,False
ecb,rgdp,real_gdp_yoy,2022,3,2024,2024,year_after_next,2.0,,TN1_0|FN1_0TN0_6|FN0_5TN0_1|F0_0T0_4|F0_5T0_9|F1_0T1_4|F1_5T1_9|F2_0T2_4|F2_5T2_9|F3_0T3_4|F3_5T3_9|F4_0,4.0,38,0.013920144040210528,0.013920144040210528,0.013920144040210528,13,13,0.34210526315789475,0.34210526315789475,False
ecb,rgdp,real_gdp_yoy,2022,3,2024,2024,year_after_next,2.0,,TN1_0|FN1_0TN0_6|FN0_5TN0_1|F0_0T0_4|F0_5T0_9|F1_0T1_4|F1_5T1_9|F2_0T2_4|F2_5T2_9|F3_0T3_4|F3_5T3_9|F4_0,5.0,38,0.0,0.013920144040210528,,0,13,0.0,0.34210526315789475,True
ecb,rgdp,real_gdp_yoy,2022,3,2024,2024,year_after_next,2.0,,TN1_0|FN1_0TN0_6|FN0_5TN0_1|F0_0T0_4|F0_5T0_9|F1_0T1_4|F1_5T1_9|F2_0T2_4|F2_5T2_9|F3_0T3_4|F3_5T3_9|F4_0,10.0,38,0.0,0.013920144040210528,,0,13,0.0,0.34210526315789475,True
ecb,rgdp,real_gdp_yoy,2022,3,2027,2027,longer_term,5.0,,TN1_0|FN1_0TN0_6|FN0_5TN0_1|F0_0T0_4|F0_5T0_9|F1_0T1_4|F1_5T1_9|F2_0T2_4|F2_5T2_9|F3_0T3_4|F3_5T3_9|F4_0,3.0,32,0.07516678962525,0.07516678962525,0.07516678962525,21,21,0.65625,0.65625,False
ecb,rgdp,real_gdp_yoy,2022,3,2027,2027,longer_term,5.0,,TN1_0|FN1_0TN0_6|FN0_5TN0_1|F0_0T0_4|F0_5T0_9|F1_0T1_4|F1_5T1_9|F2_0T2_4|F2_5T2_9|F3_0T3_4|F3_5T3_9|F4_0,4.0,32,0.01558136366978125,0.01558136366978125,0.01558136366978125,9,9,0.28125,0.28125,False
ecb,rgdp,real_gdp_yoy,2022,3,2027,2027,longer_term,5.0,,TN1_0|FN1_0TN0_6|FN0_5TN0_1|F0_0T0_4|F0_5T0_9|F1_0T1_4|F1_5T1_9|F2_0T2_4|F2_5T2_9|F3_0T3_4|F3_5T3_9|F4_0,5.0,32,0.0,0.01558136366978125,,0,9,0.0,0.28125,True
ecb,rgdp,real_gdp_yoy,2022,3,2027,2027,longer_term,5.0,,TN1_0|FN1_0TN0_6|FN0_5TN0_1|F0_0T0_4|F0_5T0_9|F1_0T1_4|F1_5T1_9|F2_0T2_4|F2_5T2_9|F3_0T3_4|F3_5T3_9|F4_0,10.0,32,0.0,0.01558136366978125,,0,9,0.0,0.28125,True
ecb,rgdp,real_gdp_yoy,2022,3,,2023Q1,rolling_1y,1.0,,TN1_0|FN1_0TN0_6|FN0_5TN0_1|F0_0T0_4|F0_5T0_9|F1_0T1_4|F1_5T1_9|F2_0T2_4|F2_5T2_9|F3_0T3_4|F3_5T3_9|F4_0,3.0,30,0.046449576761433325,0.046449576761433325,0.046449576761433325,15,15,0.5,0.5,False
ecb,rgdp,real_gdp_yoy,2022,3,,2023Q1,rolling_1y,1.0,,TN1_0|FN1_0TN0_6|FN0_5TN0_1|F0_0T0_4|F0_5T0_9|F1_0T1_4|F1_5T1_9|F2_0T2_4|F2_5T2_9|F3_0T3_4|F3_5T3_9|F4_0,4.0,30,0.0157767223096,0.0157767223096,0.0157767223096,8,8,0.26666666666666666,0.26666666666666666,False
ecb,rgdp,real_gdp_yoy,2022,3,,2023Q1,rolling_1y,1.0,,TN1_0|FN1_0TN0_6|FN0_5TN0_1|F0_0T0_4|F0_5T0_9|F1_0T1_4|F1_5T1_9|F2_0T2_4|F2_5T2_9|F3_0T3_4|F3_5T3_9|F4_0,5.0,30,0.0,0.0157767223096,,0,8,0.0,0.26666666666666666,True
ecb,rgdp,real_gdp_yoy,2022,3,,2023Q1,rolling_1y,1.0,,TN1_0|FN1_0TN0_6|FN0_5TN0_1|F0_0T0_4|F0_5T0_9|F1_0T1_4|F1_5T1_9|F2_0T2_4|F2_5T2_9|F3_0T3_4|F3_5T3_9|F4_0,10.0,30,0.0,0.0157767223096,,0,8,0.0,0.26666666666666666,True
ecb,rgdp,real_gdp_yoy,2022,3,,2024Q1,rolling_2y,2.0,,TN1_0|FN1_0TN0_6|FN0_5TN0_1|F0_0T0_4|F0_5T0_9|F1_0T1_4|F1_5T1_9|F2_0T2_4|F2_5T2_9|F3_0T3_4|F3_5T3_9|F4_0,3.0,28,0.09140873660775,0.09140873660775,0.09140873660775002,19,19,0.6785714285714286,0.6785714285714286,False
ecb,rgdp,real_gdp_yoy,2022,3,,2024Q1,rolling_2y,2.0,,TN1_0|FN1_0TN0_6|FN0_5TN0_1|F0_0T0_4|F0_5T0_9|F1_0T1_4|F1_5T1_9|F2_0T2_4|F2_5T2_9|F3_0T3_4|F3_5T3_9|F4_0,4.0,28,0.02502058960228571,0.02502058960228571,0.02502058960228571,12,12,0.42857142857142855,0.42857142857142855,False
ecb,rgdp,real_gdp_yoy,2022,3,,2024Q1,rolling_2y,2.0,,TN1_0|FN1_0TN0_6|FN0_5TN0_1|F0_0T0_4|F0_5T0_9|F1_0T1_4|F1_5T1_9|F2_0T2_4|F2_5T2_9|F3_0T3_4|F3_5T3_9|F4_0,5.0,28,0.0,0.02502058960228571,,0,12,0.0,0.42857142857142855,True
ecb,rgdp,real_gdp_yoy,2022,3,,2024Q1,rolling_2y,2.0,,TN1_0|FN1_0TN0_6|FN0_5TN0_1|F0_0T0_4|F0_5T0_9|F1_0T1_4|F1_5T1_9|F2_0T2_4|F2_5T2_9|F3_0T3_4|F3_5T3_9|F4_0,10.0,28,0.0,0.02502058960228571,,0,12,0.0,0.42857142857142855,True
ecb,rgdp,real_gdp_yoy,2022,4,2022,2022,current_year,0.0,,TN1_0|FN1_0TN0_6|FN0_5TN0_1|F0_0T0_4|F0_5T0_9|F1_0T1_4|F1_5T1_9|F2_0T2_4|F2_5T2_9|F3_0T3_4|F3_5T3_9|F4_0,3.0,47,0.49639899763136575,0.49639899763136575,0.49639899763136575,45,45,0.9574468085106383,0.9574468085106383,False
ecb,rgdp,real_gdp_yoy,2022,4,2022,2022,current_year,0.0,,TN1_0|FN1_0TN0_6|FN0_5TN0_1|F0_0T0_4|F0_5T0_9|F1_0T1_4|F1_5T1_9|F2_0T2_4|F2_5T2_9|F3_0T3_4|F3_5T3_9|F4_0,4.0,47,0.017266048069889715,0.017266048069889715,0.017266048069889715,11,11,0.23404255319148937,0.23404255319148937,False
ecb,rgdp,real_gdp_yoy,2022,4,2022,2022,current_year,0.0,,TN1_0|FN1_0TN0_6|FN0_5TN0_1|F0_0T0_4|F0_5T0_9|F1_0T1_4|F1_5T1_9|F2_0T2_4|F2_5T2_9|F3_0T3_4|F3_5T3_9|F4_0,5.0,47,0.0,0.017266048069889715,,0,11,0.0,0.23404255319148937,True
ecb,rgdp,real_gdp_yoy,2022,4,2022,2022,current_year,0.0,,TN1_0|FN1_0TN0_6|FN0_5TN0_1|F0_0T0_4|F0_5T0_9|F1_0T1_4|F1_5T1_9|F2_0T2_4|F2_5T2_9|F3_0T3_4|F3_5T3_9|F4_0,10.0,47,0.0,0.017266048069889715,,0,11,0.0,0.23404255319148937,True
ecb,rgdp,real_gdp_yoy,2022,4,2023,2023,next_year,1.0,,TN1_0|FN1_0TN0_6|FN0_5TN0_1|F0_0T0_4|F0_5T0_9|F1_0T1_4|F1_5T1_9|F2_0T2_4|F2_5T2_9|F3_0T3_4|F3_5T3_9|F4_0,3.0,47,0.008665663161711554,0.008665663161711554,0.008665663161711553,12,12,0.2553191489361702,0.2553191489361702,False
ecb,rgdp,real_gdp_yoy,2022,4,2023,2023,next_year,1.0,,TN1_0|FN1_0TN0_6|FN0_5TN0_1|F0_0T0_4|F0_5T0_9|F1_0T1_4|F1_5T1_9|F2_0T2_4|F2_5T2_9|F3_0T3_4|F3_5T3_9|F4_0,4.0,47,0.002233190395585023,0.002233190395585023,0.002233190395585023,9,9,0.19148936170212766,0.19148936170212766,False
ecb,rgdp,real_gdp_yoy,2022,4,2023,2023,next_year,1.0,,TN1_0|FN1_0TN0_6|FN0_5TN0_1|F0_0T0_4|F0_5T0_9|F1_0T1_4|F1_5T1_9|F2_0T2_4|F2_5T2_9|F3_0T3_4|F3_5T3_9|F4_0,5.0,47,0.0,0.002233190395585023,,0,9,0.0,0.19148936170212766,True
ecb,rgdp,real_gdp_yoy,2022,4,2023,2023,next_year,1.0,,TN1_0|FN1_0TN0_6|FN0_5TN0_1|F0_0T0_4|F0_5T0_9|F1_0T1_4|F1_5T1_9|F2_0T2_4|F2_5T2_9|F3_0T3_4|F3_5T3_9|F4_0,10.0,47,0.0,0.002233190395585023,,0,9,0.0,0.19148936170212766,True
ecb,rgdp,real_gdp_yoy,2022,4,2024,2024,year_after_next,2.0,,TN1_0|FN1_0TN0_6|FN0_5TN0_1|F0_0T0_4|F0_5T0_9|F1_0T1_4|F1_5T1_9|F2_0T2_4|F2_5T2_9|F3_0T3_4|F3_5T3_9|F4_0,3.0,40,0.0576270135153041,0.0576270135153041,0.0576270135153041,26,26,0.65,0.65,False
ecb,rgdp,real_gdp_yoy,2022,4,2024,2024,year_after_next,2.0,,TN1_0|FN1_0TN0_6|FN0_5TN0_1|F0_0T0_4|F0_5T0_9|F1_0T1_4|F1_5T1_9|F2_0T2_4|F2_5T2_9|F3_0T3_4|F3_5T3_9|F4_0,4.0,40,0.009091108055936279,0.009091108055936279,0.009091108055936279,13,13,0.325,0.325,False
ecb,rgdp,real_gdp_yoy,2022,4,2024,2024,year_after_next,2.0,,TN1_0|FN1_0TN0_6|FN0_5TN0_1|F0_0T0_4|F0_5T0_9|F1_0T1_4|F1_5T1_9|F2_0T2_4|F2_5T2_9|F3_0T3_4|F3_5T3_9|F4_0,5.0,40,0.0,0.009091108055936279,,0,13,0.0,0.325,True
ecb,rgdp,real_gdp_yoy,2022,4,2024,2024,year_after_next,2.0,,TN1_0|FN1_0TN0_6|FN0_5TN0_1|F0_0T0_4|F0_5T0_9|F1_0T1_4|F1_5T1_9|F2_0T2_4|F2_5T2_9|F3_0T3_4|F3_5T3_9|F4_0,10.0,40,0.0,0.009091108055936279,,0,13,0.0,0.325,True
ecb,rgdp,real_gdp_yoy,2022,4,2027,2027,longer_term,5.0,,TN1_0|FN1_0TN0_6|FN0_5TN0_1|F0_0T0_4|F0_5T0_9|F1_0T1_4|F1_5T1_9|F2_0T2_4|F2_5T2_9|F3_0T3_4|F3_5T3_9|F4_0,3.0,33,0.05288759342622738,0.05288759342622738,0.05288759342622738,21,21,0.6363636363636364,0.6363636363636364,False
ecb,rgdp,real_gdp_yoy,2022,4,2027,2027,longer_term,5.0,,TN1_0|FN1_0TN0_6|FN0_5TN0_1|F0_0T0_4|F0_5T0_9|F1_0T1_4|F1_5T1_9|F2_0T2_4|F2_5T2_9|F3_0T3_4|F3_5T3_9|F4_0,4.0,33,0.010181494466908709,0.010181494466908709,0.010181494466908709,10,10,0.30303030303030304,0.30303030303030304,False
ecb,rgdp,real_gdp_yoy,2022,4,2027,2027,longer_term,5.0,,TN1_0|FN1_0TN0_6|FN0_5TN0_1|F0_0T0_4|F0_5T0_9|F1_0T1_4|F1_5T1_9|F2_0T2_4|F2_5T2_9|F3_0T3_4|F3_5T3_9|F4_0,5.0,33,0.0,0.010181494466908709,,0,10,0.0,0.30303030303030304,True
ecb,rgdp,real_gdp_yoy,2022,4,2027,2027,longer_term,5.0,,TN1_0|FN1_0TN0_6|FN0_5TN0_1|F0_0T0_4|F0_5T0_9|F1_0T1_4|F1_5T1_9|F2_0T2_4|F2_5T2_9|F3_0T3_4|F3_5T3_9|F4_0,10.0,33,0.0,0.010181494466908709,,0,10,0.0,0.30303030303030304,True
ecb,rgdp,real_gdp_yoy,2022,4,,2023Q2,rolling_1y,1.0,,TN1_0|FN1_0TN0_6|FN0_5TN0_1|F0_0T0_4|F0_5T0_9|F1_0T1_4|F1_5T1_9|F2_0T2_4|F2_5T2_9|F3_0T3_4|F3_5T3_9|F4_0,3.0,35,0.025438307003750143,0.025438307003750143,0.025438307003750143,8,8,0.22857142857142856,0.22857142857142856,False
ecb,rgdp,real_gdp_yoy,2022,4,,2023Q2,rolling_1y,1.0,,TN1_0|FN1_0TN0_6|FN0_5TN0_1|F0_0T0_4|F0_5T0_9|F1_0T1_4|F1_5T1_9|F2_0T2_4|F2_5T2_9|F3_0T3_4|F3_5T3_9|F4_0,4.0,35,0.016478838108489796,0.016478838108489796,0.016478838108489796,7,7,0.2,0.2,False
ecb,rgdp,real_gdp_yoy,2022,4,,2023Q2,rolling_1y,1.0,,TN1_0|FN1_0TN0_6|FN0_5TN0_1|F0_0T0_4|F0_5T0_9|F1_0T1_4|F1_5T1_9|F2_0T2_4|F2_5T2_9|F3_0T3_4|F3_5T3_9|F4_0,5.0,35,0.0,0.016478838108489796,,0,7,0.0,0.2,True
ecb,rgdp,real_gdp_yoy,2022,4,,2023Q2,rolling_1y,1.0,,TN1_0|FN1_0TN0_6|FN0_5TN0_1|F0_0T0_4|F0_5T0_9|F1_0T1_4|F1_5T1_9|F2_0T2_4|F2_5T2_9|F3_0T3_4|F3_5T3_9|F4_0,10.0,35,0.0,0.016478838108489796,,0,7,0.0,0.2,True
ecb,rgdp,real_gdp_yoy,2022,4,,2024Q2,rolling_2y,2.0,,TN1_0|FN1_0TN0_6|FN0_5TN0_1|F0_0T0_4|F0_5T0_9|F1_0T1_4|F1_5T1_9|F2_0T2_4|F2_5T2_9|F3_0T3_4|F3_5T3_9|F4_0,3.0,30,0.06475443708882987,0.06475443708882987,0.06475443708882986,21,21,0.7,0.7,False
ecb,rgdp,real_gdp_yoy,2022,4,,2024Q2,rolling_2y,2.0,,TN1_0|FN1_0TN0_6|FN0_5TN0_1|F0_0T0_4|F0_5T0_9|F1_0T1_4|F1_5T1_9|F2_0T2_4|F2_5T2_9|F3_0T3_4|F3_5T3_9|F4_0,4.0,30,0.015619667189136273,0.015619667189136273,0.015619667189136273,11,11,0.36666666666666664,0.36666666666666664,False
ecb,rgdp,real_gdp_yoy,2022,4,,2024Q2,rolling_2y,2.0,,TN1_0|FN1_0TN0_6|FN0_5TN0_1|F0_0T0_4|F0_5T0_9|F1_0T1_4|F1_5T1_9|F2_0T2_4|F2_5T2_9|F3_0T3_4|F3_5T3_9|F4_0,5.0,30,0.0,0.015619667189136273,,0,11,0.0,0.36666666666666664,True
ecb,rgdp,real_gdp_yoy,2022,4,,2024Q2,rolling_2y,2.0,,TN1_0|FN1_0TN0_6|FN0_5TN0_1|F0_0T0_4|F0_5T0_9|F1_0T1_4|F1_5T1_9|F2_0T2_4|F2_5T2_9|F3_0T3_4|F3_5T3_9|F4_0,10.0,30,0.0,0.015619667189136273,,0,11,0.0,0.36666666666666664,True
ecb,rgdp,real_gdp_yoy,2023,1,2023,2023,current_year,0.0,,TN1_0|FN1_0TN0_6|FN0_5TN0_1|F0_0T0_4|F0_5T0_9|F1_0T1_4|F1_5T1_9|F2_0T2_4|F2_5T2_9|F3_0T3_4|F3_5T3_9|F4_0,3.0,44,0.024651780175940587,0.024651780175940587,0.024651780175940587,10,10,0.22727272727272727,0.22727272727272727,False
ecb,rgdp,real_gdp_yoy,2023,1,2023,2023,current_year,0.0,,TN1_0|FN1_0TN0_6|FN0_5TN0_1|F0_0T0_4|F0_5T0_9|F1_0T1_4|F1_5T1_9|F2_0T2_4|F2_5T2_9|F3_0T3_4|F3_5T3_9|F4_0,4.0,44,0.004455441189989815,0.004455441189989815,0.004455441189989815,8,8,0.18181818181818182,0.18181818181818182,False
ecb,rgdp,real_gdp_yoy,2023,1,2023,2023,current_year,0.0,,TN1_0|FN1_0TN0_6|FN0_5TN0_1|F0_0T0_4|F0_5T0_9|F1_0T1_4|F1_5T1_9|F2_0T2_4|F2_5T2_9|F3_0T3_4|F3_5T3_9|F4_0,5.0,44,0.0,0.004455441189989815,,0,8,0.0,0.18181818181818182,True
ecb,rgdp,real_gdp_yoy,2023,1,2023,2023,current_year,0.0,,TN1_0|FN1_0TN0_6|FN0_5TN0_1|F0_0T0_4|F0_5T0_9|F1_0T1_4|F1_5T1_9|F2_0T2_4|F2_5T2_9|F3_0T3_4|F3_5T3_9|F4_0,10.0,44,0.0,0.004455441189989815,,0,8,0.0,0.18181818181818182,True
ecb,rgdp,real_gdp_yoy,2023,1,2024,2024,next_year,1.0,,TN1_0|FN1_0TN0_6|FN0_5TN0_1|F0_0T0_4|F0_5T0_9|F1_0T1_4|F1_5T1_9|F2_0T2_4|F2_5T2_9|F3_0T3_4|F3_5T3_9|F4_0,3.0,42,0.041465702869323495,0.041465702869323495,0.041465702869323495,17,17,0.40476190476190477,0.40476190476190477,False
ecb,rgdp,real_gdp_yoy,2023,1,2024,2024,next_year,1.0,,TN1_0|FN1_0TN0_6|FN0_5TN0_1|F0_0T0_4|F0_5T0_9|F1_0T1_4|F1_5T1_9|F2_0T2_4|F2_5T2_9|F3_0T3_4|F3_5T3_9|F4_0,4.0,42,0.007472330247955477,0.007472330247955477,0.007472330247955477,12,12,0.2857142857142857,0.2857142857142857,False
ecb,rgdp,real_gdp_yoy,2023,1,2024,2024,next_year,1.0,,TN1_0|FN1_0TN0_6|FN0_5TN0_1|F0_0T0_4|F0_5T0_9|F1_0T1_4|F1_5T1_9|F2_0T2_4|F2_5T2_9|F3_0T3_4|F3_5T3_9|F4_0,5.0,42,0.0,0.007472330247955477,,0,12,0.0,0.2857142857142857,True
ecb,rgdp,real_gdp_yoy,2023,1,2024,2024,next_year,1.0,,TN1_0|FN1_0TN0_6|FN0_5TN0_1|F0_0T0_4|F0_5T0_9|F1_0T1_4|F1_5T1_9|F2_0T2_4|F2_5T2_9|F3_0T3_4|F3_5T3_9|F4_0,10.0,42,0.0,0.007472330247955477,,0,12,0.0,0.2857142857142857,True
ecb,rgdp,real_gdp_yoy,2023,1,2025,2025,year_after_next,2.0,,TN1_0|FN1_0TN0_6|FN0_5TN0_1|F0_0T0_4|F0_5T0_9|F1_0T1_4|F1_5T1_9|F2_0T2_4|F2_5T2_9|F3_0T3_4|F3_5T3_9|F4_0,3.0,37,0.06841868429433304,0.06841868429433304,0.06841868429433304,24,24,0.6486486486486487,0.6486486486486487,False
ecb,rgdp,real_gdp_yoy,2023,1,2025,2025,year_after_next,2.0,,TN1_0|FN1_0TN0_6|FN0_5TN0_1|F0_0T0_4|F0_5T0_9|F1_0T1_4|F1_5T1_9|F2_0T2_4|F2_5T2_9|F3_0T3_4|F3_5T3_9|F4_0,4.0,37,0.013234731833735474,0.013234731833735474,0.013234731833735474,12,12,0.32432432432432434,0.32432432432432434,False
ecb,rgdp,real_gdp_yoy,2023,1,2025,2025,year_after_next,2.0,,TN1_0|FN1_0TN0_6|FN0_5TN0_1|F0_0T0_4|F0_5T0_9|F1_0T1_4|F1_5T1_9|F2_0T2_4|F2_5T2_9|F3_0T3_4|F3_5T3_9|F4_0,5.0,37,0.0,0.013234731833735474,,0,12,0.0,0.32432432432432434,True
ecb,rgdp,real_gdp_yoy,2023,1,2025,2025,year_after_next,2.0,,TN1_0|FN1_0TN0_6|FN0_5TN0_1|F0_0T0_4|F0_5T0_9|F1_0T1_4|F1_5T1_9|F2_0T2_4|F2_5T2_9|F3_0T3_4|F3_5T3_9|F4_0,10.0,37,0.0,0.013234731833735474,,0,12,0.0,0.32432432432432434,True
ecb,rgdp,real_gdp_yoy,2023,1,2027,2027,longer_term,4.0,,TN1_0|FN1_0TN0_6|FN0_5TN0_1|F0_0T0_4|F0_5T0_9|F1_0T1_4|F1_5T1_9|F2_0T2_4|F2_5T2_9|F3_0T3_4|F3_5T3_9|F4_0,3.0,32,0.057606880908906324,0.057606880908906324,0.05760688090890633,16,16,0.5,0.5,False
ecb,rgdp,real_gdp_yoy,2023,1,2027,2027,longer_term,4.0,,TN1_0|FN1_0TN0_6|FN0_5TN0_1|F0_0T0_4|F0_5T0_9|F1_0T1_4|F1_5T1_9|F2_0T2_4|F2_5T2_9|F3_0T3_4|F3_5T3_9|F4_0,4.0,32,0.013734499525490777,0.013734499525490777,0.013734499525490777,11,11,0.34375,0.34375,False
ecb,rgdp,real_gdp_yoy,2023,1,2027,2027,longer_term,4.0,,TN1_0|FN1_0TN0_6|FN0_5TN0_1|F0_0T0_4|F0_5T0_9|F1_0T1_4|F1_5T1_9|F2_0T2_4|F2_5T2_9|F3_0T3_4|F3_5T3_9|F4_0,5.0,32,0.0,0.013734499525490777,,0,11,0.0,0.34375,True
ecb,rgdp,real_gdp_yoy,2023,1,2027,2027,longer_term,4.0,,TN1_0|FN1_0TN0_6|FN0_5TN0_1|F0_0T0_4|F0_5T0_9|F1_0T1_4|F1_5T1_9|F2_0T2_4|F2_5T2_9|F3_0T3_4|F3_5T3_9|F4_0,10.0,32,0.0,0.013734499525490777,,0,11,0.0,0.34375,True
ecb,rgdp,real_gdp_yoy,2023,1,,2023Q3,rolling_1y,1.0,,TN1_0|FN1_0TN0_6|FN0_5TN0_1|F0_0T0_4|F0_5T0_9|F1_0T1_4|F1_5T1_9|F2_0T2_4|F2_5T2_9|F3_0T3_4|F3_5T3_9|F4_0,3.0,32,0.02430787886060202,0.02430787886060202,0.024307878860602018,9,9,0.28125,0.28125,False
ecb,rgdp,real_gdp_yoy,2023,1,,2023Q3,rolling_1y,1.0,,TN1_0|FN1_0TN0_6|FN0_5TN0_1|F0_0T0_4|F0_5T0_9|F1_0T1_4|F1_5T1_9|F2_0T2_4|F2_5T2_9|F3_0T3_4|F3_5T3_9|F4_0,4.0,32,0.014810406627351612,0.014810406627351612,0.014810406627351612,8,8,0.25,0.25,False
ecb,rgdp,real_gdp_yoy,2023,1,,2023Q3,rolling_1y,1.0,,TN1_0|FN1_0TN0_6|FN0_5TN0_1|F0_0T0_4|F0_5T0_9|F1_0T1_4|F1_5T1_9|F2_0T2_4|F2_5T2_9|F3_0T3_4|F3_5T3_9|F4_0,5.0,32,0.0,0.014810406627351612,,0,8,0.0,0.25,True
ecb,rgdp,real_gdp_yoy,2023,1,,2023Q3,rolling_1y,1.0,,TN1_0|FN1_0TN0_6|FN0_5TN0_1|F0_0T0_4|F0_5T0_9|F1_0T1_4|F1_5T1_9|F2_0T2_4|F2_5T2_9|F3_0T3_4|F3_5T3_9|F4_0,10.0,32,0.0,0.014810406627351612,,0,8,0.0,0.25,True
ecb,rgdp,real_gdp_yoy,2023,1,,2024Q3,rolling_2y,2.0,,TN1_0|FN1_0TN0_6|FN0_5TN0_1|F0_0T0_4|F0_5T0_9|F1_0T1_4|F1_5T1_9|F2_0T2_4|F2_5T2_9|F3_0T3_4|F3_5T3_9|F4_0,3.0,31,0.06825920893032394,0.06825920893032394,0.06825920893032393,16,16,0.5161290322580645,0.5161290322580645,False
ecb,rgdp,real_gdp_yoy,2023,1,,2024Q3,rolling_2y,2.0,,TN1_0|FN1_0TN0_6|FN0_5TN0_1|F0_0T0_4|F0_5T0_9|F1_0T1_4|F1_5T1_9|F2_0T2_4|F2_5T2_9|F3_0T3_4|F3_5T3_9|F4_0,4.0,31,0.021717694051939206,0.021717694051939206,0.021717694051939206,11,11,0.3548387096774194,0.3548387096774194,False
ecb,rgdp,real_gdp_yoy,2023,1,,2024Q3,rolling_2y,2.0,,TN1_0|FN1_0TN0_6|FN0_5TN0_1|F0_0T0_4|F0_5T0_9|F1_0T1_4|F1_5T1_9|F2_0T2_4|F2_5T2_9|F3_0T3_4|F3_5T3_9|F4_0,5.0,31,0.0,0.021717694051939206,,0,11,0.0,0.3548387096774194,True
ecb,rgdp,real_gdp_yoy,2023,1,,2024Q3,rolling_2y,2.0,,TN1_0|FN1_0TN0_6|FN0_5TN0_1|F0_0T0_4|F0_5T0_9|F1_0T1_4|F1_5T1_9|F2_0T2_4|F2_5T2_9|F3_0T3_4|F3_5T3_9|F4_0,10.0,31,0.0,0.021717694051939206,,0,11,0.0,0.3548387096774194,True
ecb,rgdp,real_gdp_yoy,2023,2,2023,2023,current_year,0.0,,TN1_0|FN1_0TN0_6|FN0_5TN0_1|F0_0T0_4|F0_5T0_9|F1_0T1_4|F1_5T1_9|F2_0T2_4|F2_5T2_9|F3_0T3_4|F3_5T3_9|F4_0,3.0,46,0.008298803834974255,0.008298803834974255,0.008298803834974255,9,9,0.1956521739130435,0.1956521739130435,False
ecb,rgdp,real_gdp_yoy,2023,2,2023,2023,current_year,0.0,,TN1_0|FN1_0TN0_6|FN0_5TN0_1|F0_0T0_4|F0_5T0_9|F1_0T1_4|F1_5T1_9|F2_0T2_4|F2_5T2_9|F3_0T3_4|F3_5T3_9|F4_0,4.0,46,0.0018097599265838283,0.0018097599265838283,0.0018097599265838283,7,7,0.15217391304347827,0.15217391304347827,False
ecb,rgdp,real_gdp_yoy,2023,2,2023,2023,current_year,0.0,,TN1_0|FN1_0TN0_6|FN0_5TN0_1|F0_0T0_4|F0_5T0_9|F1_0T1_4|F1_5T1_9|F2_0T2_4|F2_5T2_9|F3_0T3_4|F3_5T3_9|F4_0,5.0,46,0.0,0.0018097599265838283,,0,7,0.0,0.15217391304347827,True
ecb,rgdp,real_gdp_yoy,2023,2,2023,2023,current_year,0.0,,TN1_0|FN1_0TN0_6|FN0_5TN0_1|F0_0T0_4|F0_5T0_9|F1_0T1_4|F1_5T1_9|F2_0T2_4|F2_5T2_9|F3_0T3_4|F3_5T3_9|F4_0,10.0,46,0.0,0.0018097599265838283,,0,7,0.0,0.15217391304347827,True
ecb,rgdp,real_gdp_yoy,2023,2,2024,2024,next_year,1.0,,TN1_0|FN1_0TN0_6|FN0_5TN0_1|F0_0T0_4|F0_5T0_9|F1_0T1_4|F1_5T1_9|F2_0T2_4|F2_5T2_9|F3_0T3_4|F3_5T3_9|F4_0,3.0,46,0.036476008168045596,0.036476008168045596,0.036476008168045596,14,14,0.30434782608695654,0.30434782608695654,False
ecb,rgdp,real_gdp_yoy,2023,2,2024,2024,next_year,1.0,,TN1_0|FN1_0TN0_6|FN0_5TN0_1|F0_0T0_4|F0_5T0_9|F1_0T1_4|F1_5T1_9|F2_0T2_4|F2_5T2_9|F3_0T3_4|F3_5T3_9|F4_0,4.0,46,0.007574471138635484,0.007574471138635484,0.007574471138635484,11,11,0.2391304347826087,0.2391304347826087,False
ecb,rgdp,real_gdp_yoy,2023,2,2024,2024,next_year,1.0,,TN1_0|FN1_0TN0_6|FN0_5TN0_1|F0_0T0_4|F0_5T0_9|F1_0T1_4|F1_5T1_9|F2_0T2_4|F2_5T2_9|F3_0T3_4|F3_5T3_9|F4_0,5.0,46,0.0,0.007574471138635484,,0,11,0.0,0.2391304347826087,True
ecb,rgdp,real_gdp_yoy,2023,2,2024,2024,next_year,1.0,,TN1_0|FN1_0TN0_6|FN0_5TN0_1|F0_0T0_4|F0_5T0_9|F1_0T1_4|F1_5T1_9|F2_0T2_4|F2_5T2_9|F3_0T3_4|F3_5T3_9|F4_0,10.0,46,0.0,0.007574471138635484,,0,11,0.0,0.2391304347826087,True
ecb,rgdp,real_gdp_yoy,2023,2,2025,2025,year_after_next,2.0,,TN1_0|FN1_0TN0_6|FN0_5TN0_1|F0_0T0_4|F0_5T0_9|F1_0T1_4|F1_5T1_9|F2_0T2_4|F2_5T2_9|F3_0T3_4|F3_5T3_9|F4_0,3.0,37,0.060026032662031256,0.060026032662031256,0.060026032662031256,25,25,0.6756756756756757,0.6756756756756757,False
ecb,rgdp,real_gdp_yoy,2023,2,2025,2025,year_after_next,2.0,,TN1_0|FN1_0TN0_6|FN0_5TN0_1|F0_0T0_4|F0_5T0_9|F1_0T1_4|F1_5T1_9|F2_0T2_4|F2_5T2_9|F3_0T3_4|F3_5T3_9|F4_0,4.0,37,0.008999579405692428,0.008999579405692428,0.008999579405692428,11,11,0.2972972972972973,0.2972972972972973,False
ecb,rgdp,real_gdp_yoy,2023,2,2025,2025,year_after_next,2.0,,TN1_0|FN1_0TN0_6|FN0_5TN0_1|F0_0T0_4|F0_5T0_9|F1_0T1_4|F1_5T1_9|F2_0T2_4|F2_5T2_9|F3_0T3_4|F3_5T3_9|F4_0,5.0,37,0.0,0.008999579405692428,,0,11,0.0,0.2972972972972973,True
ecb,rgdp,real_gdp_yoy,2023,2,2025,2025,year_after_next,2.0,,TN1_0|FN1_0TN0_6|FN0_5TN0_1|F0_0T0_4|F0_5T0_9|F1_0T1_4|F1_5T1_9|F2_0T2_4|F2_5T2_9|F3_0T3_4|F3_5T3_9|F4_0,10.0,37,0.0,0.008999579405692428,,0,11,0.0,0.2972972972972973,True
ecb,rgdp,real_gdp_yoy,2023,2,2027,2027,longer_term,4.0,,TN1_0|FN1_0TN0_6|FN0_5TN0_1|F0_0T0_4|F0_5T0_9|F1_0T1_4|F1_5T1_9|F2_0T2_4|F2_5T2_9|F3_0T3_4|F3_5T3_9|F4_0,3.0,34,0.0531961519891358,0.0531961519891358,0.0531961519891358,17,17,0.5,0.5,False
ecb,rgdp,real_gdp_yoy,2023,2,2027,2027,longer_term,4.0,,TN1_0|FN1_0TN0_6|FN0_5TN0_1|F0_0T0_4|F0_5T0_9|F1_0T1_4|F1_5T1_9|F2_0T2_4|F2_5T2_9|F3_0T3_4|F3_5T3_9|F4_0,4.0,34,0.012854039235184122,0.012854039235184122,0.012854039235184122,12,12,0.35294117647058826,0.35294117647058826,False
ecb,rgdp,real_gdp_yoy,2023,2,2027,2027,longer_term,4.0,,TN1_0|FN1_0TN0_6|FN0_5TN0_1|F0_0T0_4|F0_5T0_9|F1_0T1_4|F1_5T1_9|F2_0T2_4|F2_5T2_9|F3_0T3_4|F3_5T3_9|F4_0,5.0,34,0.0,0.012854039235184122,,0,12,0.0,0.35294117647058826,True
ecb,rgdp,real_gdp_yoy,2023,2,2027,2027,longer_term,4.0,,TN1_0|FN1_0TN0_6|FN0_5TN0_1|F0_0T0_4|F0_5T0_9|F1_0T1_4|F1_5T1_9|F2_0T2_4|F2_5T2_9|F3_0T3_4|F3_5T3_9|F4_0,10.0,34,0.0,0.012854039235184122,,0,12,0.0,0.35294117647058826,True
ecb,rgdp,real_gdp_yoy,2023,2,,2023Q4,rolling_1y,1.0,,TN1_0|FN1_0TN0_6|FN0_5TN0_1|F0_0T0_4|F0_5T0_9|F1_0T1_4|F1_5T1_9|F2_0T2_4|F2_5T2_9|F3_0T3_4|F3_5T3_9|F4_0,3.0,34,0.03070611211938065,0.03070611211938065,0.03070611211938065,10,10,0.29411764705882354,0.29411764705882354,False
ecb,rgdp,real_gdp_yoy,2023,2,,2023Q4,rolling_1y,1.0,,TN1_0|FN1_0TN0_6|FN0_5TN0_1|F0_0T0_4|F0_5T0_9|F1_0T1_4|F1_5T1_9|F2_0T2_4|F2_5T2_9|F3_0T3_4|F3_5T3_9|F4_0,4.0,34,0.013208883124617684,0.013208883124617684,0.013208883124617684,8,8,0.23529411764705882,0.23529411764705882,False
ecb,rgdp,real_gdp_yoy,2023,2,,2023Q4,rolling_1y,1.0,,TN1_0|FN1_0TN0_6|FN0_5TN0_1|F0_0T0_4|F0_5T0_9|F1_0T1_4|F1_5T1_9|F2_0T2_4|F2_5T2_9|F3_0T3_4|F3_5T3_9|F4_0,5.0,34,0.0,0.013208883124617684,,0,8,0.0,0.23529411764705882,True
ecb,rgdp,real_gdp_yoy,2023,2,,2023Q4,rolling_1y,1.0,,TN1_0|FN1_0TN0_6|FN0_5TN0_1|F0_0T0_4|F0_5T0_9|F1_0T1_4|F1_5T1_9|F2_0T2_4|F2_5T2_9|F3_0T3_4|F3_5T3_9|F4_0,10.0,34,0.0,0.013208883124617684,,0,8,0.0,0.23529411764705882,True
ecb,rgdp,real_gdp_yoy,2023,2,,2024Q4,rolling_2y,2.0,,TN1_0|FN1_0TN0_6|FN0_5TN0_1|F0_0T0_4|F0_5T0_9|F1_0T1_4|F1_5T1_9|F2_0T2_4|F2_5T2_9|F3_0T3_4|F3_5T3_9|F4_0,3.0,34,0.06818014722647024,0.06818014722647024,0.06818014722647024,18,18,0.5294117647058824,0.5294117647058824,False
ecb,rgdp,real_gdp_yoy,2023,2,,2024Q4,rolling_2y,2.0,,TN1_0|FN1_0TN0_6|FN0_5TN0_1|F0_0T0_4|F0_5T0_9|F1_0T1_4|F1_5T1_9|F2_0T2_4|F2_5T2_9|F3_0T3_4|F3_5T3_9|F4_0,4.0,34,0.021559776664762737,0.021559776664762737,0.021559776664762737,12,12,0.35294117647058826,0.35294117647058826,False
ecb,rgdp,real_gdp_yoy,2023,2,,2024Q4,rolling_2y,2.0,,TN1_0|FN1_0TN0_6|FN0_5TN0_1|F0_0T0_4|F0_5T0_9|F1_0T1_4|F1_5T1_9|F2_0T2_4|F2_5T2_9|F3_0T3_4|F3_5T3_9|F4_0,5.0,34,0.0,0.021559776664762737,,0,12,0.0,0.35294117647058826,True
ecb,rgdp,real_gdp_yoy,2023,2,,2024Q4,rolling_2y,2.0,,TN1_0|FN1_0TN0_6|FN0_5TN0_1|F0_0T0_4|F0_5T0_9|F1_0T1_4|F1_5T1_9|F2_0T2_4|F2_5T2_9|F3_0T3_4|F3_5T3_9|F4_0,10.0,34,0.0,0.021559776664762737,,0,12,0.0,0.35294117647058826,True
ecb,rgdp,real_gdp_yoy,2023,3,2023,2023,current_year,0.0,,TN1_0|FN1_0TN0_6|FN0_5TN0_1|F0_0T0_4|F0_5T0_9|F1_0T1_4|F1_5T1_9|F2_0T2_4|F2_5T2_9|F3_0T3_4|F3_5T3_9|F4_0,3.0,40,0.005784876308269758,0.005784876308269758,0.005784876308269758,9,9,0.225,0.225,False
ecb,rgdp,real_gdp_yoy,2023,3,2023,2023,current_year,0.0,,TN1_0|FN1_0TN0_6|FN0_5TN0_1|F0_0T0_4|F0_5T0_9|F1_0T1_4|F1_5T1_9|F2_0T2_4|F2_5T2_9|F3_0T3_4|F3_5T3_9|F4_0,4.0,40,0.0013284332714003759,0.0013284332714003759,0.0013284332714003759,7,7,0.175,0.175,False
ecb,rgdp,real_gdp_yoy,2023,3,2023,2023,current_year,0.0,,TN1_0|FN1_0TN0_6|FN0_5TN0_1|F0_0T0_4|F0_5T0_9|F1_0T1_4|F1_5T1_9|F2_0T2_4|F2_5T2_9|F3_0T3_4|F3_5T3_9|F4_0,5.0,40,0.0,0.0013284332714003759,,0,7,0.0,0.175,True
ecb,rgdp,real_gdp_yoy,2023,3,2023,2023,current_year,0.0,,TN1_0|FN1_0TN0_6|FN0_5TN0_1|F0_0T0_4|F0_5T0_9|F1_0T1_4|F1_5T1_9|F2_0T2_4|F2_5T2_9|F3_0T3_4|F3_5T3_9|F4_0,10.0,40,0.0,0.0013284332714003759,,0,7,0.0,0.175,True
ecb,rgdp,real_gdp_yoy,2023,3,2024,2024,next_year,1.0,,TN1_0|FN1_0TN0_6|FN0_5TN0_1|F0_0T0_4|F0_5T0_9|F1_0T1_4|F1_5T1_9|F2_0T2_4|F2_5T2_9|F3_0T3_4|F3_5T3_9|F4_0,3.0,40,0.02946644557812652,0.02946644557812652,0.02946644557812652,14,14,0.35,0.35,False
ecb,rgdp,real_gdp_yoy,2023,3,2024,2024,next_year,1.0,,TN1_0|FN1_0TN0_6|FN0_5TN0_1|F0_0T0_4|F0_5T0_9|F1_0T1_4|F1_5T1_9|F2_0T2_4|F2_5T2_9|F3_0T3_4|F3_5T3_9|F4_0,4.0,40,0.005946122650147119,0.005946122650147119,0.005946122650147119,10,10,0.25,0.25,False
ecb,rgdp,real_gdp_yoy,2023,3,2024,2024,next_year,1.0,,TN1_0|FN1_0TN0_6|FN0_5TN0_1|F0_0T0_4|F0_5T0_9|F1_0T1_4|F1_5T1_9|F2_0T2_4|F2_5T2_9|F3_0T3_4|F3_5T3_9|F4_0,5.0,40,0.0,0.005946122650147119,,0,10,0.0,0.25,True
ecb,rgdp,real_gdp_yoy,2023,3,2024,2024,next_year,1.0,,TN1_0|FN1_0TN0_6|FN0_5TN0_1|F0_0T0_4|F0_5T0_9|F1_0T1_4|F1_5T1_9|F2_0T2_4|F2_5T2_9|F3_0T3_4|F3_5T3_9|F4_0,10.0,40,0.0,0.005946122650147119,,0,10,0.0,0.25,True
ecb,rgdp,real_gdp_yoy,2023,3,2025,2025,year_after_next,2.0,,TN1_0|FN1_0TN0_6|FN0_5TN0_1|F0_0T0_4|F0_5T0_9|F1_0T1_4|F1_5T1_9|F2_0T2_4|F2_5T2_9|F3_0T3_4|F3_5T3_9|F4_0,3.0,34,0.04525450216284091,0.04525450216284091,0.04525450216284091,18,18,0.5294117647058824,0.5294117647058824,False
ecb,rgdp,real_gdp_yoy,2023,3,2025,2025,year_after_next,2.0,,TN1_0|FN1_0TN0_6|FN0_5TN0_1|F0_0T0_4|F0_5T0_9|F1_0T1_4|F1_5T1_9|F2_0T2_4|F2_5T2_9|F3_0T3_4|F3_5T3_9|F4_0,4.0,34,0.005736763771260517,0.005736763771260517,0.005736763771260517,9,9,0.2647058823529412,0.2647058823529412,False
ecb,rgdp,real_gdp_yoy,2023,3,2025,2025,year_after_next,2.0,,TN1_0|FN1_0TN0_6|FN0_5TN0_1|F0_0T0_4|F0_5T0_9|F1_0T1_4|F1_5T1_9|F2_0T2_4|F2_5T2_9|F3_0T3_4|F3_5T3_9|F4_0,5.0,34,0.0,0.005736763771260517,,0,9,0.0,0.2647058823529412,True
ecb,rgdp,real_gdp_yoy,2023,3,2025,2025,year_after_next,2.0,,TN1_0|FN1_0TN0_6|FN0_5TN0_1|F0_0T0_4|F0_5T0_9|F1_0T1_4|F1_5T1_9|F2_0T2_4|F2_5T2_9|F3_0T3_4|F3_5T3_9|F4_0,10.0,34,0.0,0.005736763771260517,,0,9,0.0,0.2647058823529412,True
ecb,rgdp,real_gdp_yoy,2023,3,2028,2028,longer_term,5.0,,TN1_0|FN1_0TN0_6|FN0_5TN0_1|F0_0T0_4|F0_5T0_9|F1_0T1_4|F1_5T1_9|F2_0T2_4|F2_5T2_9|F3_0T3_4|F3_5T3_9|F4_0,3.0,29,0.052369911038985625,0.052369911038985625,0.052369911038985625,16,16,0.5517241379310345,0.5517241379310345,False
ecb,rgdp,real_gdp_yoy,2023,3,2028,2028,longer_term,5.0,,TN1_0|FN1_0TN0_6|FN0_5TN0_1|F0_0T0_4|F0_5T0_9|F1_0T1_4|F1_5T1_9|F2_0T2_4|F2_5T2_9|F3_0T3_4|F3_5T3_9|F4_0,4.0,29,0.012095548309564491,0.012095548309564491,0.012095548309564491,9,9,0.3103448275862069,0.3103448275862069,False
ecb,rgdp,real_gdp_yoy,2023,3,2028,2028,longer_term,5.0,,TN1_0|FN1_0TN0_6|FN0_5TN0_1|F0_0T0_4|F0_5T0_9|F1_0T1_4|F1_5T1_9|F2_0T2_4|F2_5T2_9|F3_0T3_4|F3_5T3_9|F4_0,5.0,29,0.0,0.012095548309564491,,0,9,0.0,0.3103448275862069,True
ecb,rgdp,real_gdp_yoy,2023,3,2028,2028,longer_term,5.0,,TN1_0|FN1_0TN0_6|FN0_5TN0_1|F0_0T0_4|F0_5T0_9|F1_0T1_4|F1_5T1_9|F2_0T2_4|F2_5T2_9|F3_0T3_4|F3_5T3_9|F4_0,10.0,29,0.0,0.012095548309564491,,0,9,0.0,0.3103448275862069,True
ecb,rgdp,real_gdp_yoy,2023,3,,2024Q1,rolling_1y,1.0,,TN1_0|FN1_0TN0_6|FN0_5TN0_1|F0_0T0_4|F0_5T0_9|F1_0T1_4|F1_5T1_9|F2_0T2_4|F2_5T2_9|F3_0T3_4|F3_5T3_9|F4_0,3.0,29,0.03586783468711155,0.03586783468711155,0.03586783468711154,11,11,0.3793103448275862,0.3793103448275862,False
ecb,rgdp,real_gdp_yoy,2023,3,,2024Q1,rolling_1y,1.0,,TN1_0|FN1_0TN0_6|FN0_5TN0_1|F0_0T0_4|F0_5T0_9|F1_0T1_4|F1_5T1_9|F2_0T2_4|F2_5T2_9|F3_0T3_4|F3_5T3_9|F4_0,4.0,29,0.014130334417734276,0.014130334417734276,0.014130334417734276,8,8,0.27586206896551724,0.27586206896551724,False
ecb,rgdp,real_gdp_yoy,2023,3,,2024Q1,rolling_1y,1.0,,TN1_0|FN1_0TN0_6|FN0_5TN0_1|F0_0T0_4|F0_5T0_9|F1_0T1_4|F1_5T1_9|F2_0T2_4|F2_5T2_9|F3_0T3_4|F3_5T3_9|F4_0,5.0,29,0.0,0.014130334417734276,,0,8,0.0,0.27586206896551724,True
ecb,rgdp,real_gdp_yoy,2023,3,,2024Q1,rolling_1y,1.0,,TN1_0|FN1_0TN0_6|FN0_5TN0_1|F0_0T0_4|F0_5T0_9|F1_0T1_4|F1_5T1_9|F2_0T2_4|F2_5T2_9|F3_0T3_4|F3_5T3_9|F4_0,10.0,29,0.0,0.014130334417734276,,0,8,0.0,0.27586206896551724,True
ecb,rgdp,real_gdp_yoy,2023,3,,2025Q1,rolling_2y,2.0,,TN1_0|FN1_0TN0_6|FN0_5TN0_1|F0_0T0_4|F0_5T0_9|F1_0T1_4|F1_5T1_9|F2_0T2_4|F2_5T2_9|F3_0T3_4|F3_5T3_9|F4_0,3.0,24,0.06339416580861869,0.06339416580861869,0.06339416580861869,13,13,0.5416666666666666,0.5416666666666666,False
ecb,rgdp,real_gdp_yoy,2023,3,,2025Q1,rolling_2y,2.0,,TN1_0|FN1_0TN0_6|FN0_5TN0_1|F0_0T0_4|F0_5T0_9|F1_0T1_4|F1_5T1_9|F2_0T2_4|F2_5T2_9|F3_0T3_4|F3_5T3_9|F4_0,4.0,24,0.018579777694739695,0.018579777694739695,0.018579777694739695,9,9,0.375,0.375,False
ecb,rgdp,real_gdp_yoy,2023,3,,2025Q1,rolling_2y,2.0,,TN1_0|FN1_0TN0_6|FN0_5TN0_1|F0_0T0_4|F0_5T0_9|F1_0T1_4|F1_5T1_9|F2_0T2_4|F2_5T2_9|F3_0T3_4|F3_5T3_9|F4_0,5.0,24,0.0,0.018579777694739695,,0,9,0.0,0.375,True
ecb,rgdp,real_gdp_yoy,2023,3,,2025Q1,rolling_2y,2.0,,TN1_0|FN1_0TN0_6|FN0_5TN0_1|F0_0T0_4|F0_5T0_9|F1_0T1_4|F1_5T1_9|F2_0T2_4|F2_5T2_9|F3_0T3_4|F3_5T3_9|F4_0,10.0,24,0.0,0.018579777694739695,,0,9,0.0,0.375,True
ecb,rgdp,real_gdp_yoy,2023,4,2023,2023,current_year,0.0,,TN1_0|FN1_0TN0_6|FN0_5TN0_1|F0_0T0_4|F0_5T0_9|F1_0T1_4|F1_5T1_9|F2_0T2_4|F2_5T2_9|F3_0T3_4|F3_5T3_9|F4_0,3.0,51,0.005054430375693412,0.005054430375693412,0.005054430375693412,7,7,0.13725490196078433,0.13725490196078433,False
ecb,rgdp,real_gdp_yoy,2023,4,2023,2023,current_year,0.0,,TN1_0|FN1_0TN0_6|FN0_5TN0_1|F0_0T0_4|F0_5T0_9|F1_0T1_4|F1_5T1_9|F2_0T2_4|F2_5T2_9|F3_0T3_4|F3_5T3_9|F4_0,4.0,51,0.0010567928743623872,0.0010567928743623872,0.0010567928743623872,5,5,0.09803921568627451,0.09803921568627451,False
ecb,rgdp,real_gdp_yoy,2023,4,2023,2023,current_year,0.0,,TN1_0|FN1_0TN0_6|FN0_5TN0_1|F0_0T0_4|F0_5T0_9|F1_0T1_4|F1_5T1_9|F2_0T2_4|F2_5T2_9|F3_0T3_4|F3_5T3_9|F4_0,5.0,51,0.0,0.0010567928743623872,,0,5,0.0,0.09803921568627451,True
ecb,rgdp,real_gdp_yoy,2023,4,2023,2023,current_year,0.0,,TN1_0|FN1_0TN0_6|FN0_5TN0_1|F0_0T0_4|F0_5T0_9|F1_0T1_4|F1_5T1_9|F2_0T2_4|F2_5T2_9|F3_0T3_4|F3_5T3_9|F4_0,10.0,51,0.0,0.0010567928743623872,,0,5,0.0,0.09803921568627451,True
ecb,rgdp,real_gdp_yoy,2023,4,2024,2024,next_year,1.0,,TN1_0|FN1_0TN0_6|FN0_5TN0_1|F0_0T0_4|F0_5T0_9|F1_0T1_4|F1_5T1_9|F2_0T2_4|F2_5T2_9|F3_0T3_4|F3_5T3_9|F4_0,3.0,51,0.021630696875162586,0.021630696875162586,0.021630696875162586,13,13,0.2549019607843137,0.2549019607843137,False
ecb,rgdp,real_gdp_yoy,2023,4,2024,2024,next_year,1.0,,TN1_0|FN1_0TN0_6|FN0_5TN0_1|F0_0T0_4|F0_5T0_9|F1_0T1_4|F1_5T1_9|F2_0T2_4|F2_5T2_9|F3_0T3_4|F3_5T3_9|F4_0,4.0,51,0.0035999892728464655,0.0035999892728464655,0.0035999892728464655,9,9,0.17647058823529413,0.17647058823529413,False
ecb,rgdp,real_gdp_yoy,2023,4,2024,2024,next_year,1.0,,TN1_0|FN1_0TN0_6|FN0_5TN0_1|F0_0T0_4|F0_5T0_9|F1_0T1_4|F1_5T1_9|F2_0T2_4|F2_5T2_9|F3_0T3_4|F3_5T3_9|F4_0,5.0,51,0.0,0.0035999892728464655,,0,9,0.0,0.17647058823529413,True
ecb,rgdp,real_gdp_yoy,2023,4,2024,2024,next_year,1.0,,TN1_0|FN1_0TN0_6|FN0_5TN0_1|F0_0T0_4|F0_5T0_9|F1_0T1_4|F1_5T1_9|F2_0T2_4|F2_5T2_9|F3_0T3_4|F3_5T3_9|F4_0,10.0,51,0.0,0.0035999892728464655,,0,9,0.0,0.17647058823529413,True
ecb,rgdp,real_gdp_yoy,2023,4,2025,2025,year_after_next,2.0,,TN1_0|FN1_0TN0_6|FN0_5TN0_1|F0_0T0_4|F0_5T0_9|F1_0T1_4|F1_5T1_9|F2_0T2_4|F2_5T2_9|F3_0T3_4|F3_5T3_9|F4_0,3.0,45,0.04560861910280027,0.04560861910280027,0.04560861910280027,24,24,0.5333333333333333,0.5333333333333333,False
ecb,rgdp,real_gdp_yoy,2023,4,2025,2025,year_after_next,2.0,,TN1_0|FN1_0TN0_6|FN0_5TN0_1|F0_0T0_4|F0_5T0_9|F1_0T1_4|F1_5T1_9|F2_0T2_4|F2_5T2_9|F3_0T3_4|F3_5T3_9|F4_0,4.0,45,0.007597382242059847,0.007597382242059847,0.007597382242059847,11,11,0.24444444444444444,0.24444444444444444,False
ecb,rgdp,real_gdp_yoy,2023,4,2025,2025,year_after_next,2.0,,TN1_0|FN1_0TN0_6|FN0_5TN0_1|F0_0T0_4|F0_5T0_9|F1_0T1_4|F1_5T1_9|F2_0T2_4|F2_5T2_9|F3_0T3_4|F3_5T3_9|F4_0,5.0,45,0.0,0.007597382242059847,,0,11,0.0,0.24444444444444444,True
ecb,rgdp,real_gdp_yoy,2023,4,2025,2025,year_after_next,2.0,,TN1_0|FN1_0TN0_6|FN0_5TN0_1|F0_0T0_4|F0_5T0_9|F1_0T1_4|F1_5T1_9|F2_0T2_4|F2_5T2_9|F3_0T3_4|F3_5T3_9|F4_0,10.0,45,0.0,0.007597382242059847,,0,11,0.0,0.24444444444444444,True
ecb,rgdp,real_gdp_yoy,2023,4,2028,2028,longer_term,5.0,,TN1_0|FN1_0TN0_6|FN0_5TN0_1|F0_0T0_4|F0_5T0_9|F1_0T1_4|F1_5T1_9|F2_0T2_4|F2_5T2_9|F3_0T3_4|F3_5T3_9|F4_0,3.0,37,0.04421929993859664,0.04421929993859664,0.04421929993859664,18,18,0.4864864864864865,0.4864864864864865,False
ecb,rgdp,real_gdp_yoy,2023,4,2028,2028,longer_term,5.0,,TN1_0|FN1_0TN0_6|FN0_5TN0_1|F0_0T0_4|F0_5T0_9|F1_0T1_4|F1_5T1_9|F2_0T2_4|F2_5T2_9|F3_0T3_4|F3_5T3_9|F4_0,4.0,37,0.009429395792271016,0.009429395792271016,0.009429395792271016,11,11,0.2972972972972973,0.2972972972972973,False
ecb,rgdp,real_gdp_yoy,2023,4,2028,2028,longer_term,5.0,,TN1_0|FN1_0TN0_6|FN0_5TN0_1|F0_0T0_4|F0_5T0_9|F1_0T1_4|F1_5T1_9|F2_0T2_4|F2_5T2_9|F3_0T3_4|F3_5T3_9|F4_0,5.0,37,0.0,0.009429395792271016,,0,11,0.0,0.2972972972972973,True
ecb,rgdp,real_gdp_yoy,2023,4,2028,2028,longer_term,5.0,,TN1_0|FN1_0TN0_6|FN0_5TN0_1|F0_0T0_4|F0_5T0_9|F1_0T1_4|F1_5T1_9|F2_0T2_4|F2_5T2_9|F3_0T3_4|F3_5T3_9|F4_0,10.0,37,0.0,0.009429395792271016,,0,11,0.0,0.2972972972972973,True
ecb,rgdp,real_gdp_yoy,2023,4,,2024Q2,rolling_1y,1.0,,TN1_0|FN1_0TN0_6|FN0_5TN0_1|F0_0T0_4|F0_5T0_9|F1_0T1_4|F1_5T1_9|F2_0T2_4|F2_5T2_9|F3_0T3_4|F3_5T3_9|F4_0,3.0,38,0.04810827609010125,0.04810827609010125,0.04810827609010125,12,12,0.3157894736842105,0.3157894736842105,False
ecb,rgdp,real_gdp_yoy,2023,4,,2024Q2,rolling_1y,1.0,,TN1_0|FN1_0TN0_6|FN0_5TN0_1|F0_0T0_4|F0_5T0_9|F1_0T1_4|F1_5T1_9|F2_0T2_4|F2_5T2_9|F3_0T3_4|F3_5T3_9|F4_0,4.0,38,0.019196263208251053,0.019196263208251053,0.019196263208251053,8,8,0.21052631578947367,0.21052631578947367,False
ecb,rgdp,real_gdp_yoy,2023,4,,2024Q2,rolling_1y,1.0,,TN1_0|FN1_0TN0_6|FN0_5TN0_1|F0_0T0_4|F0_5T0_9|F1_0T1_4|F1_5T1_9|F2_0T2_4|F2_5T2_9|F3_0T3_4|F3_5T3_9|F4_0,5.0,38,0.0,0.019196263208251053,,0,8,0.0,0.21052631578947367,True
ecb,rgdp,real_gdp_yoy,2023,4,,2024Q2,rolling_1y,1.0,,TN1_0|FN1_0TN0_6|FN0_5TN0_1|F0_0T0_4|F0_5T0_9|F1_0T1_4|F1_5T1_9|F2_0T2_4|F2_5T2_9|F3_0T3_4|F3_5T3_9|F4_0,10.0,38,0.0,0.019196263208251053,,0,8,0.0,0.21052631578947367,True
ecb,rgdp,real_gdp_yoy,2023,4,,2025Q2,rolling_2y,2.0,,TN1_0|FN1_0TN0_6|FN0_5TN0_1|F0_0T0_4|F0_5T0_9|F1_0T1_4|F1_5T1_9|F2_0T2_4|F2_5T2_9|F3_0T3_4|F3_5T3_9|F4_0,3.0,34,0.05286084206096911,0.05286084206096911,0.05286084206096911,17,17,0.5,0.5,False
ecb,rgdp,real_gdp_yoy,2023,4,,2025Q2,rolling_2y,2.0,,TN1_0|FN1_0TN0_6|FN0_5TN0_1|F0_0T0_4|F0_5T0_9|F1_0T1_4|F1_5T1_9|F2_0T2_4|F2_5T2_9|F3_0T3_4|F3_5T3_9|F4_0,4.0,34,0.014573882744897624,0.014573882744897624,0.014573882744897624,10,10,0.29411764705882354,0.29411764705882354,False
ecb,rgdp,real_gdp_yoy,2023,4,,2025Q2,rolling_2y,2.0,,TN1_0|FN1_0TN0_6|FN0_5TN0_1|F0_0T0_4|F0_5T0_9|F1_0T1_4|F1_5T1_9|F2_0T2_4|F2_5T2_9|F3_0T3_4|F3_5T3_9|F4_0,5.0,34,0.0,0.014573882744897624,,0,10,0.0,0.29411764705882354,True
ecb,rgdp,real_gdp_yoy,2023,4,,2025Q2,rolling_2y,2.0,,TN1_0|FN1_0TN0_6|FN0_5TN0_1|F0_0T0_4|F0_5T0_9|F1_0T1_4|F1_5T1_9|F2_0T2_4|F2_5T2_9|F3_0T3_4|F3_5T3_9|F4_0,10.0,34,0.0,0.014573882744897624,,0,10,0.0,0.29411764705882354,True
ecb,rgdp,real_gdp_yoy,2024,1,2024,2024,current_year,0.0,,TN1_0|FN1_0TN0_6|FN0_5TN0_1|F0_0T0_4|F0_5T0_9|F1_0T1_4|F1_5T1_9|F2_0T2_4|F2_5T2_9|F3_0T3_4|F3_5T3_9|F4_0,3.0,47,0.006315639604390806,0.006315639604390806,0.006315639604390808,14,14,0.2978723404255319,0.2978723404255319,False
ecb,rgdp,real_gdp_yoy,2024,1,2024,2024,current_year,0.0,,TN1_0|FN1_0TN0_6|FN0_5TN0_1|F0_0T0_4|F0_5T0_9|F1_0T1_4|F1_5T1_9|F2_0T2_4|F2_5T2_9|F3_0T3_4|F3_5T3_9|F4_0,4.0,47,0.0008481139595097306,0.0008481139595097306,0.0008481139595097306,7,7,0.14893617021276595,0.14893617021276595,False
ecb,rgdp,real_gdp_yoy,2024,1,2024,2024,current_year,0.0,,TN1_0|FN1_0TN0_6|FN0_5TN0_1|F0_0T0_4|F0_5T0_9|F1_0T1_4|F1_5T1_9|F2_0T2_4|F2_5T2_9|F3_0T3_4|F3_5T3_9|F4_0,5.0,47,0.0,0.0008481139595097306,,0,7,0.0,0.14893617021276595,True
ecb,rgdp,real_gdp_yoy,2024,1,2024,2024,current_year,0.0,,TN1_0|FN1_0TN0_6|FN0_5TN0_1|F0_0T0_4|F0_5T0_9|F1_0T1_4|F1_5T1_9|F2_0T2_4|F2_5T2_9|F3_0T3_4|F3_5T3_9|F4_0,10.0,47,0.0,0.0008481139595097306,,0,7,0.0,0.14893617021276595,True
ecb,rgdp,real_gdp_yoy,2024,1,2025,2025,next_year,1.0,,TN1_0|FN1_0TN0_6|FN0_5TN0_1|F0_0T0_4|F0_5T0_9|F1_0T1_4|F1_5T1_9|F2_0T2_4|F2_5T2_9|F3_0T3_4|F3_5T3_9|F4_0,3.0,45,0.037302797840585135,0.037302797840585135,0.037302797840585135,21,21,0.4666666666666667,0.4666666666666667,False
ecb,rgdp,real_gdp_yoy,2024,1,2025,2025,next_year,1.0,,TN1_0|FN1_0TN0_6|FN0_5TN0_1|F0_0T0_4|F0_5T0_9|F1_0T1_4|F1_5T1_9|F2_0T2_4|F2_5T2_9|F3_0T3_4|F3_5T3_9|F4_0,4.0,45,0.007815845673164387,0.007815845673164387,0.007815845673164387,13,13,0.28888888888888886,0.28888888888888886,False
ecb,rgdp,real_gdp_yoy,2024,1,2025,2025,next_year,1.0,,TN1_0|FN1_0TN0_6|FN0_5TN0_1|F0_0T0_4|F0_5T0_9|F1_0T1_4|F1_5T1_9|F2_0T2_4|F2_5T2_9|F3_0T3_4|F3_5T3_9|F4_0,5.0,45,0.0,0.007815845673164387,,0,13,0.0,0.28888888888888886,True
ecb,rgdp,real_gdp_yoy,2024,1,2025,2025,next_year,1.0,,TN1_0|FN1_0TN0_6|FN0_5TN0_1|F0_0T0_4|F0_5T0_9|F1_0T1_4|F1_5T1_9|F2_0T2_4|F2_5T2_9|F3_0T3_4|F3_5T3_9|F4_0,10.0,45,0.0,0.007815845673164387,,0,13,0.0,0.28888888888888886,True
ecb,rgdp,real_gdp_yoy,2024,1,2026,2026,year_after_next,2.0,,TN1_0|FN1_0TN0_6|FN0_5TN0_1|F0_0T0_4|F0_5T0_9|F1_0T1_4|F1_5T1_9|F2_0T2_4|F2_5T2_9|F3_0T3_4|F3_5T3_9|F4_0,3.0,38,0.0439613848673987,0.0439613848673987,0.0439613848673987,20,20,0.5263157894736842,0.5263157894736842,False
ecb,rgdp,real_gdp_yoy,2024,1,2026,2026,year_after_next,2.0,,TN1_0|FN1_0TN0_6|FN0_5TN0_1|F0_0T0_4|F0_5T0_9|F1_0T1_4|F1_5T1_9|F2_0T2_4|F2_5T2_9|F3_0T3_4|F3_5T3_9|F4_0,4.0,38,0.006554859705277399,0.006554859705277399,0.006554859705277399,12,12,0.3157894736842105,0.3157894736842105,False
ecb,rgdp,real_gdp_yoy,2024,1,2026,2026,year_after_next,2.0,,TN1_0|FN1_0TN0_6|FN0_5TN0_1|F0_0T0_4|F0_5T0_9|F1_0T1_4|F1_5T1_9|F2_0T2_4|F2_5T2_9|F3_0T3_4|F3_5T3_9|F4_0,5.0,38,0.0,0.006554859705277399,,0,12,0.0,0.3157894736842105,True
ecb,rgdp,real_gdp_yoy,2024,1,2026,2026,year_after_next,2.0,,TN1_0|FN1_0TN0_6|FN0_5TN0_1|F0_0T0_4|F0_5T0_9|F1_0T1_4|F1_5T1_9|F2_0T2_4|F2_5T2_9|F3_0T3_4|F3_5T3_9|F4_0,10.0,38,0.0,0.006554859705277399,,0,12,0.0,0.3157894736842105,True
ecb,rgdp,real_gdp_yoy,2024,1,2028,2028,longer_term,4.0,,TN1_0|FN1_0TN0_6|FN0_5TN0_1|F0_0T0_4|F0_5T0_9|F1_0T1_4|F1_5T1_9|F2_0T2_4|F2_5T2_9|F3_0T3_4|F3_5T3_9|F4_0,3.0,34,0.0513377687087711,0.0513377687087711,0.0513377687087711,18,18,0.5294117647058824,0.5294117647058824,False
ecb,rgdp,real_gdp_yoy,2024,1,2028,2028,longer_term,4.0,,TN1_0|FN1_0TN0_6|FN0_5TN0_1|F0_0T0_4|F0_5T0_9|F1_0T1_4|F1_5T1_9|F2_0T2_4|F2_5T2_9|F3_0T3_4|F3_5T3_9|F4_0,4.0,34,0.012719138616216258,0.012719138616216258,0.012719138616216258,12,12,0.35294117647058826,0.35294117647058826,False
ecb,rgdp,real_gdp_yoy,2024,1,2028,2028,longer_term,4.0,,TN1_0|FN1_0TN0_6|FN0_5TN0_1|F0_0T0_4|F0_5T0_9|F1_0T1_4|F1_5T1_9|F2_0T2_4|F2_5T2_9|F3_0T3_4|F3_5T3_9|F4_0,5.0,34,0.0,0.012719138616216258,,0,12,0.0,0.35294117647058826,True
ecb,rgdp,real_gdp_yoy,2024,1,2028,2028,longer_term,4.0,,TN1_0|FN1_0TN0_6|FN0_5TN0_1|F0_0T0_4|F0_5T0_9|F1_0T1_4|F1_5T1_9|F2_0T2_4|F2_5T2_9|F3_0T3_4|F3_5T3_9|F4_0,10.0,34,0.0,0.012719138616216258,,0,12,0.0,0.35294117647058826,True
ecb,rgdp,real_gdp_yoy,2024,1,,2024Q3,rolling_1y,1.0,,TN1_0|FN1_0TN0_6|FN0_5TN0_1|F0_0T0_4|F0_5T0_9|F1_0T1_4|F1_5T1_9|F2_0T2_4|F2_5T2_9|F3_0T3_4|F3_5T3_9|F4_0,3.0,29,0.022207823395289455,0.022207823395289455,0.022207823395289455,11,11,0.3793103448275862,0.3793103448275862,False
ecb,rgdp,real_gdp_yoy,2024,1,,2024Q3,rolling_1y,1.0,,TN1_0|FN1_0TN0_6|FN0_5TN0_1|F0_0T0_4|F0_5T0_9|F1_0T1_4|F1_5T1_9|F2_0T2_4|F2_5T2_9|F3_0T3_4|F3_5T3_9|F4_0,4.0,29,0.008496569358371116,0.008496569358371116,0.008496569358371116,7,7,0.2413793103448276,0.2413793103448276,False
ecb,rgdp,real_gdp_yoy,2024,1,,2024Q3,rolling_1y,1.0,,TN1_0|FN1_0TN0_6|FN0_5TN0_1|F0_0T0_4|F0_5T0_9|F1_0T1_4|F1_5T1_9|F2_0T2_4|F2_5T2_9|F3_0T3_4|F3_5T3_9|F4_0,5.0,29,0.0,0.008496569358371116,,0,7,0.0,0.2413793103448276,True
ecb,rgdp,real_gdp_yoy,2024,1,,2024Q3,rolling_1y,1.0,,TN1_0|FN1_0TN0_6|FN0_5TN0_1|F0_0T0_4|F0_5T0_9|F1_0T1_4|F1_5T1_9|F2_0T2_4|F2_5T2_9|F3_0T3_4|F3_5T3_9|F4_0,10.0,29,0.0,0.008496569358371116,,0,7,0.0,0.2413793103448276,True
ecb,rgdp,real_gdp_yoy,2024,1,,2025Q3,rolling_2y,2.0,,TN1_0|FN1_0TN0_6|FN0_5TN0_1|F0_0T0_4|F0_5T0_9|F1_0T1_4|F1_5T1_9|F2_0T2_4|F2_5T2_9|F3_0T3_4|F3_5T3_9|F4_0,3.0,31,0.05340183249143095,0.05340183249143095,0.05340183249143095,18,18,0.5806451612903226,0.5806451612903226,False
ecb,rgdp,real_gdp_yoy,2024,1,,2025Q3,rolling_2y,2.0,,TN1_0|FN1_0TN0_6|FN0_5TN0_1|F0_0T0_4|F0_5T0_9|F1_0T1_4|F1_5T1_9|F2_0T2_4|F2_5T2_9|F3_0T3_4|F3_5T3_9|F4_0,4.0,31,0.014641899354584733,0.014641899354584733,0.014641899354584733,13,13,0.41935483870967744,0.41935483870967744,False
ecb,rgdp,real_gdp_yoy,2024,1,,2025Q3,rolling_2y,2.0,,TN1_0|FN1_0TN0_6|FN0_5TN0_1|F0_0T0_4|F0_5T0_9|F1_0T1_4|F1_5T1_9|F2_0T2_4|F2_5T2_9|F3_0T3_4|F3_5T3_9|F4_0,5.0,31,0.0,0.014641899354584733,,0,13,0.0,0.41935483870967744,True
ecb,rgdp,real_gdp_yoy,2024,1,,2025Q3,rolling_2y,2.0,,TN1_0|FN1_0TN0_6|FN0_5TN0_1|F0_0T0_4|F0_5T0_9|F1_0T1_4|F1_5T1_9|F2_0T2_4|F2_5T2_9|F3_0T3_4|F3_5T3_9|F4_0,10.0,31,0.0,0.014641899354584733,,0,13,0.0,0.41935483870967744,True
ecb,rgdp,real_gdp_yoy,2024,2,2024,2024,current_year,0.0,,TN1_0|FN1_0TN0_6|FN0_5TN0_1|F0_0T0_4|F0_5T0_9|F1_0T1_4|F1_5T1_9|F2_0T2_4|F2_5T2_9|F3_0T3_4|F3_5T3_9|F4_0,3.0,49,0.005005208099585711,0.005005208099585711,0.005005208099585711,11,11,0.22448979591836735,0.22448979591836735,False
ecb,rgdp,real_gdp_yoy,2024,2,2024,2024,current_year,0.0,,TN1_0|FN1_0TN0_6|FN0_5TN0_1|F0_0T0_4|F0_5T0_9|F1_0T1_4|F1_5T1_9|F2_0T2_4|F2_5T2_9|F3_0T3_4|F3_5T3_9|F4_0,4.0,49,0.0008155556285019308,0.0008155556285019308,0.0008155556285019308,7,7,0.14285714285714285,0.14285714285714285,False
ecb,rgdp,real_gdp_yoy,2024,2,2024,2024,current_year,0.0,,TN1_0|FN1_0TN0_6|FN0_5TN0_1|F0_0T0_4|F0_5T0_9|F1_0T1_4|F1_5T1_9|F2_0T2_4|F2_5T2_9|F3_0T3_4|F3_5T3_9|F4_0,5.0,49,0.0,0.0008155556285019308,,0,7,0.0,0.14285714285714285,True
ecb,rgdp,real_gdp_yoy,2024,2,2024,2024,current_year,0.0,,TN1_0|FN1_0TN0_6|FN0_5TN0_1|F0_0T0_4|F0_5T0_9|F1_0T1_4|F1_5T1_9|F2_0T2_4|F2_5T2_9|F3_0T3_4|F3_5T3_9|F4_0,10.0,49,0.0,0.0008155556285019308,,0,7,0.0,0.14285714285714285,True
ecb,rgdp,real_gdp_yoy,2024,2,2025,2025,next_year,1.0,,TN1_0|FN1_0TN0_6|FN0_5TN0_1|F0_0T0_4|F0_5T0_9|F1_0T1_4|F1_5T1_9|F2_0T2_4|F2_5T2_9|F3_0T3_4|F3_5T3_9|F4_0,3.0,48,0.031355378122333764,0.031355378122333764,0.031355378122333764,21,21,0.4375,0.4375,False
ecb,rgdp,real_gdp_yoy,2024,2,2025,2025,next_year,1.0,,TN1_0|FN1_0TN0_6|FN0_5TN0_1|F0_0T0_4|F0_5T0_9|F1_0T1_4|F1_5T1_9|F2_0T2_4|F2_5T2_9|F3_0T3_4|F3_5T3_9|F4_0,4.0,48,0.006473120314517237,0.006473120314517237,0.006473120314517237,14,14,0.2916666666666667,0.2916666666666667,False
ecb,rgdp,real_gdp_yoy,2024,2,2025,2025,next_year,1.0,,TN1_0|FN1_0TN0_6|FN0_5TN0_1|F0_0T0_4|F0_5T0_9|F1_0T1_4|F1_5T1_9|F2_0T2_4|F2_5T2_9|F3_0T3_4|F3_5T3_9|F4_0,5.0,48,0.0,0.006473120314517237,,0,14,0.0,0.2916666666666667,True
ecb,rgdp,real_gdp_yoy,2024,2,2025,2025,next_year,1.0,,TN1_0|FN1_0TN0_6|FN0_5TN0_1|F0_0T0_4|F0_5T0_9|F1_0T1_4|F1_5T1_9|F2_0T2_4|F2_5T2_9|F3_0T3_4|F3_5T3_9|F4_0,10.0,48,0.0,0.006473120314517237,,0,14,0.0,0.2916666666666667,True
ecb,rgdp,real_gdp_yoy,2024,2,2026,2026,year_after_next,2.0,,TN1_0|FN1_0TN0_6|FN0_5TN0_1|F0_0T0_4|F0_5T0_9|F1_0T1_4|F1_5T1_9|F2_0T2_4|F2_5T2_9|F3_0T3_4|F3_5T3_9|F4_0,3.0,40,0.035353438883983804,0.035353438883983804,0.035353438883983804,20,20,0.5,0.5,False
ecb,rgdp,real_gdp_yoy,2024,2,2026,2026,year_after_next,2.0,,TN1_0|FN1_0TN0_6|FN0_5TN0_1|F0_0T0_4|F0_5T0_9|F1_0T1_4|F1_5T1_9|F2_0T2_4|F2_5T2_9|F3_0T3_4|F3_5T3_9|F4_0,4.0,40,0.005100541627216746,0.005100541627216746,0.005100541627216746,12,12,0.3,0.3,False
ecb,rgdp,real_gdp_yoy,2024,2,2026,2026,year_after_next,2.0,,TN1_0|FN1_0TN0_6|FN0_5TN0_1|F0_0T0_4|F0_5T0_9|F1_0T1_4|F1_5T1_9|F2_0T2_4|F2_5T2_9|F3_0T3_4|F3_5T3_9|F4_0,5.0,40,0.0,0.005100541627216746,,0,12,0.0,0.3,True
ecb,rgdp,real_gdp_yoy,2024,2,2026,2026,year_after_next,2.0,,TN1_0|FN1_0TN0_6|FN0_5TN0_1|F0_0T0_4|F0_5T0_9|F1_0T1_4|F1_5T1_9|F2_0T2_4|F2_5T2_9|F3_0T3_4|F3_5T3_9|F4_0,10.0,40,0.0,0.005100541627216746,,0,12,0.0,0.3,True
ecb,rgdp,real_gdp_yoy,2024,2,2028,2028,longer_term,4.0,,TN1_0|FN1_0TN0_6|FN0_5TN0_1|F0_0T0_4|F0_5T0_9|F1_0T1_4|F1_5T1_9|F2_0T2_4|F2_5T2_9|F3_0T3_4|F3_5T3_9|F4_0,3.0,37,0.044143541872851695,0.044143541872851695,0.0441435418728517,18,18,0.4864864864864865,0.4864864864864865,False
ecb,rgdp,real_gdp_yoy,2024,2,2028,2028,longer_term,4.0,,TN1_0|FN1_0TN0_6|FN0_5TN0_1|F0_0T0_4|F0_5T0_9|F1_0T1_4|F1_5T1_9|F2_0T2_4|F2_5T2_9|F3_0T3_4|F3_5T3_9|F4_0,4.0,37,0.011694820097281606,0.011694820097281606,0.011694820097281606,12,12,0.32432432432432434,0.32432432432432434,False
ecb,rgdp,real_gdp_yoy,2024,2,2028,2028,longer_term,4.0,,TN1_0|FN1_0TN0_6|FN0_5TN0_1|F0_0T0_4|F0_5T0_9|F1_0T1_4|F1_5T1_9|F2_0T2_4|F2_5T2_9|F3_0T3_4|F3_5T3_9|F4_0,5.0,37,0.0,0.011694820097281606,,0,12,0.0,0.32432432432432434,True
ecb,rgdp,real_gdp_yoy,2024,2,2028,2028,longer_term,4.0,,TN1_0|FN1_0TN0_6|FN0_5TN0_1|F0_0T0_4|F0_5T0_9|F1_0T1_4|F1_5T1_9|F2_0T2_4|F2_5T2_9|F3_0T3_4|F3_5T3_9|F4_0,10.0,37,0.0,0.011694820097281606,,0,12,0.0,0.32432432432432434,True
ecb,rgdp,real_gdp_yoy,2024,2,,2024Q4,rolling_1y,1.0,,TN1_0|FN1_0TN0_6|FN0_5TN0_1|F0_0T0_4|F0_5T0_9|F1_0T1_4|F1_5T1_9|F2_0T2_4|F2_5T2_9|F3_0T3_4|F3_5T3_9|F4_0,3.0,40,0.02672445024545207,0.02672445024545207,0.02672445024545207,14,14,0.35,0.35,False
ecb,rgdp,real_gdp_yoy,2024,2,,2024Q4,rolling_1y,1.0,,TN1_0|FN1_0TN0_6|FN0_5TN0_1|F0_0T0_4|F0_5T0_9|F1_0T1_4|F1_5T1_9|F2_0T2_4|F2_5T2_9|F3_0T3_4|F3_5T3_9|F4_0,4.0,40,0.01076221257492829,0.01076221257492829,0.01076221257492829,11,11,0.275,0.275,False
ecb,rgdp,real_gdp_yoy,2024,2,,2024Q4,rolling_1y,1.0,,TN1_0|FN1_0TN0_6|FN0_5TN0_1|F0_0T0_4|F0_5T0_9|F1_0T1_4|F1_5T1_9|F2_0T2_4|F2_5T2_9|F3_0T3_4|F3_5T3_9|F4_0,5.0,40,0.0,0.01076221257492829,,0,11,0.0,0.275,True
ecb,rgdp,real_gdp_yoy,2024,2,,2024Q4,rolling_1y,1.0,,TN1_0|FN1_0TN0_6|FN0_5TN0_1|F0_0T0_4|F0_5T0_9|F1_0T1_4|F1_5T1_9|F2_0T2_4|F2_5T2_9|F3_0T3_4|F3_5T3_9|F4_0,10.0,40,0.0,0.01076221257492829,,0,11,0.0,0.275,True
ecb,rgdp,real_gdp_yoy,2024,2,,2025Q4,rolling_2y,2.0,,TN1_0|FN1_0TN0_6|FN0_5TN0_1|F0_0T0_4|F0_5T0_9|F1_0T1_4|F1_5T1_9|F2_0T2_4|F2_5T2_9|F3_0T3_4|F3_5T3_9|F4_0,3.0,38,0.046535709717518976,0.046535709717518976,0.04653570971751897,20,20,0.5263157894736842,0.5263157894736842,False
ecb,rgdp,real_gdp_yoy,2024,2,,2025Q4,rolling_2y,2.0,,TN1_0|FN1_0TN0_6|FN0_5TN0_1|F0_0T0_4|F0_5T0_9|F1_0T1_4|F1_5T1_9|F2_0T2_4|F2_5T2_9|F3_0T3_4|F3_5T3_9|F4_0,4.0,38,0.015018012173210282,0.015018012173210282,0.015018012173210282,15,15,0.39473684210526316,0.39473684210526316,False
ecb,rgdp,real_gdp_yoy,2024,2,,2025Q4,rolling_2y,2.0,,TN1_0|FN1_0TN0_6|FN0_5TN0_1|F0_0T0_4|F0_5T0_9|F1_0T1_4|F1_5T1_9|F2_0T2_4|F2_5T2_9|F3_0T3_4|F3_5T3_9|F4_0,5.0,38,0.0,0.015018012173210282,,0,15,0.0,0.39473684210526316,True
ecb,rgdp,real_gdp_yoy,2024,2,,2025Q4,rolling_2y,2.0,,TN1_0|FN1_0TN0_6|FN0_5TN0_1|F0_0T0_4|F0_5T0_9|F1_0T1_4|F1_5T1_9|F2_0T2_4|F2_5T2_9|F3_0T3_4|F3_5T3_9|F4_0,10.0,38,0.0,0.015018012173210282,,0,15,0.0,0.39473684210526316,True
ecb,rgdp,real_gdp_yoy,2024,3,2024,2024,current_year,0.0,,TN1_0|FN1_0TN0_6|FN0_5TN0_1|F0_0T0_4|F0_5T0_9|F1_0T1_4|F1_5T1_9|F2_0T2_4|F2_5T2_9|F3_0T3_4|F3_5T3_9|F4_0,3.0,45,0.0058615162044444846,0.0058615162044444846,0.0058615162044444846,10,10,0.2222222222222222,0.2222222222222222,False
ecb,rgdp,real_gdp_yoy,2024,3,2024,2024,current_year,0.0,,TN1_0|FN1_0TN0_6|FN0_5TN0_1|F0_0T0_4|F0_5T0_9|F1_0T1_4|F1_5T1_9|F2_0T2_4|F2_5T2_9|F3_0T3_4|F3_5T3_9|F4_0,4.0,45,0.0009806839222222233,0.0009806839222222233,0.0009806839222222233,7,7,0.15555555555555556,0.15555555555555556,False
ecb,rgdp,real_gdp_yoy,2024,3,2024,2024,current_year,0.0,,TN1_0|FN1_0TN0_6|FN0_5TN0_1|F0_0T0_4|F0_5T0_9|F1_0T1_4|F1_5T1_9|F2_0T2_4|F2_5T2_9|F3_0T3_4|F3_5T3_9|F4_0,5.0,45,0.0,0.0009806839222222233,,0,7,0.0,0.15555555555555556,True
ecb,rgdp,real_gdp_yoy,2024,3,2024,2024,current_year,0.0,,TN1_0|FN1_0TN0_6|FN0_5TN0_1|F0_0T0_4|F0_5T0_9|F1_0T1_4|F1_5T1_9|F2_0T2_4|F2_5T2_9|F3_0T3_4|F3_5T3_9|F4_0,10.0,45,0.0,0.0009806839222222233,,0,7,0.0,0.15555555555555556,True
ecb,rgdp,real_gdp_yoy,2024,3,2025,2025,next_year,1.0,,TN1_0|FN1_0TN0_6|FN0_5TN0_1|F0_0T0_4|F0_5T0_9|F1_0T1_4|F1_5T1_9|F2_0T2_4|F2_5T2_9|F3_0T3_4|F3_5T3_9|F4_0,3.0,45,0.02915857349818453,0.02915857349818453,0.02915857349818453,18,18,0.4,0.4,False
ecb,rgdp,real_gdp_yoy,2024,3,2025,2025,next_year,1.0,,TN1_0|FN1_0TN0_6|FN0_5TN0_1|F0_0T0_4|F0_5T0_9|F1_0T1_4|F1_5T1_9|F2_0T2_4|F2_5T2_9|F3_0T3_4|F3_5T3_9|F4_0,4.0,45,0.0061471045511308255,0.0061471045511308255,0.0061471045511308255,12,12,0.26666666666666666,0.26666666666666666,False
ecb,rgdp,real_gdp_yoy,2024,3,2025,2025,next_year,1.0,,TN1_0|FN1_0TN0_6|FN0_5TN0_1|F0_0T0_4|F0_5T0_9|F1_0T1_4|F1_5T1_9|F2_0T2_4|F2_5T2_9|F3_0T3_4|F3_5T3_9|F4_0,5.0,45,0.0,0.0061471045511308255,,0,12,0.0,0.26666666666666666,True
ecb,rgdp,real_gdp_yoy,2024,3,2025,2025,next_year,1.0,,TN1_0|FN1_0TN0_6|FN0_5TN0_1|F0_0T0_4|F0_5T0_9|F1_0T1_4|F1_5T1_9|F2_0T2_4|F2_5T2_9|F3_0T3_4|F3_5T3_9|F4_0,10.0,45,0.0,0.0061471045511308255,,0,12,0.0,0.26666666666666666,True
ecb,rgdp,real_gdp_yoy,2024,3,2026,2026,year_after_next,2.0,,TN1_0|FN1_0TN0_6|FN0_5TN0_1|F0_0T0_4|F0_5T0_9|F1_0T1_4|F1_5T1_9|F2_0T2_4|F2_5T2_9|F3_0T3_4|F3_5T3_9|F4_0,3.0,38,0.03284535305293449,0.03284535305293449,0.0328453530529345,18,18,0.47368421052631576,0.47368421052631576,False
ecb,rgdp,real_gdp_yoy,2024,3,2026,2026,year_after_next,2.0,,TN1_0|FN1_0TN0_6|FN0_5TN0_1|F0_0T0_4|F0_5T0_9|F1_0T1_4|F1_5T1_9|F2_0T2_4|F2_5T2_9|F3_0T3_4|F3_5T3_9|F4_0,4.0,38,0.004234313542195303,0.004234313542195303,0.004234313542195303,10,10,0.2631578947368421,0.2631578947368421,False
ecb,rgdp,real_gdp_yoy,2024,3,2026,2026,year_after_next,2.0,,TN1_0|FN1_0TN0_6|FN0_5TN0_1|F0_0T0_4|F0_5T0_9|F1_0T1_4|F1_5T1_9|F2_0T2_4|F2_5T2_9|F3_0T3_4|F3_5T3_9|F4_0,5.0,38,0.0,0.004234313542195303,,0,10,0.0,0.2631578947368421,True
ecb,rgdp,real_gdp_yoy,2024,3,2026,2026,year_after_next,2.0,,TN1_0|FN1_0TN0_6|FN0_5TN0_1|F0_0T0_4|F0_5T0_9|F1_0T1_4|F1_5T1_9|F2_0T2_4|F2_5T2_9|F3_0T3_4|F3_5T3_9|F4_0,10.0,38,0.0,0.004234313542195303,,0,10,0.0,0.2631578947368421,True
ecb,rgdp,real_gdp_yoy,2024,3,2029,2029,longer_term,5.0,,TN1_0|FN1_0TN0_6|FN0_5TN0_1|F0_0T0_4|F0_5T0_9|F1_0T1_4|F1_5T1_9|F2_0T2_4|F2_5T2_9|F3_0T3_4|F3_5T3_9|F4_0,3.0,34,0.0414455223165997,0.0414455223165997,0.0414455223165997,16,16,0.47058823529411764,0.47058823529411764,False
ecb,rgdp,real_gdp_yoy,2024,3,2029,2029,longer_term,5.0,,TN1_0|FN1_0TN0_6|FN0_5TN0_1|F0_0T0_4|F0_5T0_9|F1_0T1_4|F1_5T1_9|F2_0T2_4|F2_5T2_9|F3_0T3_4|F3_5T3_9|F4_0,4.0,34,0.014567128702328166,0.014567128702328166,0.014567128702328166,11,11,0.3235294117647059,0.3235294117647059,False
ecb,rgdp,real_gdp_yoy,2024,3,2029,2029,longer_term,5.0,,TN1_0|FN1_0TN0_6|FN0_5TN0_1|F0_0T0_4|F0_5T0_9|F1_0T1_4|F1_5T1_9|F2_0T2_4|F2_5T2_9|F3_0T3_4|F3_5T3_9|F4_0,5.0,34,0.0,0.014567128702328166,,0,11,0.0,0.3235294117647059,True
ecb,rgdp,real_gdp_yoy,2024,3,2029,2029,longer_term,5.0,,TN1_0|FN1_0TN0_6|FN0_5TN0_1|F0_0T0_4|F0_5T0_9|F1_0T1_4|F1_5T1_9|F2_0T2_4|F2_5T2_9|F3_0T3_4|F3_5T3_9|F4_0,10.0,34,0.0,0.014567128702328166,,0,11,0.0,0.3235294117647059,True
ecb,rgdp,real_gdp_yoy,2024,3,,2025Q1,rolling_1y,1.0,,TN1_0|FN1_0TN0_6|FN0_5TN0_1|F0_0T0_4|F0_5T0_9|F1_0T1_4|F1_5T1_9|F2_0T2_4|F2_5T2_9|F3_0T3_4|F3_5T3_9|F4_0,3.0,35,0.029696710950582624,0.029696710950582624,0.029696710950582624,13,13,0.37142857142857144,0.37142857142857144,False
ecb,rgdp,real_gdp_yoy,2024,3,,2025Q1,rolling_1y,1.0,,TN1_0|FN1_0TN0_6|FN0_5TN0_1|F0_0T0_4|F0_5T0_9|F1_0T1_4|F1_5T1_9|F2_0T2_4|F2_5T2_9|F3_0T3_4|F3_5T3_9|F4_0,4.0,35,0.008438626608279362,0.008438626608279362,0.008438626608279362,9,9,0.2571428571428571,0.2571428571428571,False
ecb,rgdp,real_gdp_yoy,2024,3,,2025Q1,rolling_1y,1.0,,TN1_0|FN1_0TN0_6|FN0_5TN0_1|F0_0T0_4|F0_5T0_9|F1_0T1_4|F1_5T1_9|F2_0T2_4|F2_5T2_9|F3_0T3_4|F3_5T3_9|F4_0,5.0,35,0.0,0.008438626608279362,,0,9,0.0,0.2571428571428571,True
ecb,rgdp,real_gdp_yoy,2024,3,,2025Q1,rolling_1y,1.0,,TN1_0|FN1_0TN0_6|FN0_5TN0_1|F0_0T0_4|F0_5T0_9|F1_0T1_4|F1_5T1_9|F2_0T2_4|F2_5T2_9|F3_0T3_4|F3_5T3_9|F4_0,10.0,35,0.0,0.008438626608279362,,0,9,0.0,0.2571428571428571,True
ecb,rgdp,real_gdp_yoy,2024,3,,2026Q1,rolling_2y,2.0,,TN1_0|FN1_0TN0_6|FN0_5TN0_1|F0_0T0_4|F0_5T0_9|F1_0T1_4|F1_5T1_9|F2_0T2_4|F2_5T2_9|F3_0T3_4|F3_5T3_9|F4_0,3.0,32,0.03716012542149105,0.03716012542149105,0.03716012542149105,17,17,0.53125,0.53125,False
ecb,rgdp,real_gdp_yoy,2024,3,,2026Q1,rolling_2y,2.0,,TN1_0|FN1_0TN0_6|FN0_5TN0_1|F0_0T0_4|F0_5T0_9|F1_0T1_4|F1_5T1_9|F2_0T2_4|F2_5T2_9|F3_0T3_4|F3_5T3_9|F4_0,4.0,32,0.005794637428148275,0.005794637428148275,0.005794637428148275,9,9,0.28125,0.28125,False
ecb,rgdp,real_gdp_yoy,2024,3,,2026Q1,rolling_2y,2.0,,TN1_0|FN1_0TN0_6|FN0_5TN0_1|F0_0T0_4|F0_5T0_9|F1_0T1_4|F1_5T1_9|F2_0T2_4|F2_5T2_9|F3_0T3_4|F3_5T3_9|F4_0,5.0,32,0.0,0.005794637428148275,,0,9,0.0,0.28125,True
ecb,rgdp,real_gdp_yoy,2024,3,,2026Q1,rolling_2y,2.0,,TN1_0|FN1_0TN0_6|FN0_5TN0_1|F0_0T0_4|F0_5T0_9|F1_0T1_4|F1_5T1_9|F2_0T2_4|F2_5T2_9|F3_0T3_4|F3_5T3_9|F4_0,10.0,32,0.0,0.005794637428148275,,0,9,0.0,0.28125,True
ecb,rgdp,real_gdp_yoy,2024,4,2024,2024,current_year,0.0,,TN1_0|FN1_0TN0_6|FN0_5TN0_1|F0_0T0_4|F0_5T0_9|F1_0T1_4|F1_5T1_9|F2_0T2_4|F2_5T2_9|F3_0T3_4|F3_5T3_9|F4_0,3.0,45,0.004929739515555631,0.004929739515555631,0.004929739515555631,6,6,0.13333333333333333,0.13333333333333333,False
ecb,rgdp,real_gdp_yoy,2024,4,2024,2024,current_year,0.0,,TN1_0|FN1_0TN0_6|FN0_5TN0_1|F0_0T0_4|F0_5T0_9|F1_0T1_4|F1_5T1_9|F2_0T2_4|F2_5T2_9|F3_0T3_4|F3_5T3_9|F4_0,4.0,45,0.000835011337777778,0.000835011337777778,0.000835011337777778,4,4,0.08888888888888889,0.08888888888888889,False
ecb,rgdp,real_gdp_yoy,2024,4,2024,2024,current_year,0.0,,TN1_0|FN1_0TN0_6|FN0_5TN0_1|F0_0T0_4|F0_5T0_9|F1_0T1_4|F1_5T1_9|F2_0T2_4|F2_5T2_9|F3_0T3_4|F3_5T3_9|F4_0,5.0,45,0.0,0.000835011337777778,,0,4,0.0,0.08888888888888889,True
ecb,rgdp,real_gdp_yoy,2024,4,2024,2024,current_year,0.0,,TN1_0|FN1_0TN0_6|FN0_5TN0_1|F0_0T0_4|F0_5T0_9|F1_0T1_4|F1_5T1_9|F2_0T2_4|F2_5T2_9|F3_0T3_4|F3_5T3_9|F4_0,10.0,45,0.0,0.000835011337777778,,0,4,0.0,0.08888888888888889,True
ecb,rgdp,real_gdp_yoy,2024,4,2025,2025,next_year,1.0,,TN1_0|FN1_0TN0_6|FN0_5TN0_1|F0_0T0_4|F0_5T0_9|F1_0T1_4|F1_5T1_9|F2_0T2_4|F2_5T2_9|F3_0T3_4|F3_5T3_9|F4_0,3.0,45,0.022970467988411482,0.022970467988411482,0.022970467988411482,18,18,0.4,0.4,False
ecb,rgdp,real_gdp_yoy,2024,4,2025,2025,next_year,1.0,,TN1_0|FN1_0TN0_6|FN0_5TN0_1|F0_0T0_4|F0_5T0_9|F1_0T1_4|F1_5T1_9|F2_0T2_4|F2_5T2_9|F3_0T3_4|F3_5T3_9|F4_0,4.0,45,0.005776696286455621,0.005776696286455621,0.005776696286455621,11,11,0.24444444444444444,0.24444444444444444,False
ecb,rgdp,real_gdp_yoy,2024,4,2025,2025,next_year,1.0,,TN1_0|FN1_0TN0_6|FN0_5TN0_1|F0_0T0_4|F0_5T0_9|F1_0T1_4|F1_5T1_9|F2_0T2_4|F2_5T2_9|F3_0T3_4|F3_5T3_9|F4_0,5.0,45,0.0,0.005776696286455621,,0,11,0.0,0.24444444444444444,True
ecb,rgdp,real_gdp_yoy,2024,4,2025,2025,next_year,1.0,,TN1_0|FN1_0TN0_6|FN0_5TN0_1|F0_0T0_4|F0_5T0_9|F1_0T1_4|F1_5T1_9|F2_0T2_4|F2_5T2_9|F3_0T3_4|F3_5T3_9|F4_0,10.0,45,0.0,0.005776696286455621,,0,11,0.0,0.24444444444444444,True
ecb,rgdp,real_gdp_yoy,2024,4,2026,2026,year_after_next,2.0,,TN1_0|FN1_0TN0_6|FN0_5TN0_1|F0_0T0_4|F0_5T0_9|F1_0T1_4|F1_5T1_9|F2_0T2_4|F2_5T2_9|F3_0T3_4|F3_5T3_9|F4_0,3.0,39,0.04174808298482155,0.04174808298482155,0.04174808298482155,21,21,0.5384615384615384,0.5384615384615384,False
ecb,rgdp,real_gdp_yoy,2024,4,2026,2026,year_after_next,2.0,,TN1_0|FN1_0TN0_6|FN0_5TN0_1|F0_0T0_4|F0_5T0_9|F1_0T1_4|F1_5T1_9|F2_0T2_4|F2_5T2_9|F3_0T3_4|F3_5T3_9|F4_0,4.0,39,0.009534518615404096,0.009534518615404096,0.009534518615404096,13,13,0.3333333333333333,0.3333333333333333,False
ecb,rgdp,real_gdp_yoy,2024,4,2026,2026,year_after_next,2.0,,TN1_0|FN1_0TN0_6|FN0_5TN0_1|F0_0T0_4|F0_5T0_9|F1_0T1_4|F1_5T1_9|F2_0T2_4|F2_5T2_9|F3_0T3_4|F3_5T3_9|F4_0,5.0,39,0.0,0.009534518615404096,,0,13,0.0,0.3333333333333333,True
ecb,rgdp,real_gdp_yoy,2024,4,2026,2026,year_after_next,2.0,,TN1_0|FN1_0TN0_6|FN0_5TN0_1|F0_0T0_4|F0_5T0_9|F1_0T1_4|F1_5T1_9|F2_0T2_4|F2_5T2_9|F3_0T3_4|F3_5T3_9|F4_0,10.0,39,0.0,0.009534518615404096,,0,13,0.0,0.3333333333333333,True
ecb,rgdp,real_gdp_yoy,2024,4,2029,2029,longer_term,5.0,,TN1_0|FN1_0TN0_6|FN0_5TN0_1|F0_0T0_4|F0_5T0_9|F1_0T1_4|F1_5T1_9|F2_0T2_4|F2_5T2_9|F3_0T3_4|F3_5T3_9|F4_0,3.0,33,0.03942976793014328,0.03942976793014328,0.03942976793014328,15,15,0.45454545454545453,0.45454545454545453,False
ecb,rgdp,real_gdp_yoy,2024,4,2029,2029,longer_term,5.0,,TN1_0|FN1_0TN0_6|FN0_5TN0_1|F0_0T0_4|F0_5T0_9|F1_0T1_4|F1_5T1_9|F2_0T2_4|F2_5T2_9|F3_0T3_4|F3_5T3_9|F4_0,4.0,33,0.011447350396954352,0.011447350396954352,0.011447350396954352,11,11,0.3333333333333333,0.3333333333333333,False
ecb,rgdp,real_gdp_yoy,2024,4,2029,2029,longer_term,5.0,,TN1_0|FN1_0TN0_6|FN0_5TN0_1|F0_0T0_4|F0_5T0_9|F1_0T1_4|F1_5T1_9|F2_0T2_4|F2_5T2_9|F3_0T3_4|F3_5T3_9|F4_0,5.0,33,0.0,0.011447350396954352,,0,11,0.0,0.3333333333333333,True
ecb,rgdp,real_gdp_yoy,2024,4,2029,2029,longer_term,5.0,,TN1_0|FN1_0TN0_6|FN0_5TN0_1|F0_0T0_4|F0_5T0_9|F1_0T1_4|F1_5T1_9|F2_0T2_4|F2_5T2_9|F3_0T3_4|F3_5T3_9|F4_0,10.0,33,0.0,0.011447350396954352,,0,11,0.0,0.3333333333333333,True
ecb,rgdp,real_gdp_yoy,2024,4,,2025Q2,rolling_1y,1.0,,TN1_0|FN1_0TN0_6|FN0_5TN0_1|F0_0T0_4|F0_5T0_9|F1_0T1_4|F1_5T1_9|F2_0T2_4|F2_5T2_9|F3_0T3_4|F3_5T3_9|F4_0,3.0,32,0.029203097051766713,0.029203097051766713,0.029203097051766713,14,14,0.4375,0.4375,False
ecb,rgdp,real_gdp_yoy,2024,4,,2025Q2,rolling_1y,1.0,,TN1_0|FN1_0TN0_6|FN0_5TN0_1|F0_0T0_4|F0_5T0_9|F1_0T1_4|F1_5T1_9|F2_0T2_4|F2_5T2_9|F3_0T3_4|F3_5T3_9|F4_0,4.0,32,0.009234226609010531,0.009234226609010531,0.009234226609010531,11,11,0.34375,0.34375,False
ecb,rgdp,real_gdp_yoy,2024,4,,2025Q2,rolling_1y,1.0,,TN1_0|FN1_0TN0_6|FN0_5TN0_1|F0_0T0_4|F0_5T0_9|F1_0T1_4|F1_5T1_9|F2_0T2_4|F2_5T2_9|F3_0T3_4|F3_5T3_9|F4_0,5.0,32,0.0,0.009234226609010531,,0,11,0.0,0.34375,True
ecb,rgdp,real_gdp_yoy,2024,4,,2025Q2,rolling_1y,1.0,,TN1_0|FN1_0TN0_6|FN0_5TN0_1|F0_0T0_4|F0_5T0_9|F1_0T1_4|F1_5T1_9|F2_0T2_4|F2_5T2_9|F3_0T3_4|F3_5T3_9|F4_0,10.0,32,0.0,0.009234226609010531,,0,11,0.0,0.34375,True
ecb,rgdp,real_gdp_yoy,2024,4,,2026Q2,rolling_2y,2.0,,TN1_0|FN1_0TN0_6|FN0_5TN0_1|F0_0T0_4|F0_5T0_9|F1_0T1_4|F1_5T1_9|F2_0T2_4|F2_5T2_9|F3_0T3_4|F3_5T3_9|F4_0,3.0,28,0.04569741156032596,0.04569741156032596,0.04569741156032596,17,17,0.6071428571428571,0.6071428571428571,False
ecb,rgdp,real_gdp_yoy,2024,4,,2026Q2,rolling_2y,2.0,,TN1_0|FN1_0TN0_6|FN0_5TN0_1|F0_0T0_4|F0_5T0_9|F1_0T1_4|F1_5T1_9|F2_0T2_4|F2_5T2_9|F3_0T3_4|F3_5T3_9|F4_0,4.0,28,0.01090169290363405,0.01090169290363405,0.01090169290363405,11,11,0.39285714285714285,0.39285714285714285,False
ecb,rgdp,real_gdp_yoy,2024,4,,2026Q2,rolling_2y,2.0,,TN1_0|FN1_0TN0_6|FN0_5TN0_1|F0_0T0_4|F0_5T0_9|F1_0T1_4|F1_5T1_9|F2_0T2_4|F2_5T2_9|F3_0T3_4|F3_5T3_9|F4_0,5.0,28,0.0,0.01090169290363405,,0,11,0.0,0.39285714285714285,True
ecb,rgdp,real_gdp_yoy,2024,4,,2026Q2,rolling_2y,2.0,,TN1_0|FN1_0TN0_6|FN0_5TN0_1|F0_0T0_4|F0_5T0_9|F1_0T1_4|F1_5T1_9|F2_0T2_4|F2_5T2_9|F3_0T3_4|F3_5T3_9|F4_0,10.0,28,0.0,0.01090169290363405,,0,11,0.0,0.39285714285714285,True
ecb,rgdp,real_gdp_yoy,2025,1,2025,2025,current_year,0.0,,TN1_0|FN1_0TN0_6|FN0_5TN0_1|F0_0T0_4|F0_5T0_9|F1_0T1_4|F1_5T1_9|F2_0T2_4|F2_5T2_9|F3_0T3_4|F3_5T3_9|F4_0,3.0,49,0.011636856674129696,0.011636856674129696,0.011636856674129696,15,15,0.30612244897959184,0.30612244897959184,False
ecb,rgdp,real_gdp_yoy,2025,1,2025,2025,current_year,0.0,,TN1_0|FN1_0TN0_6|FN0_5TN0_1|F0_0T0_4|F0_5T0_9|F1_0T1_4|F1_5T1_9|F2_0T2_4|F2_5T2_9|F3_0T3_4|F3_5T3_9|F4_0,4.0,49,0.001634806322644593,0.001634806322644593,0.001634806322644593,9,9,0.1836734693877551,0.1836734693877551,False
ecb,rgdp,real_gdp_yoy,2025,1,2025,2025,current_year,0.0,,TN1_0|FN1_0TN0_6|FN0_5TN0_1|F0_0T0_4|F0_5T0_9|F1_0T1_4|F1_5T1_9|F2_0T2_4|F2_5T2_9|F3_0T3_4|F3_5T3_9|F4_0,5.0,49,0.0,0.001634806322644593,,0,9,0.0,0.1836734693877551,True
ecb,rgdp,real_gdp_yoy,2025,1,2025,2025,current_year,0.0,,TN1_0|FN1_0TN0_6|FN0_5TN0_1|F0_0T0_4|F0_5T0_9|F1_0T1_4|F1_5T1_9|F2_0T2_4|F2_5T2_9|F3_0T3_4|F3_5T3_9|F4_0,10.0,49,0.0,0.001634806322644593,,0,9,0.0,0.1836734693877551,True
ecb,rgdp,real_gdp_yoy,2025,1,2026,2026,next_year,1.0,,TN1_0|FN1_0TN0_6|FN0_5TN0_1|F0_0T0_4|F0_5T0_9|F1_0T1_4|F1_5T1_9|F2_0T2_4|F2_5T2_9|F3_0T3_4|F3_5T3_9|F4_0,3.0,46,0.023958507880998986,0.023958507880998986,0.023958507880998986,20,20,0.43478260869565216,0.43478260869565216,False
ecb,rgdp,real_gdp_yoy,2025,1,2026,2026,next_year,1.0,,TN1_0|FN1_0TN0_6|FN0_5TN0_1|F0_0T0_4|F0_5T0_9|F1_0T1_4|F1_5T1_9|F2_0T2_4|F2_5T2_9|F3_0T3_4|F3_5T3_9|F4_0,4.0,46,0.0051083491762375565,0.0051083491762375565,0.0051083491762375565,12,12,0.2608695652173913,0.2608695652173913,False
ecb,rgdp,real_gdp_yoy,2025,1,2026,2026,next_year,1.0,,TN1_0|FN1_0TN0_6|FN0_5TN0_1|F0_0T0_4|F0_5T0_9|F1_0T1_4|F1_5T1_9|F2_0T2_4|F2_5T2_9|F3_0T3_4|F3_5T3_9|F4_0,5.0,46,0.0,0.0051083491762375565,,0,12,0.0,0.2608695652173913,True
ecb,rgdp,real_gdp_yoy,2025,1,2026,2026,next_year,1.0,,TN1_0|FN1_0TN0_6|FN0_5TN0_1|F0_0T0_4|F0_5T0_9|F1_0T1_4|F1_5T1_9|F2_0T2_4|F2_5T2_9|F3_0T3_4|F3_5T3_9|F4_0,10.0,46,0.0,0.0051083491762375565,,0,12,0.0,0.2608695652173913,True
ecb,rgdp,real_gdp_yoy,2025,1,2027,2027,year_after_next,2.0,,TN1_0|FN1_0TN0_6|FN0_5TN0_1|F0_0T0_4|F0_5T0_9|F1_0T1_4|F1_5T1_9|F2_0T2_4|F2_5T2_9|F3_0T3_4|F3_5T3_9|F4_0,3.0,35,0.031627459225076406,0.031627459225076406,0.031627459225076406,15,15,0.42857142857142855,0.42857142857142855,False
ecb,rgdp,real_gdp_yoy,2025,1,2027,2027,year_after_next,2.0,,TN1_0|FN1_0TN0_6|FN0_5TN0_1|F0_0T0_4|F0_5T0_9|F1_0T1_4|F1_5T1_9|F2_0T2_4|F2_5T2_9|F3_0T3_4|F3_5T3_9|F4_0,4.0,35,0.009317845100588,0.009317845100588,0.009317845100588,10,10,0.2857142857142857,0.2857142857142857,False
ecb,rgdp,real_gdp_yoy,2025,1,2027,2027,year_after_next,2.0,,TN1_0|FN1_0TN0_6|FN0_5TN0_1|F0_0T0_4|F0_5T0_9|F1_0T1_4|F1_5T1_9|F2_0T2_4|F2_5T2_9|F3_0T3_4|F3_5T3_9|F4_0,5.0,35,0.0,0.009317845100588,,0,10,0.0,0.2857142857142857,True
ecb,rgdp,real_gdp_yoy,2025,1,2027,2027,year_after_next,2.0,,TN1_0|FN1_0TN0_6|FN0_5TN0_1|F0_0T0_4|F0_5T0_9|F1_0T1_4|F1_5T1_9|F2_0T2_4|F2_5T2_9|F3_0T3_4|F3_5T3_9|F4_0,10.0,35,0.0,0.009317845100588,,0,10,0.0,0.2857142857142857,True
ecb,rgdp,real_gdp_yoy,2025,1,2029,2029,longer_term,4.0,,TN1_0|FN1_0TN0_6|FN0_5TN0_1|F0_0T0_4|F0_5T0_9|F1_0T1_4|F1_5T1_9|F2_0T2_4|F2_5T2_9|F3_0T3_4|F3_5T3_9|F4_0,3.0,34,0.03626735621192386,0.03626735621192386,0.03626735621192386,14,14,0.4117647058823529,0.4117647058823529,False
ecb,rgdp,real_gdp_yoy,2025,1,2029,2029,longer_term,4.0,,TN1_0|FN1_0TN0_6|FN0_5TN0_1|F0_0T0_4|F0_5T0_9|F1_0T1_4|F1_5T1_9|F2_0T2_4|F2_5T2_9|F3_0T3_4|F3_5T3_9|F4_0,4.0,34,0.010775761670714217,0.010775761670714217,0.010775761670714217,12,12,0.35294117647058826,0.35294117647058826,False
ecb,rgdp,real_gdp_yoy,2025,1,2029,2029,longer_term,4.0,,TN1_0|FN1_0TN0_6|FN0_5TN0_1|F0_0T0_4|F0_5T0_9|F1_0T1_4|F1_5T1_9|F2_0T2_4|F2_5T2_9|F3_0T3_4|F3_5T3_9|F4_0,5.0,34,0.0,0.010775761670714217,,0,12,0.0,0.35294117647058826,True
ecb,rgdp,real_gdp_yoy,2025,1,2029,2029,longer_term,4.0,,TN1_0|FN1_0TN0_6|FN0_5TN0_1|F0_0T0_4|F0_5T0_9|F1_0T1_4|F1_5T1_9|F2_0T2_4|F2_5T2_9|F3_0T3_4|F3_5T3_9|F4_0,10.0,34,0.0,0.010775761670714217,,0,12,0.0,0.35294117647058826,True
ecb,rgdp,real_gdp_yoy,2025,1,,2025Q3,rolling_1y,1.0,,TN1_0|FN1_0TN0_6|FN0_5TN0_1|F0_0T0_4|F0_5T0_9|F1_0T1_4|F1_5T1_9|F2_0T2_4|F2_5T2_9|F3_0T3_4|F3_5T3_9|F4_0,3.0,33,0.017397331055705526,0.017397331055705526,0.017397331055705526,13,13,0.3939393939393939,0.3939393939393939,False
ecb,rgdp,real_gdp_yoy,2025,1,,2025Q3,rolling_1y,1.0,,TN1_0|FN1_0TN0_6|FN0_5TN0_1|F0_0T0_4|F0_5T0_9|F1_0T1_4|F1_5T1_9|F2_0T2_4|F2_5T2_9|F3_0T3_4|F3_5T3_9|F4_0,4.0,33,0.003987387460904246,0.003987387460904246,0.003987387460904246,9,9,0.2727272727272727,0.2727272727272727,False
ecb,rgdp,real_gdp_yoy,2025,1,,2025Q3,rolling_1y,1.0,,TN1_0|FN1_0TN0_6|FN0_5TN0_1|F0_0T0_4|F0_5T0_9|F1_0T1_4|F1_5T1_9|F2_0T2_4|F2_5T2_9|F3_0T3_4|F3_5T3_9|F4_0,5.0,33,0.0,0.003987387460904246,,0,9,0.0,0.2727272727272727,True
ecb,rgdp,real_gdp_yoy,2025,1,,2025Q3,rolling_1y,1.0,,TN1_0|FN1_0TN0_6|FN0_5TN0_1|F0_0T0_4|F0_5T0_9|F1_0T1_4|F1_5T1_9|F2_0T2_4|F2_5T2_9|F3_0T3_4|F3_5T3_9|F4_0,10.0,33,0.0,0.003987387460904246,,0,9,0.0,0.2727272727272727,True
ecb,rgdp,real_gdp_yoy,2025,1,,2026Q3,rolling_2y,2.0,,TN1_0|FN1_0TN0_6|FN0_5TN0_1|F0_0T0_4|F0_5T0_9|F1_0T1_4|F1_5T1_9|F2_0T2_4|F2_5T2_9|F3_0T3_4|F3_5T3_9|F4_0,3.0,32,0.026181732535146187,0.026181732535146187,0.026181732535146187,16,16,0.5,0.5,False
ecb,rgdp,real_gdp_yoy,2025,1,,2026Q3,rolling_2y,2.0,,TN1_0|FN1_0TN0_6|FN0_5TN0_1|F0_0T0_4|F0_5T0_9|F1_0T1_4|F1_5T1_9|F2_0T2_4|F2_5T2_9|F3_0T3_4|F3_5T3_9|F4_0,4.0,32,0.004882990962709238,0.004882990962709238,0.004882990962709238,10,10,0.3125,0.3125,False
ecb,rgdp,real_gdp_yoy,2025,1,,2026Q3,rolling_2y,2.0,,TN1_0|FN1_0TN0_6|FN0_5TN0_1|F0_0T0_4|F0_5T0_9|F1_0T1_4|F1_5T1_9|F2_0T2_4|F2_5T2_9|F3_0T3_4|F3_5T3_9|F4_0,5.0,32,0.0,0.004882990962709238,,0,10,0.0,0.3125,True
ecb,rgdp,real_gdp_yoy,2025,1,,2026Q3,rolling_2y,2.0,,TN1_0|FN1_0TN0_6|FN0_5TN0_1|F0_0T0_4|F0_5T0_9|F1_0T1_4|F1_5T1_9|F2_0T2_4|F2_5T2_9|F3_0T3_4|F3_5T3_9|F4_0,10.0,32,0.0,0.004882990962709238,,0,10,0.0,0.3125,True
ecb,rgdp,real_gdp_yoy,2025,2,2025,2025,current_year,0.0,,TN1_0|FN1_0TN0_6|FN0_5TN0_1|F0_0T0_4|F0_5T0_9|F1_0T1_4|F1_5T1_9|F2_0T2_4|F2_5T2_9|F3_0T3_4|F3_5T3_9|F4_0,3.0,45,0.014486428882206357,0.014486428882206357,0.014486428882206357,14,14,0.3111111111111111,0.3111111111111111,False
ecb,rgdp,real_gdp_yoy,2025,2,2025,2025,current_year,0.0,,TN1_0|FN1_0TN0_6|FN0_5TN0_1|F0_0T0_4|F0_5T0_9|F1_0T1_4|F1_5T1_9|F2_0T2_4|F2_5T2_9|F3_0T3_4|F3_5T3_9|F4_0,4.0,45,0.0019272533889365573,0.0019272533889365573,0.0019272533889365573,8,8,0.17777777777777778,0.17777777777777778,False
ecb,rgdp,real_gdp_yoy,2025,2,2025,2025,current_year,0.0,,TN1_0|FN1_0TN0_6|FN0_5TN0_1|F0_0T0_4|F0_5T0_9|F1_0T1_4|F1_5T1_9|F2_0T2_4|F2_5T2_9|F3_0T3_4|F3_5T3_9|F4_0,5.0,45,0.0,0.0019272533889365573,,0,8,0.0,0.17777777777777778,True
ecb,rgdp,real_gdp_yoy,2025,2,2025,2025,current_year,0.0,,TN1_0|FN1_0TN0_6|FN0_5TN0_1|F0_0T0_4|F0_5T0_9|F1_0T1_4|F1_5T1_9|F2_0T2_4|F2_5T2_9|F3_0T3_4|F3_5T3_9|F4_0,10.0,45,0.0,0.0019272533889365573,,0,8,0.0,0.17777777777777778,True
ecb,rgdp,real_gdp_yoy,2025,2,2026,2026,next_year,1.0,,TN1_0|FN1_0TN0_6|FN0_5TN0_1|F0_0T0_4|F0_5T0_9|F1_0T1_4|F1_5T1_9|F2_0T2_4|F2_5T2_9|F3_0T3_4|F3_5T3_9|F4_0,3.0,45,0.023838743356037265,0.023838743356037265,0.023838743356037265,19,19,0.4222222222222222,0.4222222222222222,False
ecb,rgdp,real_gdp_yoy,2025,2,2026,2026,next_year,1.0,,TN1_0|FN1_0TN0_6|FN0_5TN0_1|F0_0T0_4|F0_5T0_9|F1_0T1_4|F1_5T1_9|F2_0T2_4|F2_5T2_9|F3_0T3_4|F3_5T3_9|F4_0,4.0,45,0.005676933824654932,0.005676933824654932,0.005676933824654932,11,11,0.24444444444444444,0.24444444444444444,False
ecb,rgdp,real_gdp_yoy,2025,2,2026,2026,next_year,1.0,,TN1_0|FN1_0TN0_6|FN0_5TN0_1|F0_0T0_4|F0_5T0_9|F1_0T1_4|F1_5T1_9|F2_0T2_4|F2_5T2_9|F3_0T3_4|F3_5T3_9|F4_0,5.0,45,0.0,0.005676933824654932,,0,11,0.0,0.24444444444444444,True
ecb,rgdp,real_gdp_yoy,2025,2,2026,2026,next_year,1.0,,TN1_0|FN1_0TN0_6|FN0_5TN0_1|F0_0T0_4|F0_5T0_9|F1_0T1_4|F1_5T1_9|F2_0T2_4|F2_5T2_9|F3_0T3_4|F3_5T3_9|F4_0,10.0,45,0.0,0.005676933824654932,,0,11,0.0,0.24444444444444444,True
ecb,rgdp,real_gdp_yoy,2025,2,2027,2027,year_after_next,2.0,,TN1_0|FN1_0TN0_6|FN0_5TN0_1|F0_0T0_4|F0_5T0_9|F1_0T1_4|F1_5T1_9|F2_0T2_4|F2_5T2_9|F3_0T3_4|F3_5T3_9|F4_0,3.0,35,0.03912118361371267,0.03912118361371267,0.03912118361371267,18,18,0.5142857142857142,0.5142857142857142,False
ecb,rgdp,real_gdp_yoy,2025,2,2027,2027,year_after_next,2.0,,TN1_0|FN1_0TN0_6|FN0_5TN0_1|F0_0T0_4|F0_5T0_9|F1_0T1_4|F1_5T1_9|F2_0T2_4|F2_5T2_9|F3_0T3_4|F3_5T3_9|F4_0,4.0,35,0.01002313260837867,0.01002313260837867,0.01002313260837867,10,10,0.2857142857142857,0.2857142857142857,False
ecb,rgdp,real_gdp_yoy,2025,2,2027,2027,year_after_next,2.0,,TN1_0|FN1_0TN0_6|FN0_5TN0_1|F0_0T0_4|F0_5T0_9|F1_0T1_4|F1_5T1_9|F2_0T2_4|F2_5T2_9|F3_0T3_4|F3_5T3_9|F4_0,5.0,35,0.0,0.01002313260837867,,0,10,0.0,0.2857142857142857,True
ecb,rgdp,real_gdp_yoy,2025,2,2027,2027,year_after_next,2.0,,TN1_0|FN1_0TN0_6|FN0_5TN0_1|F0_0T0_4|F0_5T0_9|F1_0T1_4|F1_5T1_9|F2_0T2_4|F2_5T2_9|F3_0T3_4|F3_5T3_9|F4_0,10.0,35,0.0,0.01002313260837867,,0,10,0.0,0.2857142857142857,True
ecb,rgdp,real_gdp_yoy,2025,2,2029,2029,longer_term,4.0,,TN1_0|FN1_0TN0_6|FN0_5TN0_1|F0_0T0_4|F0_5T0_9|F1_0T1_4|F1_5T1_9|F2_0T2_4|F2_5T2_9|F3_0T3_4|F3_5T3_9|F4_0,3.0,33,0.04433652715895387,0.04433652715895387,0.04433652715895387,18,18,0.5454545454545454,0.5454545454545454,False
ecb,rgdp,real_gdp_yoy,2025,2,2029,2029,longer_term,4.0,,TN1_0|FN1_0TN0_6|FN0_5TN0_1|F0_0T0_4|F0_5T0_9|F1_0T1_4|F1_5T1_9|F2_0T2_4|F2_5T2_9|F3_0T3_4|F3_5T3_9|F4_0,4.0,33,0.011508569208281723,0.011508569208281723,0.011508569208281723,12,12,0.36363636363636365,0.36363636363636365,False
ecb,rgdp,real_gdp_yoy,2025,2,2029,2029,longer_term,4.0,,TN1_0|FN1_0TN0_6|FN0_5TN0_1|F0_0T0_4|F0_5T0_9|F1_0T1_4|F1_5T1_9|F2_0T2_4|F2_5T2_9|F3_0T3_4|F3_5T3_9|F4_0,5.0,33,0.0,0.011508569208281723,,0,12,0.0,0.36363636363636365,True
ecb,rgdp,real_gdp_yoy,2025,2,2029,2029,longer_term,4.0,,TN1_0|FN1_0TN0_6|FN0_5TN0_1|F0_0T0_4|F0_5T0_9|F1_0T1_4|F1_5T1_9|F2_0T2_4|F2_5T2_9|F3_0T3_4|F3_5T3_9|F4_0,10.0,33,0.0,0.011508569208281723,,0,12,0.0,0.36363636363636365,True
ecb,rgdp,real_gdp_yoy,2025,2,,2025Q4,rolling_1y,1.0,,TN1_0|FN1_0TN0_6|FN0_5TN0_1|F0_0T0_4|F0_5T0_9|F1_0T1_4|F1_5T1_9|F2_0T2_4|F2_5T2_9|F3_0T3_4|F3_5T3_9|F4_0,3.0,32,0.027051382551972866,0.027051382551972866,0.027051382551972866,15,15,0.46875,0.46875,False
ecb,rgdp,real_gdp_yoy,2025,2,,2025Q4,rolling_1y,1.0,,TN1_0|FN1_0TN0_6|FN0_5TN0_1|F0_0T0_4|F0_5T0_9|F1_0T1_4|F1_5T1_9|F2_0T2_4|F2_5T2_9|F3_0T3_4|F3_5T3_9|F4_0,4.0,32,0.008633896652568487,0.008633896652568487,0.008633896652568487,9,9,0.28125,0.28125,False
ecb,rgdp,real_gdp_yoy,2025,2,,2025Q4,rolling_1y,1.0,,TN1_0|FN1_0TN0_6|FN0_5TN0_1|F0_0T0_4|F0_5T0_9|F1_0T1_4|F1_5T1_9|F2_0T2_4|F2_5T2_9|F3_0T3_4|F3_5T3_9|F4_0,5.0,32,0.0,0.008633896652568487,,0,9,0.0,0.28125,True
ecb,rgdp,real_gdp_yoy,2025,2,,2025Q4,rolling_1y,1.0,,TN1_0|FN1_0TN0_6|FN0_5TN0_1|F0_0T0_4|F0_5T0_9|F1_0T1_4|F1_5T1_9|F2_0T2_4|F2_5T2_9|F3_0T3_4|F3_5T3_9|F4_0,10.0,32,0.0,0.008633896652568487,,0,9,0.0,0.28125,True
ecb,rgdp,real_gdp_yoy,2025,2,,2026Q4,rolling_2y,2.0,,TN1_0|FN1_0TN0_6|FN0_5TN0_1|F0_0T0_4|F0_5T0_9|F1_0T1_4|F1_5T1_9|F2_0T2_4|F2_5T2_9|F3_0T3_4|F3_5T3_9|F4_0,3.0,32,0.03812978284938466,0.03812978284938466,0.03812978284938466,17,17,0.53125,0.53125,False
ecb,rgdp,real_gdp_yoy,2025,2,,2026Q4,rolling_2y,2.0,,TN1_0|FN1_0TN0_6|FN0_5TN0_1|F0_0T0_4|F0_5T0_9|F1_0T1_4|F1_5T1_9|F2_0T2_4|F2_5T2_9|F3_0T3_4|F3_5T3_9|F4_0,4.0,32,0.010045713784300608,0.010045713784300608,0.010045713784300608,11,11,0.34375,0.34375,False
ecb,rgdp,real_gdp_yoy,2025,2,,2026Q4,rolling_2y,2.0,,TN1_0|FN1_0TN0_6|FN0_5TN0_1|F0_0T0_4|F0_5T0_9|F1_0T1_4|F1_5T1_9|F2_0T2_4|F2_5T2_9|F3_0T3_4|F3_5T3_9|F4_0,5.0,32,0.0,0.010045713784300608,,0,11,0.0,0.34375,True
ecb,rgdp,real_gdp_yoy,2025,2,,2026Q4,rolling_2y,2.0,,TN1_0|FN1_0TN0_6|FN0_5TN0_1|F0_0T0_4|F0_5T0_9|F1_0T1_4|F1_5T1_9|F2_0T2_4|F2_5T2_9|F3_0T3_4|F3_5T3_9|F4_0,10.0,32,0.0,0.010045713784300608,,0,11,0.0,0.34375,True
ecb,rgdp,real_gdp_yoy,2025,3,2025,2025,current_year,0.0,,TN1_0|FN1_0TN0_6|FN0_5TN0_1|F0_0T0_4|F0_5T0_9|F1_0T1_4|F1_5T1_9|F2_0T2_4|F2_5T2_9|F3_0T3_4|F3_5T3_9|F4_0,3.0,43,0.011100942857483736,0.011100942857483736,0.011100942857483736,12,12,0.27906976744186046,0.27906976744186046,False
ecb,rgdp,real_gdp_yoy,2025,3,2025,2025,current_year,0.0,,TN1_0|FN1_0TN0_6|FN0_5TN0_1|F0_0T0_4|F0_5T0_9|F1_0T1_4|F1_5T1_9|F2_0T2_4|F2_5T2_9|F3_0T3_4|F3_5T3_9|F4_0,4.0,43,0.0021087629602553133,0.0021087629602553133,0.0021087629602553133,8,8,0.18604651162790697,0.18604651162790697,False
ecb,rgdp,real_gdp_yoy,2025,3,2025,2025,current_year,0.0,,TN1_0|FN1_0TN0_6|FN0_5TN0_1|F0_0T0_4|F0_5T0_9|F1_0T1_4|F1_5T1_9|F2_0T2_4|F2_5T2_9|F3_0T3_4|F3_5T3_9|F4_0,5.0,43,0.0,0.0021087629602553133,,0,8,0.0,0.18604651162790697,True
ecb,rgdp,real_gdp_yoy,2025,3,2025,2025,current_year,0.0,,TN1_0|FN1_0TN0_6|FN0_5TN0_1|F0_0T0_4|F0_5T0_9|F1_0T1_4|F1_5T1_9|F2_0T2_4|F2_5T2_9|F3_0T3_4|F3_5T3_9|F4_0,10.0,43,0.0,0.0021087629602553133,,0,8,0.0,0.18604651162790697,True
ecb,rgdp,real_gdp_yoy,2025,3,2026,2026,next_year,1.0,,TN1_0|FN1_0TN0_6|FN0_5TN0_1|F0_0T0_4|F0_5T0_9|F1_0T1_4|F1_5T1_9|F2_0T2_4|F2_5T2_9|F3_0T3_4|F3_5T3_9|F4_0,3.0,43,0.022192910921774275,0.022192910921774275,0.022192910921774275,17,17,0.3953488372093023,0.3953488372093023,False
ecb,rgdp,real_gdp_yoy,2025,3,2026,2026,next_year,1.0,,TN1_0|FN1_0TN0_6|FN0_5TN0_1|F0_0T0_4|F0_5T0_9|F1_0T1_4|F1_5T1_9|F2_0T2_4|F2_5T2_9|F3_0T3_4|F3_5T3_9|F4_0,4.0,43,0.005252127232842424,0.005252127232842424,0.005252127232842424,10,10,0.23255813953488372,0.23255813953488372,False
ecb,rgdp,real_gdp_yoy,2025,3,2026,2026,next_year,1.0,,TN1_0|FN1_0TN0_6|FN0_5TN0_1|F0_0T0_4|F0_5T0_9|F1_0T1_4|F1_5T1_9|F2_0T2_4|F2_5T2_9|F3_0T3_4|F3_5T3_9|F4_0,5.0,43,0.0,0.005252127232842424,,0,10,0.0,0.23255813953488372,True
ecb,rgdp,real_gdp_yoy,2025,3,2026,2026,next_year,1.0,,TN1_0|FN1_0TN0_6|FN0_5TN0_1|F0_0T0_4|F0_5T0_9|F1_0T1_4|F1_5T1_9|F2_0T2_4|F2_5T2_9|F3_0T3_4|F3_5T3_9|F4_0,10.0,43,0.0,0.005252127232842424,,0,10,0.0,0.23255813953488372,True
ecb,rgdp,real_gdp_yoy,2025,3,2027,2027,year_after_next,2.0,,TN1_0|FN1_0TN0_6|FN0_5TN0_1|F0_0T0_4|F0_5T0_9|F1_0T1_4|F1_5T1_9|F2_0T2_4|F2_5T2_9|F3_0T3_4|F3_5T3_9|F4_0,3.0,35,0.03290830176615722,0.03290830176615722,0.03290830176615722,17,17,0.4857142857142857,0.4857142857142857,False
ecb,rgdp,real_gdp_yoy,2025,3,2027,2027,year_after_next,2.0,,TN1_0|FN1_0TN0_6|FN0_5TN0_1|F0_0T0_4|F0_5T0_9|F1_0T1_4|F1_5T1_9|F2_0T2_4|F2_5T2_9|F3_0T3_4|F3_5T3_9|F4_0,4.0,35,0.0052669614744763095,0.0052669614744763095,0.0052669614744763095,9,9,0.2571428571428571,0.2571428571428571,False
ecb,rgdp,real_gdp_yoy,2025,3,2027,2027,year_after_next,2.0,,TN1_0|FN1_0TN0_6|FN0_5TN0_1|F0_0T0_4|F0_5T0_9|F1_0T1_4|F1_5T1_9|F2_0T2_4|F2_5T2_9|F3_0T3_4|F3_5T3_9|F4_0,5.0,35,0.0,0.0052669614744763095,,0,9,0.0,0.2571428571428571,True
ecb,rgdp,real_gdp_yoy,2025,3,2027,2027,year_after_next,2.0,,TN1_0|FN1_0TN0_6|FN0_5TN0_1|F0_0T0_4|F0_5T0_9|F1_0T1_4|F1_5T1_9|F2_0T2_4|F2_5T2_9|F3_0T3_4|F3_5T3_9|F4_0,10.0,35,0.0,0.0052669614744763095,,0,9,0.0,0.2571428571428571,True
ecb,rgdp,real_gdp_yoy,2025,3,2030,2030,longer_term,5.0,,TN1_0|FN1_0TN0_6|FN0_5TN0_1|F0_0T0_4|F0_5T0_9|F1_0T1_4|F1_5T1_9|F2_0T2_4|F2_5T2_9|F3_0T3_4|F3_5T3_9|F4_0,3.0,32,0.038810295738184716,0.038810295738184716,0.038810295738184716,14,14,0.4375,0.4375,False
ecb,rgdp,real_gdp_yoy,2025,3,2030,2030,longer_term,5.0,,TN1_0|FN1_0TN0_6|FN0_5TN0_1|F0_0T0_4|F0_5T0_9|F1_0T1_4|F1_5T1_9|F2_0T2_4|F2_5T2_9|F3_0T3_4|F3_5T3_9|F4_0,4.0,32,0.010708625337808121,0.010708625337808121,0.010708625337808121,11,11,0.34375,0.34375,False
ecb,rgdp,real_gdp_yoy,2025,3,2030,2030,longer_term,5.0,,TN1_0|FN1_0TN0_6|FN0_5TN0_1|F0_0T0_4|F0_5T0_9|F1_0T1_4|F1_5T1_9|F2_0T2_4|F2_5T2_9|F3_0T3_4|F3_5T3_9|F4_0,5.0,32,0.0,0.010708625337808121,,0,11,0.0,0.34375,True
ecb,rgdp,real_gdp_yoy,2025,3,2030,2030,longer_term,5.0,,TN1_0|FN1_0TN0_6|FN0_5TN0_1|F0_0T0_4|F0_5T0_9|F1_0T1_4|F1_5T1_9|F2_0T2_4|F2_5T2_9|F3_0T3_4|F3_5T3_9|F4_0,10.0,32,0.0,0.010708625337808121,,0,11,0.0,0.34375,True
ecb,rgdp,real_gdp_yoy,2025,3,,2026Q1,rolling_1y,1.0,,TN1_0|FN1_0TN0_6|FN0_5TN0_1|F0_0T0_4|F0_5T0_9|F1_0T1_4|F1_5T1_9|F2_0T2_4|F2_5T2_9|F3_0T3_4|F3_5T3_9|F4_0,3.0,30,0.026950787296008208,0.026950787296008208,0.026950787296008208,12,12,0.4,0.4,False
ecb,rgdp,real_gdp_yoy,2025,3,,2026Q1,rolling_1y,1.0,,TN1_0|FN1_0TN0_6|FN0_5TN0_1|F0_0T0_4|F0_5T0_9|F1_0T1_4|F1_5T1_9|F2_0T2_4|F2_5T2_9|F3_0T3_4|F3_5T3_9|F4_0,4.0,30,0.00923317122984464,0.00923317122984464,0.00923317122984464,8,8,0.26666666666666666,0.26666666666666666,False
ecb,rgdp,real_gdp_yoy,2025,3,,2026Q1,rolling_1y,1.0,,TN1_0|FN1_0TN0_6|FN0_5TN0_1|F0_0T0_4|F0_5T0_9|F1_0T1_4|F1_5T1_9|F2_0T2_4|F2_5T2_9|F3_0T3_4|F3_5T3_9|F4_0,5.0,30,0.0,0.00923317122984464,,0,8,0.0,0.26666666666666666,True
ecb,rgdp,real_gdp_yoy,2025,3,,2026Q1,rolling_1y,1.0,,TN1_0|FN1_0TN0_6|FN0_5TN0_1|F0_0T0_4|F0_5T0_9|F1_0T1_4|F1_5T1_9|F2_0T2_4|F2_5T2_9|F3_0T3_4|F3_5T3_9|F4_0,10.0,30,0.0,0.00923317122984464,,0,8,0.0,0.26666666666666666,True
ecb,rgdp,real_gdp_yoy,2025,3,,2027Q1,rolling_2y,2.0,,TN1_0|FN1_0TN0_6|FN0_5TN0_1|F0_0T0_4|F0_5T0_9|F1_0T1_4|F1_5T1_9|F2_0T2_4|F2_5T2_9|F3_0T3_4|F3_5T3_9|F4_0,3.0,25,0.050476169832176246,0.050476169832176246,0.050476169832176246,17,17,0.68,0.68,False
ecb,rgdp,real_gdp_yoy,2025,3,,2027Q1,rolling_2y,2.0,,TN1_0|FN1_0TN0_6|FN0_5TN0_1|F0_0T0_4|F0_5T0_9|F1_0T1_4|F1_5T1_9|F2_0T2_4|F2_5T2_9|F3_0T3_4|F3_5T3_9|F4_0,4.0,25,0.008900736320005143,0.008900736320005143,0.008900736320005143,8,8,0.32,0.32,False
ecb,rgdp,real_gdp_yoy,2025,3,,2027Q1,rolling_2y,2.0,,TN1_0|FN1_0TN0_6|FN0_5TN0_1|F0_0T0_4|F0_5T0_9|F1_0T1_4|F1_5T1_9|F2_0T2_4|F2_5T2_9|F3_0T3_4|F3_5T3_9|F4_0,5.0,25,0.0,0.008900736320005143,,0,8,0.0,0.32,True
ecb,rgdp,real_gdp_yoy,2025,3,,2027Q1,rolling_2y,2.0,,TN1_0|FN1_0TN0_6|FN0_5TN0_1|F0_0T0_4|F0_5T0_9|F1_0T1_4|F1_5T1_9|F2_0T2_4|F2_5T2_9|F3_0T3_4|F3_5T3_9|F4_0,10.0,25,0.0,0.008900736320005143,,0,8,0.0,0.32,True
ecb,rgdp,real_gdp_yoy,2025,4,2025,2025,current_year,0.0,,TN1_0|FN1_0TN0_6|FN0_5TN0_1|F0_0T0_4|F0_5T0_9|F1_0T1_4|F1_5T1_9|F2_0T2_4|F2_5T2_9|F3_0T3_4|F3_5T3_9|F4_0,3.0,46,0.010788072263536222,0.010788072263536222,0.010788072263536222,10,10,0.21739130434782608,0.21739130434782608,False
ecb,rgdp,real_gdp_yoy,2025,4,2025,2025,current_year,0.0,,TN1_0|FN1_0TN0_6|FN0_5TN0_1|F0_0T0_4|F0_5T0_9|F1_0T1_4|F1_5T1_9|F2_0T2_4|F2_5T2_9|F3_0T3_4|F3_5T3_9|F4_0,4.0,46,0.0018447891848879462,0.0018447891848879462,0.0018447891848879462,7,7,0.15217391304347827,0.15217391304347827,False
ecb,rgdp,real_gdp_yoy,2025,4,2025,2025,current_year,0.0,,TN1_0|FN1_0TN0_6|FN0_5TN0_1|F0_0T0_4|F0_5T0_9|F1_0T1_4|F1_5T1_9|F2_0T2_4|F2_5T2_9|F3_0T3_4|F3_5T3_9|F4_0,5.0,46,0.0,0.0018447891848879462,,0,7,0.0,0.15217391304347827,True
ecb,rgdp,real_gdp_yoy,2025,4,2025,2025,current_year,0.0,,TN1_0|FN1_0TN0_6|FN0_5TN0_1|F0_0T0_4|F0_5T0_9|F1_0T1_4|F1_5T1_9|F2_0T2_4|F2_5T2_9|F3_0T3_4|F3_5T3_9|F4_0,10.0,46,0.0,0.0018447891848879462,,0,7,0.0,0.15217391304347827,True
ecb,rgdp,real_gdp_yoy,2025,4,2026,2026,next_year,1.0,,TN1_0|FN1_0TN0_6|FN0_5TN0_1|F0_0T0_4|F0_5T0_9|F1_0T1_4|F1_5T1_9|F2_0T2_4|F2_5T2_9|F3_0T3_4|F3_5T3_9|F4_0,3.0,46,0.02023253456831412,0.02023253456831412,0.02023253456831412,18,18,0.391304347826087,0.391304347826087,False
ecb,rgdp,real_gdp_yoy,2025,4,2026,2026,next_year,1.0,,TN1_0|FN1_0TN0_6|FN0_5TN0_1|F0_0T0_4|F0_5T0_9|F1_0T1_4|F1_5T1_9|F2_0T2_4|F2_5T2_9|F3_0T3_4|F3_5T3_9|F4_0,4.0,46,0.0044898774590791555,0.0044898774590791555,0.0044898774590791555,13,13,0.2826086956521739,0.2826086956521739,False
ecb,rgdp,real_gdp_yoy,2025,4,2026,2026,next_year,1.0,,TN1_0|FN1_0TN0_6|FN0_5TN0_1|F0_0T0_4|F0_5T0_9|F1_0T1_4|F1_5T1_9|F2_0T2_4|F2_5T2_9|F3_0T3_4|F3_5T3_9|F4_0,5.0,46,0.0,0.0044898774590791555,,0,13,0.0,0.2826086956521739,True
ecb,rgdp,real_gdp_yoy,2025,4,2026,2026,next_year,1.0,,TN1_0|FN1_0TN0_6|FN0_5TN0_1|F0_0T0_4|F0_5T0_9|F1_0T1_4|F1_5T1_9|F2_0T2_4|F2_5T2_9|F3_0T3_4|F3_5T3_9|F4_0,10.0,46,0.0,0.0044898774590791555,,0,13,0.0,0.2826086956521739,True
ecb,rgdp,real_gdp_yoy,2025,4,2027,2027,year_after_next,2.0,,TN1_0|FN1_0TN0_6|FN0_5TN0_1|F0_0T0_4|F0_5T0_9|F1_0T1_4|F1_5T1_9|F2_0T2_4|F2_5T2_9|F3_0T3_4|F3_5T3_9|F4_0,3.0,39,0.03901610867948004,0.03901610867948004,0.03901610867948004,21,21,0.5384615384615384,0.5384615384615384,False
ecb,rgdp,real_gdp_yoy,2025,4,2027,2027,year_after_next,2.0,,TN1_0|FN1_0TN0_6|FN0_5TN0_1|F0_0T0_4|F0_5T0_9|F1_0T1_4|F1_5T1_9|F2_0T2_4|F2_5T2_9|F3_0T3_4|F3_5T3_9|F4_0,4.0,39,0.008365786253846715,0.008365786253846715,0.008365786253846715,13,13,0.3333333333333333,0.3333333333333333,False
ecb,rgdp,real_gdp_yoy,2025,4,2027,2027,year_after_next,2.0,,TN1_0|FN1_0TN0_6|FN0_5TN0_1|F0_0T0_4|F0_5T0_9|F1_0T1_4|F1_5T1_9|F2_0T2_4|F2_5T2_9|F3_0T3_4|F3_5T3_9|F4_0,5.0,39,0.0,0.008365786253846715,,0,13,0.0,0.3333333333333333,True
ecb,rgdp,real_gdp_yoy,2025,4,2027,2027,year_after_next,2.0,,TN1_0|FN1_0TN0_6|FN0_5TN0_1|F0_0T0_4|F0_5T0_9|F1_0T1_4|F1_5T1_9|F2_0T2_4|F2_5T2_9|F3_0T3_4|F3_5T3_9|F4_0,10.0,39,0.0,0.008365786253846715,,0,13,0.0,0.3333333333333333,True
ecb,rgdp,real_gdp_yoy,2025,4,2030,2030,longer_term,5.0,,TN1_0|FN1_0TN0_6|FN0_5TN0_1|F0_0T0_4|F0_5T0_9|F1_0T1_4|F1_5T1_9|F2_0T2_4|F2_5T2_9|F3_0T3_4|F3_5T3_9|F4_0,3.0,34,0.042231085293073095,0.042231085293073095,0.042231085293073095,16,16,0.47058823529411764,0.47058823529411764,False
ecb,rgdp,real_gdp_yoy,2025,4,2030,2030,longer_term,5.0,,TN1_0|FN1_0TN0_6|FN0_5TN0_1|F0_0T0_4|F0_5T0_9|F1_0T1_4|F1_5T1_9|F2_0T2_4|F2_5T2_9|F3_0T3_4|F3_5T3_9|F4_0,4.0,34,0.010976306084697254,0.010976306084697254,0.010976306084697254,12,12,0.35294117647058826,0.35294117647058826,False
ecb,rgdp,real_gdp_yoy,2025,4,2030,2030,longer_term,5.0,,TN1_0|FN1_0TN0_6|FN0_5TN0_1|F0_0T0_4|F0_5T0_9|F1_0T1_4|F1_5T1_9|F2_0T2_4|F2_5T2_9|F3_0T3_4|F3_5T3_9|F4_0,5.0,34,0.0,0.010976306084697254,,0,12,0.0,0.35294117647058826,True
ecb,rgdp,real_gdp_yoy,2025,4,2030,2030,longer_term,5.0,,TN1_0|FN1_0TN0_6|FN0_5TN0_1|F0_0T0_4|F0_5T0_9|F1_0T1_4|F1_5T1_9|F2_0T2_4|F2_5T2_9|F3_0T3_4|F3_5T3_9|F4_0,10.0,34,0.0,0.010976306084697254,,0,12,0.0,0.35294117647058826,True
ecb,rgdp,real_gdp_yoy,2025,4,,2026Q2,rolling_1y,1.0,,TN1_0|FN1_0TN0_6|FN0_5TN0_1|F0_0T0_4|F0_5T0_9|F1_0T1_4|F1_5T1_9|F2_0T2_4|F2_5T2_9|F3_0T3_4|F3_5T3_9|F4_0,3.0,33,0.019624804996313867,0.019624804996313867,0.019624804996313867,14,14,0.42424242424242425,0.42424242424242425,False
ecb,rgdp,real_gdp_yoy,2025,4,,2026Q2,rolling_1y,1.0,,TN1_0|FN1_0TN0_6|FN0_5TN0_1|F0_0T0_4|F0_5T0_9|F1_0T1_4|F1_5T1_9|F2_0T2_4|F2_5T2_9|F3_0T3_4|F3_5T3_9|F4_0,4.0,33,0.003577793430155759,0.003577793430155759,0.003577793430155759,9,9,0.2727272727272727,0.2727272727272727,False
ecb,rgdp,real_gdp_yoy,2025,4,,2026Q2,rolling_1y,1.0,,TN1_0|FN1_0TN0_6|FN0_5TN0_1|F0_0T0_4|F0_5T0_9|F1_0T1_4|F1_5T1_9|F2_0T2_4|F2_5T2_9|F3_0T3_4|F3_5T3_9|F4_0,5.0,33,0.0,0.003577793430155759,,0,9,0.0,0.2727272727272727,True
ecb,rgdp,real_gdp_yoy,2025,4,,2026Q2,rolling_1y,1.0,,TN1_0|FN1_0TN0_6|FN0_5TN0_1|F0_0T0_4|F0_5T0_9|F1_0T1_4|F1_5T1_9|F2_0T2_4|F2_5T2_9|F3_0T3_4|F3_5T3_9|F4_0,10.0,33,0.0,0.003577793430155759,,0,9,0.0,0.2727272727272727,True
ecb,rgdp,real_gdp_yoy,2025,4,,2027Q2,rolling_2y,2.0,,TN1_0|FN1_0TN0_6|FN0_5TN0_1|F0_0T0_4|F0_5T0_9|F1_0T1_4|F1_5T1_9|F2_0T2_4|F2_5T2_9|F3_0T3_4|F3_5T3_9|F4_0,3.0,27,0.04325015785881502,0.04325015785881502,0.04325015785881502,17,17,0.6296296296296297,0.6296296296296297,False
ecb,rgdp,real_gdp_yoy,2025,4,,2027Q2,rolling_2y,2.0,,TN1_0|FN1_0TN0_6|FN0_5TN0_1|F0_0T0_4|F0_5T0_9|F1_0T1_4|F1_5T1_9|F2_0T2_4|F2_5T2_9|F3_0T3_4|F3_5T3_9|F4_0,4.0,27,0.00703777047767849,0.00703777047767849,0.00703777047767849,9,9,0.3333333333333333,0.3333333333333333,False
ecb,rgdp,real_gdp_yoy,2025,4,,2027Q2,rolling_2y,2.0,,TN1_0|FN1_0TN0_6|FN0_5TN0_1|F0_0T0_4|F0_5T0_9|F1_0T1_4|F1_5T1_9|F2_0T2_4|F2_5T2_9|F3_0T3_4|F3_5T3_9|F4_0,5.0,27,0.0,0.00703777047767849,,0,9,0.0,0.3333333333333333,True
ecb,rgdp,real_gdp_yoy,2025,4,,2027Q2,rolling_2y,2.0,,TN1_0|FN1_0TN0_6|FN0_5TN0_1|F0_0T0_4|F0_5T0_9|F1_0T1_4|F1_5T1_9|F2_0T2_4|F2_5T2_9|F3_0T3_4|F3_5T3_9|F4_0,10.0,27,0.0,0.00703777047767849,,0,9,0.0,0.3333333333333333,True
ecb,rgdp,real_gdp_yoy,2026,1,2026,2026,current_year,0.0,,TN1_0|FN1_0TN0_6|FN0_5TN0_1|F0_0T0_4|F0_5T0_9|F1_0T1_4|F1_5T1_9|F2_0T2_4|F2_5T2_9|F3_0T3_4|F3_5T3_9|F4_0,3.0,51,0.017203574819884295,0.017203574819884295,0.017203574819884295,19,19,0.37254901960784315,0.37254901960784315,False
ecb,rgdp,real_gdp_yoy,2026,1,2026,2026,current_year,0.0,,TN1_0|FN1_0TN0_6|FN0_5TN0_1|F0_0T0_4|F0_5T0_9|F1_0T1_4|F1_5T1_9|F2_0T2_4|F2_5T2_9|F3_0T3_4|F3_5T3_9|F4_0,4.0,51,0.002924242654946851,0.002924242654946851,0.002924242654946851,11,11,0.21568627450980393,0.21568627450980393,False
ecb,rgdp,real_gdp_yoy,2026,1,2026,2026,current_year,0.0,,TN1_0|FN1_0TN0_6|FN0_5TN0_1|F0_0T0_4|F0_5T0_9|F1_0T1_4|F1_5T1_9|F2_0T2_4|F2_5T2_9|F3_0T3_4|F3_5T3_9|F4_0,5.0,51,0.0,0.002924242654946851,,0,11,0.0,0.21568627450980393,True
ecb,rgdp,real_gdp_yoy,2026,1,2026,2026,current_year,0.0,,TN1_0|FN1_0TN0_6|FN0_5TN0_1|F0_0T0_4|F0_5T0_9|F1_0T1_4|F1_5T1_9|F2_0T2_4|F2_5T2_9|F3_0T3_4|F3_5T3_9|F4_0,10.0,51,0.0,0.002924242654946851,,0,11,0.0,0.21568627450980393,True
ecb,rgdp,real_gdp_yoy,2026,1,2027,2027,next_year,1.0,,TN1_0|FN1_0TN0_6|FN0_5TN0_1|F0_0T0_4|F0_5T0_9|F1_0T1_4|F1_5T1_9|F2_0T2_4|F2_5T2_9|F3_0T3_4|F3_5T3_9|F4_0,3.0,49,0.027564316936625508,0.027564316936625508,0.027564316936625505,23,23,0.46938775510204084,0.46938775510204084,False
ecb,rgdp,real_gdp_yoy,2026,1,2027,2027,next_year,1.0,,TN1_0|FN1_0TN0_6|FN0_5TN0_1|F0_0T0_4|F0_5T0_9|F1_0T1_4|F1_5T1_9|F2_0T2_4|F2_5T2_9|F3_0T3_4|F3_5T3_9|F4_0,4.0,49,0.0044181407365832155,0.0044181407365832155,0.0044181407365832155,13,13,0.2653061224489796,0.2653061224489796,False
ecb,rgdp,real_gdp_yoy,2026,1,2027,2027,next_year,1.0,,TN1_0|FN1_0TN0_6|FN0_5TN0_1|F0_0T0_4|F0_5T0_9|F1_0T1_4|F1_5T1_9|F2_0T2_4|F2_5T2_9|F3_0T3_4|F3_5T3_9|F4_0,5.0,49,0.0,0.0044181407365832155,,0,13,0.0,0.2653061224489796,True
ecb,rgdp,real_gdp_yoy,2026,1,2027,2027,next_year,1.0,,TN1_0|FN1_0TN0_6|FN0_5TN0_1|F0_0T0_4|F0_5T0_9|F1_0T1_4|F1_5T1_9|F2_0T2_4|F2_5T2_9|F3_0T3_4|F3_5T3_9|F4_0,10.0,49,0.0,0.0044181407365832155,,0,13,0.0,0.2653061224489796,True
ecb,rgdp,real_gdp_yoy,2026,1,2028,2028,year_after_next,2.0,,TN1_0|FN1_0TN0_6|FN0_5TN0_1|F0_0T0_4|F0_5T0_9|F1_0T1_4|F1_5T1_9|F2_0T2_4|F2_5T2_9|F3_0T3_4|F3_5T3_9|F4_0,3.0,36,0.03252605935117648,0.03252605935117648,0.03252605935117648,17,17,0.4722222222222222,0.4722222222222222,False
ecb,rgdp,real_gdp_yoy,2026,1,2028,2028,year_after_next,2.0,,TN1_0|FN1_0TN0_6|FN0_5TN0_1|F0_0T0_4|F0_5T0_9|F1_0T1_4|F1_5T1_9|F2_0T2_4|F2_5T2_9|F3_0T3_4|F3_5T3_9|F4_0,4.0,36,0.004013078769516481,0.004013078769516481,0.004013078769516481,8,8,0.2222222222222222,0.2222222222222222,False
ecb,rgdp,real_gdp_yoy,2026,1,2028,2028,year_after_next,2.0,,TN1_0|FN1_0TN0_6|FN0_5TN0_1|F0_0T0_4|F0_5T0_9|F1_0T1_4|F1_5T1_9|F2_0T2_4|F2_5T2_9|F3_0T3_4|F3_5T3_9|F4_0,5.0,36,0.0,0.004013078769516481,,0,8,0.0,0.2222222222222222,True
ecb,rgdp,real_gdp_yoy,2026,1,2028,2028,year_after_next,2.0,,TN1_0|FN1_0TN0_6|FN0_5TN0_1|F0_0T0_4|F0_5T0_9|F1_0T1_4|F1_5T1_9|F2_0T2_4|F2_5T2_9|F3_0T3_4|F3_5T3_9|F4_0,10.0,36,0.0,0.004013078769516481,,0,8,0.0,0.2222222222222222,True
ecb,rgdp,real_gdp_yoy,2026,1,2030,2030,longer_term,4.0,,TN1_0|FN1_0TN0_6|FN0_5TN0_1|F0_0T0_4|F0_5T0_9|F1_0T1_4|F1_5T1_9|F2_0T2_4|F2_5T2_9|F3_0T3_4|F3_5T3_9|F4_0,3.0,35,0.0430019118935963,0.0430019118935963,0.04300191189359629,15,15,0.42857142857142855,0.42857142857142855,False
ecb,rgdp,real_gdp_yoy,2026,1,2030,2030,longer_term,4.0,,TN1_0|FN1_0TN0_6|FN0_5TN0_1|F0_0T0_4|F0_5T0_9|F1_0T1_4|F1_5T1_9|F2_0T2_4|F2_5T2_9|F3_0T3_4|F3_5T3_9|F4_0,4.0,35,0.01049874554270057,0.01049874554270057,0.01049874554270057,12,12,0.34285714285714286,0.34285714285714286,False
ecb,rgdp,real_gdp_yoy,2026,1,2030,2030,longer_term,4.0,,TN1_0|FN1_0TN0_6|FN0_5TN0_1|F0_0T0_4|F0_5T0_9|F1_0T1_4|F1_5T1_9|F2_0T2_4|F2_5T2_9|F3_0T3_4|F3_5T3_9|F4_0,5.0,35,0.0,0.01049874554270057,,0,12,0.0,0.34285714285714286,True
ecb,rgdp,real_gdp_yoy,2026,1,2030,2030,longer_term,4.0,,TN1_0|FN1_0TN0_6|FN0_5TN0_1|F0_0T0_4|F0_5T0_9|F1_0T1_4|F1_5T1_9|F2_0T2_4|F2_5T2_9|F3_0T3_4|F3_5T3_9|F4_0,10.0,35,0.0,0.01049874554270057,,0,12,0.0,0.34285714285714286,True
ecb,rgdp,real_gdp_yoy,2026,1,,2026Q3,rolling_1y,1.0,,TN1_0|FN1_0TN0_6|FN0_5TN0_1|F0_0T0_4|F0_5T0_9|F1_0T1_4|F1_5T1_9|F2_0T2_4|F2_5T2_9|F3_0T3_4|F3_5T3_9|F4_0,3.0,35,0.024169022797755794,0.024169022797755794,0.024169022797755794,15,15,0.42857142857142855,0.42857142857142855,False
ecb,rgdp,real_gdp_yoy,2026,1,,2026Q3,rolling_1y,1.0,,TN1_0|FN1_0TN0_6|FN0_5TN0_1|F0_0T0_4|F0_5T0_9|F1_0T1_4|F1_5T1_9|F2_0T2_4|F2_5T2_9|F3_0T3_4|F3_5T3_9|F4_0,4.0,35,0.0034792866857477314,0.0034792866857477314,0.0034792866857477314,10,10,0.2857142857142857,0.2857142857142857,False
ecb,rgdp,real_gdp_yoy,2026,1,,2026Q3,rolling_1y,1.0,,TN1_0|FN1_0TN0_6|FN0_5TN0_1|F0_0T0_4|F0_5T0_9|F1_0T1_4|F1_5T1_9|F2_0T2_4|F2_5T2_9|F3_0T3_4|F3_5T3_9|F4_0,5.0,35,0.0,0.0034792866857477314,,0,10,0.0,0.2857142857142857,True
ecb,rgdp,real_gdp_yoy,2026,1,,2026Q3,rolling_1y,1.0,,TN1_0|FN1_0TN0_6|FN0_5TN0_1|F0_0T0_4|F0_5T0_9|F1_0T1_4|F1_5T1_9|F2_0T2_4|F2_5T2_9|F3_0T3_4|F3_5T3_9|F4_0,10.0,35,0.0,0.0034792866857477314,,0,10,0.0,0.2857142857142857,True
ecb,rgdp,real_gdp_yoy,2026,1,,2027Q3,rolling_2y,2.0,,TN1_0|FN1_0TN0_6|FN0_5TN0_1|F0_0T0_4|F0_5T0_9|F1_0T1_4|F1_5T1_9|F2_0T2_4|F2_5T2_9|F3_0T3_4|F3_5T3_9|F4_0,3.0,33,0.043420592664610236,0.043420592664610236,0.043420592664610236,18,18,0.5454545454545454,0.5454545454545454,False
ecb,rgdp,real_gdp_yoy,2026,1,,2027Q3,rolling_2y,2.0,,TN1_0|FN1_0TN0_6|FN0_5TN0_1|F0_0T0_4|F0_5T0_9|F1_0T1_4|F1_5T1_9|F2_0T2_4|F2_5T2_9|F3_0T3_4|F3_5T3_9|F4_0,4.0,33,0.006575070975949143,0.006575070975949143,0.006575070975949143,13,13,0.3939393939393939,0.3939393939393939,False
ecb,rgdp,real_gdp_yoy,2026,1,,2027Q3,rolling_2y,2.0,,TN1_0|FN1_0TN0_6|FN0_5TN0_1|F0_0T0_4|F0_5T0_9|F1_0T1_4|F1_5T1_9|F2_0T2_4|F2_5T2_9|F3_0T3_4|F3_5T3_9|F4_0,5.0,33,0.0,0.006575070975949143,,0,13,0.0,0.3939393939393939,True
ecb,rgdp,real_gdp_yoy,2026,1,,2027Q3,rolling_2y,2.0,,TN1_0|FN1_0TN0_6|FN0_5TN0_1|F0_0T0_4|F0_5T0_9|F1_0T1_4|F1_5T1_9|F2_0T2_4|F2_5T2_9|F3_0T3_4|F3_5T3_9|F4_0,10.0,33,0.0,0.006575070975949143,,0,13,0.0,0.3939393939393939,True
ecb,rgdp,real_gdp_yoy,2026,2,2026,2026,current_year,0.0,,TN1_0|FN1_0TN0_6|FN0_5TN0_1|F0_0T0_4|F0_5T0_9|F1_0T1_4|F1_5T1_9|F2_0T2_4|F2_5T2_9|F3_0T3_4|F3_5T3_9|F4_0,3.0,45,0.01704582860888213,0.01704582860888213,0.01704582860888213,15,15,0.3333333333333333,0.3333333333333333,False
ecb,rgdp,real_gdp_yoy,2026,2,2026,2026,current_year,0.0,,TN1_0|FN1_0TN0_6|FN0_5TN0_1|F0_0T0_4|F0_5T0_9|F1_0T1_4|F1_5T1_9|F2_0T2_4|F2_5T2_9|F3_0T3_4|F3_5T3_9|F4_0,4.0,45,0.0033100974266663226,0.0033100974266663226,0.0033100974266663226,10,10,0.2222222222222222,0.2222222222222222,False
ecb,rgdp,real_gdp_yoy,2026,2,2026,2026,current_year,0.0,,TN1_0|FN1_0TN0_6|FN0_5TN0_1|F0_0T0_4|F0_5T0_9|F1_0T1_4|F1_5T1_9|F2_0T2_4|F2_5T2_9|F3_0T3_4|F3_5T3_9|F4_0,5.0,45,0.0,0.0033100974266663226,,0,10,0.0,0.2222222222222222,True
ecb,rgdp,real_gdp_yoy,2026,2,2026,2026,current_year,0.0,,TN1_0|FN1_0TN0_6|FN0_5TN0_1|F0_0T0_4|F0_5T0_9|F1_0T1_4|F1_5T1_9|F2_0T2_4|F2_5T2_9|F3_0T3_4|F3_5T3_9|F4_0,10.0,45,0.0,0.0033100974266663226,,0,10,0.0,0.2222222222222222,True
ecb,rgdp,real_gdp_yoy,2026,2,2027,2027,next_year,1.0,,TN1_0|FN1_0TN0_6|FN0_5TN0_1|F0_0T0_4|F0_5T0_9|F1_0T1_4|F1_5T1_9|F2_0T2_4|F2_5T2_9|F3_0T3_4|F3_5T3_9|F4_0,3.0,45,0.027528092868980513,0.027528092868980513,0.027528092868980513,20,20,0.4444444444444444,0.4444444444444444,False
ecb,rgdp,real_gdp_yoy,2026,2,2027,2027,next_year,1.0,,TN1_0|FN1_0TN0_6|FN0_5TN0_1|F0_0T0_4|F0_5T0_9|F1_0T1_4|F1_5T1_9|F2_0T2_4|F2_5T2_9|F3_0T3_4|F3_5T3_9|F4_0,4.0,45,0.004471767799964168,0.004471767799964168,0.004471767799964168,13,13,0.28888888888888886,0.28888888888888886,False
ecb,rgdp,real_gdp_yoy,2026,2,2027,2027,next_year,1.0,,TN1_0|FN1_0TN0_6|FN0_5TN0_1|F0_0T0_4|F0_5T0_9|F1_0T1_4|F1_5T1_9|F2_0T2_4|F2_5T2_9|F3_0T3_4|F3_5T3_9|F4_0,5.0,45,0.0,0.004471767799964168,,0,13,0.0,0.28888888888888886,True
ecb,rgdp,real_gdp_yoy,2026,2,2027,2027,next_year,1.0,,TN1_0|FN1_0TN0_6|FN0_5TN0_1|F0_0T0_4|F0_5T0_9|F1_0T1_4|F1_5T1_9|F2_0T2_4|F2_5T2_9|F3_0T3_4|F3_5T3_9|F4_0,10.0,45,0.0,0.004471767799964168,,0,13,0.0,0.28888888888888886,True
ecb,rgdp,real_gdp_yoy,2026,2,2028,2028,year_after_next,2.0,,TN1_0|FN1_0TN0_6|FN0_5TN0_1|F0_0T0_4|F0_5T0_9|F1_0T1_4|F1_5T1_9|F2_0T2_4|F2_5T2_9|F3_0T3_4|F3_5T3_9|F4_0,3.0,35,0.03518907361362676,0.03518907361362676,0.03518907361362676,16,16,0.45714285714285713,0.45714285714285713,False
ecb,rgdp,real_gdp_yoy,2026,2,2028,2028,year_after_next,2.0,,TN1_0|FN1_0TN0_6|FN0_5TN0_1|F0_0T0_4|F0_5T0_9|F1_0T1_4|F1_5T1_9|F2_0T2_4|F2_5T2_9|F3_0T3_4|F3_5T3_9|F4_0,4.0,35,0.004775154557038215,0.004775154557038215,0.004775154557038215,10,10,0.2857142857142857,0.2857142857142857,False
ecb,rgdp,real_gdp_yoy,2026,2,2028,2028,year_after_next,2.0,,TN1_0|FN1_0TN0_6|FN0_5TN0_1|F0_0T0_4|F0_5T0_9|F1_0T1_4|F1_5T1_9|F2_0T2_4|F2_5T2_9|F3_0T3_4|F3_5T3_9|F4_0,5.0,35,0.0,0.004775154557038215,,0,10,0.0,0.2857142857142857,True
ecb,rgdp,real_gdp_yoy,2026,2,2028,2028,year_after_next,2.0,,TN1_0|FN1_0TN0_6|FN0_5TN0_1|F0_0T0_4|F0_5T0_9|F1_0T1_4|F1_5T1_9|F2_0T2_4|F2_5T2_9|F3_0T3_4|F3_5T3_9|F4_0,10.0,35,0.0,0.004775154557038215,,0,10,0.0,0.2857142857142857,True
ecb,rgdp,real_gdp_yoy,2026,2,2030,2030,longer_term,4.0,,TN1_0|FN1_0TN0_6|FN0_5TN0_1|F0_0T0_4|F0_5T0_9|F1_0T1_4|F1_5T1_9|F2_0T2_4|F2_5T2_9|F3_0T3_4|F3_5T3_9|F4_0,3.0,31,0.04636281259911921,0.04636281259911921,0.04636281259911921,14,14,0.45161290322580644,0.45161290322580644,False
ecb,rgdp,real_gdp_yoy,2026,2,2030,2030,longer_term,4.0,,TN1_0|FN1_0TN0_6|FN0_5TN0_1|F0_0T0_4|F0_5T0_9|F1_0T1_4|F1_5T1_9|F2_0T2_4|F2_5T2_9|F3_0T3_4|F3_5T3_9|F4_0,4.0,31,0.012275525613630264,0.012275525613630264,0.012275525613630264,11,11,0.3548387096774194,0.3548387096774194,False
ecb,rgdp,real_gdp_yoy,2026,2,2030,2030,longer_term,4.0,,TN1_0|FN1_0TN0_6|FN0_5TN0_1|F0_0T0_4|F0_5T0_9|F1_0T1_4|F1_5T1_9|F2_0T2_4|F2_5T2_9|F3_0T3_4|F3_5T3_9|F4_0,5.0,31,0.0,0.012275525613630264,,0,11,0.0,0.3548387096774194,True
ecb,rgdp,real_gdp_yoy,2026,2,2030,2030,longer_term,4.0,,TN1_0|FN1_0TN0_6|FN0_5TN0_1|F0_0T0_4|F0_5T0_9|F1_0T1_4|F1_5T1_9|F2_0T2_4|F2_5T2_9|F3_0T3_4|F3_5T3_9|F4_0,10.0,31,0.0,0.012275525613630264,,0,11,0.0,0.3548387096774194,True
ecb,rgdp,real_gdp_yoy,2026,2,,2026Q4,rolling_1y,1.0,,TN1_0|FN1_0TN0_6|FN0_5TN0_1|F0_0T0_4|F0_5T0_9|F1_0T1_4|F1_5T1_9|F2_0T2_4|F2_5T2_9|F3_0T3_4|F3_5T3_9|F4_0,3.0,29,0.022541504634433617,0.022541504634433617,0.022541504634433617,10,10,0.3448275862068966,0.3448275862068966,False
ecb,rgdp,real_gdp_yoy,2026,2,,2026Q4,rolling_1y,1.0,,TN1_0|FN1_0TN0_6|FN0_5TN0_1|F0_0T0_4|F0_5T0_9|F1_0T1_4|F1_5T1_9|F2_0T2_4|F2_5T2_9|F3_0T3_4|F3_5T3_9|F4_0,4.0,29,0.00429844999988545,0.00429844999988545,0.00429844999988545,8,8,0.27586206896551724,0.27586206896551724,False
ecb,rgdp,real_gdp_yoy,2026,2,,2026Q4,rolling_1y,1.0,,TN1_0|FN1_0TN0_6|FN0_5TN0_1|F0_0T0_4|F0_5T0_9|F1_0T1_4|F1_5T1_9|F2_0T2_4|F2_5T2_9|F3_0T3_4|F3_5T3_9|F4_0,5.0,29,0.0,0.00429844999988545,,0,8,0.0,0.27586206896551724,True
ecb,rgdp,real_gdp_yoy,2026,2,,2026Q4,rolling_1y,1.0,,TN1_0|FN1_0TN0_6|FN0_5TN0_1|F0_0T0_4|F0_5T0_9|F1_0T1_4|F1_5T1_9|F2_0T2_4|F2_5T2_9|F3_0T3_4|F3_5T3_9|F4_0,10.0,29,0.0,0.00429844999988545,,0,8,0.0,0.27586206896551724,True
ecb,rgdp,real_gdp_yoy,2026,2,,2027Q4,rolling_2y,2.0,,TN1_0|FN1_0TN0_6|FN0_5TN0_1|F0_0T0_4|F0_5T0_9|F1_0T1_4|F1_5T1_9|F2_0T2_4|F2_5T2_9|F3_0T3_4|F3_5T3_9|F4_0,3.0,29,0.03819333833802922,0.03819333833802922,0.03819333833802922,16,16,0.5517241379310345,0.5517241379310345,False
ecb,rgdp,real_gdp_yoy,2026,2,,2027Q4,rolling_2y,2.0,,TN1_0|FN1_0TN0_6|FN0_5TN0_1|F0_0T0_4|F0_5T0_9|F1_0T1_4|F1_5T1_9|F2_0T2_4|F2_5T2_9|F3_0T3_4|F3_5T3_9|F4_0,4.0,29,0.005666613258620897,0.005666613258620897,0.005666613258620897,9,9,0.3103448275862069,0.3103448275862069,False
ecb,rgdp,real_gdp_yoy,2026,2,,2027Q4,rolling_2y,2.0,,TN1_0|FN1_0TN0_6|FN0_5TN0_1|F0_0T0_4|F0_5T0_9|F1_0T1_4|F1_5T1_9|F2_0T2_4|F2_5T2_9|F3_0T3_4|F3_5T3_9|F4_0,5.0,29,0.0,0.005666613258620897,,0,9,0.0,0.3103448275862069,True
ecb,rgdp,real_gdp_yoy,2026,2,,2027Q4,rolling_2y,2.0,,TN1_0|FN1_0TN0_6|FN0_5TN0_1|F0_0T0_4|F0_5T0_9|F1_0T1_4|F1_5T1_9|F2_0T2_4|F2_5T2_9|F3_0T3_4|F3_5T3_9|F4_0,10.0,29,0.0,0.005666613258620897,,0,9,0.0,0.3103448275862069,True
ecb,rgdp,real_gdp_yoy,2026,3,2026,2026,current_year,0.0,,TN1_0|FN1_0TN0_6|FN0_5TN0_1|F0_0T0_4|F0_5T0_9|F1_0T1_4|F1_5T1_9|F2_0T2_4|F2_5T2_9|F3_0T3_4|F3_5T3_9|F4_0,3.0,40,0.008884977605890588,0.008884977605890588,0.008884977605890588,9,9,0.225,0.225,False
ecb,rgdp,real_gdp_yoy,2026,3,2026,2026,current_year,0.0,,TN1_0|FN1_0TN0_6|FN0_5TN0_1|F0_0T0_4|F0_5T0_9|F1_0T1_4|F1_5T1_9|F2_0T2_4|F2_5T2_9|F3_0T3_4|F3_5T3_9|F4_0,4.0,40,0.0019892074127186446,0.0019892074127186446,0.0019892074127186446,6,6,0.15,0.15,False
ecb,rgdp,real_gdp_yoy,2026,3,2026,2026,current_year,0.0,,TN1_0|FN1_0TN0_6|FN0_5TN0_1|F0_0T0_4|F0_5T0_9|F1_0T1_4|F1_5T1_9|F2_0T2_4|F2_5T2_9|F3_0T3_4|F3_5T3_9|F4_0,5.0,40,0.0,0.0019892074127186446,,0,6,0.0,0.15,True
ecb,rgdp,real_gdp_yoy,2026,3,2026,2026,current_year,0.0,,TN1_0|FN1_0TN0_6|FN0_5TN0_1|F0_0T0_4|F0_5T0_9|F1_0T1_4|F1_5T1_9|F2_0T2_4|F2_5T2_9|F3_0T3_4|F3_5T3_9|F4_0,10.0,40,0.0,0.0019892074127186446,,0,6,0.0,0.15,True
ecb,rgdp,real_gdp_yoy,2026,3,2027,2027,next_year,1.0,,TN1_0|FN1_0TN0_6|FN0_5TN0_1|F0_0T0_4|F0_5T0_9|F1_0T1_4|F1_5T1_9|F2_0T2_4|F2_5T2_9|F3_0T3_4|F3_5T3_9|F4_0,3.0,41,0.02306807053195794,0.02306807053195794,0.02306807053195794,17,17,0.4146341463414634,0.4146341463414634,False
ecb,rgdp,real_gdp_yoy,2026,3,2027,2027,next_year,1.0,,TN1_0|FN1_0TN0_6|FN0_5TN0_1|F0_0T0_4|F0_5T0_9|F1_0T1_4|F1_5T1_9|F2_0T2_4|F2_5T2_9|F3_0T3_4|F3_5T3_9|F4_0,4.0,41,0.0037065564853754193,0.0037065564853754193,0.0037065564853754193,11,11,0.2682926829268293,0.2682926829268293,False
ecb,rgdp,real_gdp_yoy,2026,3,2027,2027,next_year,1.0,,TN1_0|FN1_0TN0_6|FN0_5TN0_1|F0_0T0_4|F0_5T0_9|F1_0T1_4|F1_5T1_9|F2_0T2_4|F2_5T2_9|F3_0T3_4|F3_5T3_9|F4_0,5.0,41,0.0,0.0037065564853754193,,0,11,0.0,0.2682926829268293,True
ecb,rgdp,real_gdp_yoy,2026,3,2027,2027,next_year,1.0,,TN1_0|FN1_0TN0_6|FN0_5TN0_1|F0_0T0_4|F0_5T0_9|F1_0T1_4|F1_5T1_9|F2_0T2_4|F2_5T2_9|F3_0T3_4|F3_5T3_9|F4_0,10.0,41,0.0,0.0037065564853754193,,0,11,0.0,0.2682926829268293,True
ecb,rgdp,real_gdp_yoy,2026,3,2028,2028,year_after_next,2.0,,TN1_0|FN1_0TN0_6|FN0_5TN0_1|F0_0T0_4|F0_5T0_9|F1_0T1_4|F1_5T1_9|F2_0T2_4|F2_5T2_9|F3_0T3_4|F3_5T3_9|F4_0,3.0,29,0.03599957327977722,0.03599957327977722,0.03599957327977722,13,13,0.4482758620689655,0.4482758620689655,False
ecb,rgdp,real_gdp_yoy,2026,3,2028,2028,year_after_next,2.0,,TN1_0|FN1_0TN0_6|FN0_5TN0_1|F0_0T0_4|F0_5T0_9|F1_0T1_4|F1_5T1_9|F2_0T2_4|F2_5T2_9|F3_0T3_4|F3_5T3_9|F4_0,4.0,29,0.004447503369100026,0.004447503369100026,0.004447503369100026,7,7,0.2413793103448276,0.2413793103448276,False
ecb,rgdp,real_gdp_yoy,2026,3,2028,2028,year_after_next,2.0,,TN1_0|FN1_0TN0_6|FN0_5TN0_1|F0_0T0_4|F0_5T0_9|F1_0T1_4|F1_5T1_9|F2_0T2_4|F2_5T2_9|F3_0T3_4|F3_5T3_9|F4_0,5.0,29,0.0,0.004447503369100026,,0,7,0.0,0.2413793103448276,True
ecb,rgdp,real_gdp_yoy,2026,3,2028,2028,year_after_next,2.0,,TN1_0|FN1_0TN0_6|FN0_5TN0_1|F0_0T0_4|F0_5T0_9|F1_0T1_4|F1_5T1_9|F2_0T2_4|F2_5T2_9|F3_0T3_4|F3_5T3_9|F4_0,10.0,29,0.0,0.004447503369100026,,0,7,0.0,0.2413793103448276,True
ecb,rgdp,real_gdp_yoy,2026,3,2031,2031,longer_term,5.0,,TN1_0|FN1_0TN0_6|FN0_5TN0_1|F0_0T0_4|F0_5T0_9|F1_0T1_4|F1_5T1_9|F2_0T2_4|F2_5T2_9|F3_0T3_4|F3_5T3_9|F4_0,3.0,27,0.049917858953197225,0.049917858953197225,0.04991785895319722,11,11,0.4074074074074074,0.4074074074074074,False
ecb,rgdp,real_gdp_yoy,2026,3,2031,2031,longer_term,5.0,,TN1_0|FN1_0TN0_6|FN0_5TN0_1|F0_0T0_4|F0_5T0_9|F1_0T1_4|F1_5T1_9|F2_0T2_4|F2_5T2_9|F3_0T3_4|F3_5T3_9|F4_0,4.0,27,0.014532683355546938,0.014532683355546938,0.014532683355546938,10,10,0.37037037037037035,0.37037037037037035,False
ecb,rgdp,real_gdp_yoy,2026,3,2031,2031,longer_term,5.0,,TN1_0|FN1_0TN0_6|FN0_5TN0_1|F0_0T0_4|F0_5T0_9|F1_0T1_4|F1_5T1_9|F2_0T2_4|F2_5T2_9|F3_0T3_4|F3_5T3_9|F4_0,5.0,27,0.0,0.014532683355546938,,0,10,0.0,0.37037037037037035,True
ecb,rgdp,real_gdp_yoy,2026,3,2031,2031,longer_term,5.0,,TN1_0|FN1_0TN0_6|FN0_5TN0_1|F0_0T0_4|F0_5T0_9|F1_0T1_4|F1_5T1_9|F2_0T2_4|F2_5T2_9|F3_0T3_4|F3_5T3_9|F4_0,10.0,27,0.0,0.014532683355546938,,0,10,0.0,0.37037037037037035,True
ecb,rgdp,real_gdp_yoy,2026,3,,2027Q1,rolling_1y,1.0,,TN1_0|FN1_0TN0_6|FN0_5TN0_1|F0_0T0_4|F0_5T0_9|F1_0T1_4|F1_5T1_9|F2_0T2_4|F2_5T2_9|F3_0T3_4|F3_5T3_9|F4_0,3.0,24,0.020584750115897183,0.020584750115897183,0.02058475011589718,7,7,0.2916666666666667,0.2916666666666667,False
ecb,rgdp,real_gdp_yoy,2026,3,,2027Q1,rolling_1y,1.0,,TN1_0|FN1_0TN0_6|FN0_5TN0_1|F0_0T0_4|F0_5T0_9|F1_0T1_4|F1_5T1_9|F2_0T2_4|F2_5T2_9|F3_0T3_4|F3_5T3_9|F4_0,4.0,24,0.003635987841502785,0.003635987841502785,0.003635987841502785,5,5,0.20833333333333334,0.20833333333333334,False
ecb,rgdp,real_gdp_yoy,2026,3,,2027Q1,rolling_1y,1.0,,TN1_0|FN1_0TN0_6|FN0_5TN0_1|F0_0T0_4|F0_5T0_9|F1_0T1_4|F1_5T1_9|F2_0T2_4|F2_5T2_9|F3_0T3_4|F3_5T3_9|F4_0,5.0,24,0.0,0.003635987841502785,,0,5,0.0,0.20833333333333334,True
ecb,rgdp,real_gdp_yoy,2026,3,,2027Q1,rolling_1y,1.0,,TN1_0|FN1_0TN0_6|FN0_5TN0_1|F0_0T0_4|F0_5T0_9|F1_0T1_4|F1_5T1_9|F2_0T2_4|F2_5T2_9|F3_0T3_4|F3_5T3_9|F4_0,10.0,24,0.0,0.003635987841502785,,0,5,0.0,0.20833333333333334,True
ecb,rgdp,real_gdp_yoy,2026,3,,2028Q1,rolling_2y,2.0,,TN1_0|FN1_0TN0_6|FN0_5TN0_1|F0_0T0_4|F0_5T0_9|F1_0T1_4|F1_5T1_9|F2_0T2_4|F2_5T2_9|F3_0T3_4|F3_5T3_9|F4_0,3.0,22,0.0386845055699752,0.0386845055699752,0.0386845055699752,10,10,0.45454545454545453,0.45454545454545453,False
ecb,rgdp,real_gdp_yoy,2026,3,,2028Q1,rolling_2y,2.0,,TN1_0|FN1_0TN0_6|FN0_5TN0_1|F0_0T0_4|F0_5T0_9|F1_0T1_4|F1_5T1_9|F2_0T2_4|F2_5T2_9|F3_0T3_4|F3_5T3_9|F4_0,4.0,22,0.006007536558546511,0.006007536558546511,0.006007536558546511,6,6,0.2727272727272727,0.2727272727272727,False
ecb,rgdp,real_gdp_yoy,2026,3,,2028Q1,rolling_2y,2.0,,TN1_0|FN1_0TN0_6|FN0_5TN0_1|F0_0T0_4|F0_5T0_9|F1_0T1_4|F1_5T1_9|F2_0T2_4|F2_5T2_9|F3_0T3_4|F3_5T3_9|F4_0,5.0,22,0.0,0.006007536558546511,,0,6,0.0,0.2727272727272727,True
ecb,rgdp,real_gdp_yoy,2026,3,,2028Q1,rolling_2y,2.0,,TN1_0|FN1_0TN0_6|FN0_5TN0_1|F0_0T0_4|F0_5T0_9|F1_0T1_4|F1_5T1_9|F2_0T2_4|F2_5T2_9|F3_0T3_4|F3_5T3_9|F4_0,10.0,22,0.0,0.006007536558546511,,0,6,0.0,0.2727272727272727,True
us,PRGDP,real_gdp,1992,1,1992,,current_year,0.0,4,prgdp_1992q1_2009q1,3.0,36,0.12194444444444447,0.12194444444444447,0.12194444444444447,27,27,0.75,0.75,False
us,PRGDP,real_gdp,1992,1,1992,,current_year,0.0,4,prgdp_1992q1_2009q1,4.0,36,0.03277777777777778,0.03277777777777778,0.03277777777777778,12,12,0.3333333333333333,0.3333333333333333,False
us,PRGDP,real_gdp,1992,1,1992,,current_year,0.0,4,prgdp_1992q1_2009q1,5.0,36,0.009166666666666668,0.009166666666666668,0.009166666666666668,6,6,0.16666666666666666,0.16666666666666666,False
us,PRGDP,real_gdp,1992,1,1992,,current_year,0.0,4,prgdp_1992q1_2009q1,10.0,36,0.0,0.003055555555555556,,0,3,0.0,0.08333333333333333,True
us,PRGDP,real_gdp,1992,1,1993,,next_year,1.0,8,prgdp_1992q1_2009q1,3.0,35,0.33885714285714297,0.33885714285714297,0.33885714285714297,33,33,0.9428571428571428,0.9428571428571428,False
us,PRGDP,real_gdp,1992,1,1993,,next_year,1.0,8,prgdp_1992q1_2009q1,4.0,35,0.10628571428571429,0.10628571428571429,0.10628571428571429,22,22,0.6285714285714286,0.6285714285714286,False
us,PRGDP,real_gdp,1992,1,1993,,next_year,1.0,8,prgdp_1992q1_2009q1,5.0,35,0.025714285714285717,0.025714285714285717,0.025714285714285717,10,10,0.2857142857142857,0.2857142857142857,False
us,PRGDP,real_gdp,1992,1,1993,,next_year,1.0,8,prgdp_1992q1_2009q1,10.0,35,0.0,0.006857142857142858,,0,6,0.0,0.17142857142857143,True
us,PRGDP,real_gdp,1992,2,1992,,current_year,0.0,3,prgdp_1992q1_2009q1,3.0,36,0.19472222222222224,0.19472222222222224,0.19472222222222224,31,31,0.8611111111111112,0.8611111111111112,False
us,PRGDP,real_gdp,1992,2,1992,,current_year,0.0,3,prgdp_1992q1_2009q1,4.0,36,0.04611111111111112,0.04611111111111112,0.04611111111111112,17,17,0.4722222222222222,0.4722222222222222,False
us,PRGDP,real_gdp,1992,2,1992,,current_year,0.0,3,prgdp_1992q1_2009q1,5.0,36,0.008055555555555557,0.008055555555555557,0.008055555555555557,9,9,0.25,0.25,False
us,PRGDP,real_gdp,1992,2,1992,,current_year,0.0,3,prgdp_1992q1_2009q1,10.0,36,0.0,0.0011111111111111111,,0,4,0.0,0.1111111111111111,True
us,PRGDP,real_gdp,1992,2,1993,,next_year,1.0,7,prgdp_1992q1_2009q1,3.0,36,0.45875,0.45875,0.45875,34,34,0.9444444444444444,0.9444444444444444,False
us,PRGDP,real_gdp,1992,2,1993,,next_year,1.0,7,prgdp_1992q1_2009q1,4.0,36,0.15638888888888888,0.15638888888888888,0.15638888888888888,28,28,0.7777777777777778,0.7777777777777778,False
us,PRGDP,real_gdp,1992,2,1993,,next_year,1.0,7,prgdp_1992q1_2009q1,5.0,36,0.03611111111111112,0.03611111111111112,0.03611111111111112,16,16,0.4444444444444444,0.4444444444444444,False
us,PRGDP,real_gdp,1992,2,1993,,next_year,1.0,7,prgdp_1992q1_2009q1,10.0,36,0.0,0.008611111111111111,,0,8,0.0,0.2222222222222222,True
us,PRGDP,real_gdp,1992,3,1992,,current_year,0.0,2,prgdp_1992q1_2009q1,3.0,34,0.0502062594343896,0.0502062594343896,0.0502062594343896,14,14,0.4117647058823529,0.4117647058823529,False
us,PRGDP,real_gdp,1992,3,1992,,current_year,0.0,2,prgdp_1992q1_2009q1,4.0,34,0.009617777066623997,0.009617777066623997,0.009617777066623997,4,4,0.11764705882352941,0.11764705882352941,False
us,PRGDP,real_gdp,1992,3,1992,,current_year,0.0,2,prgdp_1992q1_2009q1,5.0,34,0.002529445884400123,0.002529445884400123,0.002529445884400123,2,2,0.058823529411764705,0.058823529411764705,False
us,PRGDP,real_gdp,1992,3,1992,,current_year,0.0,2,prgdp_1992q1_2009q1,10.0,34,0.0,0.0002941352951765341,,0,1,0.0,0.029411764705882353,True
us,PRGDP,real_gdp,1992,3,1993,,next_year,1.0,6,prgdp_1992q1_2009q1,3.0,34,0.29232351688227776,0.29232351688227776,0.29232351688227776,31,31,0.9117647058823529,0.9117647058823529,False
us,PRGDP,real_gdp,1992,3,1993,,next_year,1.0,6,prgdp_1992q1_2009q1,4.0,34,0.07267649782369281,0.07267649782369281,0.07267649782369283,17,17,0.5,0.5,False
us,PRGDP,real_gdp,1992,3,1993,,next_year,1.0,6,prgdp_1992q1_2009q1,5.0,34,0.01900001047065106,0.01900001047065106,0.01900001047065106,8,8,0.23529411764705882,0.23529411764705882,False
us,PRGDP,real_gdp,1992,3,1993,,next_year,1.0,6,prgdp_1992q1_2009q1,10.0,34,0.0,0.008558820764689294,,0,6,0.0,0.17647058823529413,True
us,PRGDP,real_gdp,1992,4,1992,,current_year,0.0,1,prgdp_1992q1_2009q1,3.0,38,0.024684541229376387,0.024684541229376387,0.024684541229376387,9,9,0.23684210526315788,0.23684210526315788,False
us,PRGDP,real_gdp,1992,4,1992,,current_year,0.0,1,prgdp_1992q1_2009q1,4.0,38,0.003842207953221754,0.003842207953221754,0.003842207953221754,2,2,0.05263157894736842,0.05263157894736842,False
us,PRGDP,real_gdp,1992,4,1992,,current_year,0.0,1,prgdp_1992q1_2009q1,5.0,38,0.001052646579802417,0.001052646579802417,0.001052646579802417,2,2,0.05263157894736842,0.05263157894736842,False
us,PRGDP,real_gdp,1992,4,1992,,current_year,0.0,1,prgdp_1992q1_2009q1,10.0,38,0.0,0.0002631578947368421,,0,1,0.0,0.02631578947368421,True
us,PRGDP,real_gdp,1992,4,1993,,next_year,1.0,5,prgdp_1992q1_2009q1,3.0,38,0.30247336146786474,0.30247336146786474,0.30247336146786474,37,37,0.9736842105263158,0.9736842105263158,False
us,PRGDP,real_gdp,1992,4,1993,,next_year,1.0,5,prgdp_1992q1_2009q1,4.0,38,0.06905263626348912,0.06905263626348912,0.06905263626348912,20,20,0.5263157894736842,0.5263157894736842,False
us,PRGDP,real_gdp,1992,4,1993,,next_year,1.0,5,prgdp_1992q1_2009q1,5.0,38,0.01936838336784368,0.01936838336784368,0.01936838336784368,10,10,0.2631578947368421,0.2631578947368421,False
us,PRGDP,real_gdp,1992,4,1993,,next_year,1.0,5,prgdp_1992q1_2009q1,10.0,38,0.0,0.004473702105448424,,0,6,0.0,0.15789473684210525,True
us,PRGDP,real_gdp,1993,1,1993,,current_year,0.0,4,prgdp_1992q1_2009q1,3.0,32,0.5683440370091843,0.5683440370091843,0.5683440370091843,31,31,0.96875,0.96875,False
us,PRGDP,real_gdp,1993,1,1993,,current_year,0.0,4,prgdp_1992q1_2009q1,4.0,32,0.1441247119907837,0.1441247119907837,0.1441247119907837,29,29,0.90625,0.90625,False
us,PRGDP,real_gdp,1993,1,1993,,current_year,0.0,4,prgdp_1992q1_2009q1,5.0,32,0.01181250800025601,0.01181250800025601,0.01181250800025601,9,9,0.28125,0.28125,False
us,PRGDP,real_gdp,1993,1,1993,,current_year,0.0,4,prgdp_1992q1_2009q1,10.0,32,0.0,0.0003125,,0,1,0.0,0.03125,True
us,PRGDP,real_gdp,1993,1,1994,,next_year,1.0,8,prgdp_1992q1_2009q1,3.0,31,0.567160963077794,0.567160963077794,0.567160963077794,31,31,1.0,1.0,False
us,PRGDP,real_gdp,1993,1,1994,,next_year,1.0,8,prgdp_1992q1_2009q1,4.0,31,0.1591929235121443,0.1591929235121443,0.1591929235121443,28,28,0.9032258064516129,0.9032258064516129,False
us,PRGDP,real_gdp,1993,1,1994,,next_year,1.0,8,prgdp_1992q1_2009q1,5.0,31,0.02764522213256112,0.02764522213256112,0.02764522213256112,13,13,0.41935483870967744,0.41935483870967744,False
us,PRGDP,real_gdp,1993,1,1994,,next_year,1.0,8,prgdp_1992q1_2009q1,10.0,31,0.0,0.0022258232912992825,,0,3,0.0,0.0967741935483871,True
us,PRGDP,real_gdp,1993,2,1993,,current_year,0.0,3,prgdp_1992q1_2009q1,3.0,35,0.4648856756552886,0.4648856756552886,0.4648856756552886,35,35,1.0,1.0,False
us,PRGDP,real_gdp,1993,2,1993,,current_year,0.0,3,prgdp_1992q1_2009q1,4.0,35,0.06857177144502935,0.06857177144502935,0.06857177144502935,21,21,0.6,0.6,False
us,PRGDP,real_gdp,1993,2,1993,,current_year,0.0,3,prgdp_1992q1_2009q1,5.0,35,0.008000150864384348,0.008000150864384348,0.008000150864384348,4,4,0.11428571428571428,0.11428571428571428,False
us,PRGDP,real_gdp,1993,2,1993,,current_year,0.0,3,prgdp_1992q1_2009q1,10.0,35,0.0,0.0034286674331796495,,0,2,0.0,0.05714285714285714,True
us,PRGDP,real_gdp,1993,2,1994,,next_year,1.0,7,prgdp_1992q1_2009q1,3.0,34,0.4732941956475269,0.4732941956475269,0.4732941956475269,34,34,1.0,1.0,False
us,PRGDP,real_gdp,1993,2,1994,,next_year,1.0,7,prgdp_1992q1_2009q1,4.0,34,0.11044123558859001,0.11044123558859001,0.11044123558859002,26,26,0.7647058823529411,0.7647058823529411,False
us,PRGDP,real_gdp,1993,2,1994,,next_year,1.0,7,prgdp_1992q1_2009q1,5.0,34,0.020294160000254118,0.020294160000254118,0.020294160000254118,8,8,0.23529411764705882,0.23529411764705882,False
us,PRGDP,real_gdp,1993,2,1994,,next_year,1.0,7,prgdp_1992q1_2009q1,10.0,34,0.0,0.004705896470672942,,0,5,0.0,0.14705882352941177,True
us,PRGDP,real_gdp,1993,3,1993,,current_year,0.0,2,prgdp_1992q1_2009q1,3.0,32,0.14828124999999998,0.14828124999999998,0.14828124999999998,26,26,0.8125,0.8125,False
us,PRGDP,real_gdp,1993,3,1993,,current_year,0.0,2,prgdp_1992q1_2009q1,4.0,32,0.03953125,0.03953125,0.03953125,7,7,0.21875,0.21875,False
us,PRGDP,real_gdp,1993,3,1993,,current_year,0.0,2,prgdp_1992q1_2009q1,5.0,32,0.025312499999999998,0.025312499999999998,0.025312499999999998,4,4,0.125,0.125,False
us,PRGDP,real_gdp,1993,3,1993,,current_year,0.0,2,prgdp_1992q1_2009q1,10.0,32,0.0,0.0071875,,0,2,0.0,0.0625,True
us,PRGDP,real_gdp,1993,3,1994,,next_year,1.0,6,prgdp_1992q1_2009q1,3.0,32,0.3353125,0.3353125,0.3353125,30,30,0.9375,0.9375,False
us,PRGDP,real_gdp,1993,3,1994,,next_year,1.0,6,prgdp_1992q1_2009q1,4.0,32,0.07328124999999999,0.07328124999999999,0.07328124999999999,18,18,0.5625,0.5625,False
us,PRGDP,real_gdp,1993,3,1994,,next_year,1.0,6,prgdp_1992q1_2009q1,5.0,32,0.032031250000000004,0.032031250000000004,0.032031250000000004,10,10,0.3125,0.3125,False
us,PRGDP,real_gdp,1993,3,1994,,next_year,1.0,6,prgdp_1992q1_2009q1,10.0,32,0.0,0.0103125,,0,5,0.0,0.15625,True
us,PRGDP,real_gdp,1993,4,1993,,current_year,0.0,1,prgdp_1992q1_2009q1,3.0,32,0.187624748615196,0.187624748615196,0.187624748615196,30,30,0.9375,0.9375,False
us,PRGDP,real_gdp,1993,4,1993,,current_year,0.0,1,prgdp_1992q1_2009q1,4.0,32,0.007187500000000001,0.007187500000000001,0.007187500000000001,3,3,0.09375,0.09375,False
us,PRGDP,real_gdp,1993,4,1993,,current_year,0.0,1,prgdp_1992q1_2009q1,5.0,32,0.0015625,0.0015625,0.0015625,1,1,0.03125,0.03125,False
us,PRGDP,real_gdp,1993,4,1993,,current_year,0.0,1,prgdp_1992q1_2009q1,10.0,32,0.0,0.0,,0,0,0.0,0.0,True
us,PRGDP,real_gdp,1993,4,1994,,next_year,1.0,5,prgdp_1992q1_2009q1,3.0,32,0.4212184078304054,0.4212184078304054,0.4212184078304054,30,30,0.9375,0.9375,False
us,PRGDP,real_gdp,1993,4,1994,,next_year,1.0,5,prgdp_1992q1_2009q1,4.0,32,0.10900000975038027,0.10900000975038027,0.10900000975038027,22,22,0.6875,0.6875,False
us,PRGDP,real_gdp,1993,4,1994,,next_year,1.0,5,prgdp_1992q1_2009q1,5.0,32,0.019375000000000003,0.019375000000000003,0.019375000000000003,10,10,0.3125,0.3125,False
us,PRGDP,real_gdp,1993,4,1994,,next_year,1.0,5,prgdp_1992q1_2009q1,10.0,32,0.0,0.0025,,0,3,0.0,0.09375,True
us,PRGDP,real_gdp,1994,1,1994,,current_year,0.0,4,prgdp_1992q1_2009q1,3.0,27,0.6955555555555556,0.6955555555555556,0.6955555555555556,27,27,1.0,1.0,False
us,PRGDP,real_gdp,1994,1,1994,,current_year,0.0,4,prgdp_1992q1_2009q1,4.0,27,0.19259259259259257,0.19259259259259257,0.19259259259259257,24,24,0.8888888888888888,0.8888888888888888,False
us,PRGDP,real_gdp,1994,1,1994,,current_year,0.0,4,prgdp_1992q1_2009q1,5.0,27,0.03259259259259259,0.03259259259259259,0.03259259259259259,11,11,0.4074074074074074,0.4074074074074074,False
us,PRGDP,real_gdp,1994,1,1994,,current_year,0.0,4,prgdp_1992q1_2009q1,10.0,27,0.0,0.002962962962962963,,0,3,0.0,0.1111111111111111,True
us,PRGDP,real_gdp,1994,1,1995,,next_year,1.0,8,prgdp_1992q1_2009q1,3.0,26,0.4257692307692308,0.4257692307692308,0.4257692307692308,26,26,1.0,1.0,False
us,PRGDP,real_gdp,1994,1,1995,,next_year,1.0,8,prgdp_1992q1_2009q1,4.0,26,0.12846153846153846,0.12846153846153846,0.12846153846153846,18,18,0.6923076923076923,0.6923076923076923,False
us,PRGDP,real_gdp,1994,1,1995,,next_year,1.0,8,prgdp_1992q1_2009q1,5.0,26,0.025384615384615387,0.025384615384615387,0.025384615384615387,7,7,0.2692307692307692,0.2692307692307692,False
us,PRGDP,real_gdp,1994,1,1995,,next_year,1.0,8,prgdp_1992q1_2009q1,10.0,26,0.0,0.0026923076923076926,,0,3,0.0,0.11538461538461539,True
us,PRGDP,real_gdp,1994,2,1994,,current_year,0.0,3,prgdp_1992q1_2009q1,3.0,32,0.76890625,0.76890625,0.76890625,32,32,1.0,1.0,False
us,PRGDP,real_gdp,1994,2,1994,,current_year,0.0,3,prgdp_1992q1_2009q1,4.0,32,0.20359375000000002,0.20359375000000002,0.20359375000000002,31,31,0.96875,0.96875,False
us,PRGDP,real_gdp,1994,2,1994,,current_year,0.0,3,prgdp_1992q1_2009q1,5.0,32,0.0340625,0.0340625,0.0340625,11,11,0.34375,0.34375,False
us,PRGDP,real_gdp,1994,2,1994,,current_year,0.0,3,prgdp_1992q1_2009q1,10.0,32,0.0,0.008125,,0,8,0.0,0.25,True
us,PRGDP,real_gdp,1994,2,1995,,next_year,1.0,7,prgdp_1992q1_2009q1,3.0,31,0.43161290322580637,0.43161290322580637,0.43161290322580637,31,31,1.0,1.0,False
us,PRGDP,real_gdp,1994,2,1995,,next_year,1.0,7,prgdp_1992q1_2009q1,4.0,31,0.12306451612903226,0.12306451612903226,0.12306451612903226,23,23,0.7419354838709677,0.7419354838709677,False
us,PRGDP,real_gdp,1994,2,1995,,next_year,1.0,7,prgdp_1992q1_2009q1,5.0,31,0.02451612903225807,0.02451612903225807,0.02451612903225807,11,11,0.3548387096774194,0.3548387096774194,False
us,PRGDP,real_gdp,1994,2,1995,,next_year,1.0,7,prgdp_1992q1_2009q1,10.0,31,0.0,0.004193548387096774,,0,4,0.0,0.12903225806451613,True
us,PRGDP,real_gdp,1994,3,1994,,current_year,0.0,2,prgdp_1992q1_2009q1,3.0,28,0.8104642811784821,0.8104642811784821,0.8104642811784821,27,27,0.9642857142857143,0.9642857142857143,False
us,PRGDP,real_gdp,1994,3,1994,,current_year,0.0,2,prgdp_1992q1_2009q1,4.0,28,0.15610728110937153,0.15610728110937153,0.15610728110937153,26,26,0.9285714285714286,0.9285714285714286,False
us,PRGDP,real_gdp,1994,3,1994,,current_year,0.0,2,prgdp_1992q1_2009q1,5.0,28,0.009285714285714286,0.009285714285714286,0.009285714285714286,4,4,0.14285714285714285,0.14285714285714285,False
us,PRGDP,real_gdp,1994,3,1994,,current_year,0.0,2,prgdp_1992q1_2009q1,10.0,28,0.0,0.0025,,0,2,0.0,0.07142857142857142,True
us,PRGDP,real_gdp,1994,3,1995,,next_year,1.0,6,prgdp_1992q1_2009q1,3.0,28,0.30042854996349144,0.30042854996349144,0.30042854996349144,27,27,0.9642857142857143,0.9642857142857143,False
us,PRGDP,real_gdp,1994,3,1995,,next_year,1.0,6,prgdp_1992q1_2009q1,4.0,28,0.0710714589296947,0.0710714589296947,0.0710714589296947,15,15,0.5357142857142857,0.5357142857142857,False
us,PRGDP,real_gdp,1994,3,1995,,next_year,1.0,6,prgdp_1992q1_2009q1,5.0,28,0.007821433857338436,0.007821433857338436,0.007821433857338436,5,5,0.17857142857142858,0.17857142857142858,False
us,PRGDP,real_gdp,1994,3,1995,,next_year,1.0,6,prgdp_1992q1_2009q1,10.0,28,0.0,0.0017857142857142859,,0,1,0.0,0.03571428571428571,True
us,PRGDP,real_gdp,1994,4,1994,,current_year,0.0,1,prgdp_1992q1_2009q1,3.0,27,0.9477035637723205,0.9477035637723205,0.9477035637723205,27,27,1.0,1.0,False
us,PRGDP,real_gdp,1994,4,1994,,current_year,0.0,1,prgdp_1992q1_2009q1,4.0,27,0.314667195724337,0.314667195724337,0.314667195724337,26,26,0.9629629629629629,0.9629629629629629,False
us,PRGDP,real_gdp,1994,4,1994,,current_year,0.0,1,prgdp_1992q1_2009q1,5.0,27,0.03740778297761021,0.03740778297761021,0.03740778297761021,5,5,0.18518518518518517,0.18518518518518517,False
us,PRGDP,real_gdp,1994,4,1994,,current_year,0.0,1,prgdp_1992q1_2009q1,10.0,27,0.0,0.0048149737099006116,,0,2,0.0,0.07407407407407407,True
us,PRGDP,real_gdp,1994,4,1995,,next_year,1.0,5,prgdp_1992q1_2009q1,3.0,27,0.42014849056291587,0.42014849056291587,0.42014849056291587,27,27,1.0,1.0,False
us,PRGDP,real_gdp,1994,4,1995,,next_year,1.0,5,prgdp_1992q1_2009q1,4.0,27,0.11037050463150466,0.11037050463150466,0.11037050463150466,18,18,0.6666666666666666,0.6666666666666666,False
us,PRGDP,real_gdp,1994,4,1995,,next_year,1.0,5,prgdp_1992q1_2009q1,5.0,27,0.02777783611149538,0.02777783611149538,0.02777783611149538,7,7,0.25925925925925924,0.25925925925925924,False
us,PRGDP,real_gdp,1994,4,1995,,next_year,1.0,5,prgdp_1992q1_2009q1,10.0,27,0.0,0.010000037037222223,,0,3,0.0,0.1111111111111111,True
us,PRGDP,real_gdp,1995,1,1995,,current_year,0.0,4,prgdp_1992q1_2009q1,3.0,26,0.520846348047589,0.520846348047589,0.520846348047589,26,26,1.0,1.0,False
us,PRGDP,real_gdp,1995,1,1995,,current_year,0.0,4,prgdp_1992q1_2009q1,4.0,26,0.12084548031449785,0.12084548031449785,0.12084548031449785,18,18,0.6923076923076923,0.6923076923076923,False
us,PRGDP,real_gdp,1995,1,1995,,current_year,0.0,4,prgdp_1992q1_2009q1,5.0,26,0.023615455118698267,0.023615455118698267,0.023615455118698267,5,5,0.19230769230769232,0.19230769230769232,False
us,PRGDP,real_gdp,1995,1,1995,,current_year,0.0,4,prgdp_1992q1_2009q1,10.0,26,0.0,0.0020000036155545468,,0,2,0.0,0.07692307692307693,True
us,PRGDP,real_gdp,1995,1,1996,,next_year,1.0,8,prgdp_1992q1_2009q1,3.0,27,0.21329612695415717,0.21329612695415717,0.21329612695415717,24,24,0.8888888888888888,0.8888888888888888,False
us,PRGDP,real_gdp,1995,1,1996,,next_year,1.0,8,prgdp_1992q1_2009q1,4.0,27,0.06962968889197053,0.06962968889197053,0.06962968889197053,10,10,0.37037037037037035,0.37037037037037035,False
us,PRGDP,real_gdp,1995,1,1996,,next_year,1.0,8,prgdp_1992q1_2009q1,5.0,27,0.028666674370770986,0.028666674370770986,0.028666674370770986,5,5,0.18518518518518517,0.18518518518518517,False
us,PRGDP,real_gdp,1995,1,1996,,next_year,1.0,8,prgdp_1992q1_2009q1,10.0,27,0.0,0.001888890814914968,,0,3,0.0,0.1111111111111111,True
us,PRGDP,real_gdp,1995,2,1995,,current_year,0.0,3,prgdp_1992q1_2009q1,3.0,44,0.47204545454545443,0.47204545454545443,0.47204545454545443,43,43,0.9772727272727273,0.9772727272727273,False
us,PRGDP,real_gdp,1995,2,1995,,current_year,0.0,3,prgdp_1992q1_2009q1,4.0,44,0.07022727272727274,0.07022727272727274,0.07022727272727274,25,25,0.5681818181818182,0.5681818181818182,False
us,PRGDP,real_gdp,1995,2,1995,,current_year,0.0,3,prgdp_1992q1_2009q1,5.0,44,0.014772727272727272,0.014772727272727272,0.014772727272727272,11,11,0.25,0.25,False
us,PRGDP,real_gdp,1995,2,1995,,current_year,0.0,3,prgdp_1992q1_2009q1,10.0,44,0.0,0.003409090909090909,,0,4,0.0,0.09090909090909091,True
us,PRGDP,real_gdp,1995,2,1996,,next_year,1.0,7,prgdp_1992q1_2009q1,3.0,45,0.24333333333333335,0.24333333333333335,0.24333333333333335,42,42,0.9333333333333333,0.9333333333333333,False
us,PRGDP,real_gdp,1995,2,1996,,next_year,1.0,7,prgdp_1992q1_2009q1,4.0,45,0.057555555555555554,0.057555555555555554,0.057555555555555554,24,24,0.5333333333333333,0.5333333333333333,False
us,PRGDP,real_gdp,1995,2,1996,,next_year,1.0,7,prgdp_1992q1_2009q1,5.0,45,0.013222222222222224,0.013222222222222224,0.013222222222222224,8,8,0.17777777777777778,0.17777777777777778,False
us,PRGDP,real_gdp,1995,2,1996,,next_year,1.0,7,prgdp_1992q1_2009q1,10.0,45,0.0,0.0035555555555555557,,0,5,0.0,0.1111111111111111,True
us,PRGDP,real_gdp,1995,3,1995,,current_year,0.0,2,prgdp_1992q1_2009q1,3.0,46,0.3328262052192835,0.3328262052192835,0.3328262052192835,43,43,0.9347826086956522,0.9347826086956522,False
us,PRGDP,real_gdp,1995,3,1995,,current_year,0.0,2,prgdp_1992q1_2009q1,4.0,46,0.03543478260869565,0.03543478260869565,0.03543478260869565,15,15,0.32608695652173914,0.32608695652173914,False
us,PRGDP,real_gdp,1995,3,1995,,current_year,0.0,2,prgdp_1992q1_2009q1,5.0,46,0.010869565217391304,0.010869565217391304,0.010869565217391304,6,6,0.13043478260869565,0.13043478260869565,False
us,PRGDP,real_gdp,1995,3,1995,,current_year,0.0,2,prgdp_1992q1_2009q1,10.0,46,0.0,0.003478260869565218,,0,3,0.0,0.06521739130434782,True
us,PRGDP,real_gdp,1995,3,1996,,next_year,1.0,6,prgdp_1992q1_2009q1,3.0,46,0.27695686414755516,0.27695686414755516,0.27695686414755516,45,45,0.9782608695652174,0.9782608695652174,False
us,PRGDP,real_gdp,1995,3,1996,,next_year,1.0,6,prgdp_1992q1_2009q1,4.0,46,0.059021788045924034,0.059021788045924034,0.059021788045924034,23,23,0.5,0.5,False
us,PRGDP,real_gdp,1995,3,1996,,next_year,1.0,6,prgdp_1992q1_2009q1,5.0,46,0.016782621739782642,0.016782621739782642,0.016782621739782642,7,7,0.15217391304347827,0.15217391304347827,False
us,PRGDP,real_gdp,1995,3,1996,,next_year,1.0,6,prgdp_1992q1_2009q1,10.0,46,0.0,0.005652173913043478,,0,5,0.0,0.10869565217391304,True
us,PRGDP,real_gdp,1995,4,1995,,current_year,0.0,1,prgdp_1992q1_2009q1,3.0,42,0.7696904903812077,0.7696904903812077,0.7696904903812077,42,42,1.0,1.0,False
us,PRGDP,real_gdp,1995,4,1995,,current_year,0.0,1,prgdp_1992q1_2009q1,4.0,42,0.054952384381014095,0.054952384381014095,0.054952384381014095,17,17,0.40476190476190477,0.40476190476190477,False
us,PRGDP,real_gdp,1995,4,1995,,current_year,0.0,1,prgdp_1992q1_2009q1,5.0,42,0.002380952380952381,0.002380952380952381,0.002380952380952381,2,2,0.047619047619047616,0.047619047619047616,False
us,PRGDP,real_gdp,1995,4,1995,,current_year,0.0,1,prgdp_1992q1_2009q1,10.0,42,0.0,0.0,,0,0,0.0,0.0,True
us,PRGDP,real_gdp,1995,4,1996,,next_year,1.0,5,prgdp_1992q1_2009q1,3.0,42,0.2561900403384012,0.2561900403384012,0.2561900403384012,40,40,0.9523809523809523,0.9523809523809523,False
us,PRGDP,real_gdp,1995,4,1996,,next_year,1.0,5,prgdp_1992q1_2009q1,4.0,42,0.06778573192933009,0.06778573192933009,0.06778573192933009,19,19,0.4523809523809524,0.4523809523809524,False
us,PRGDP,real_gdp,1995,4,1996,,next_year,1.0,5,prgdp_1992q1_2009q1,5.0,42,0.008642822831857962,0.008642822831857962,0.008642822831857962,6,6,0.14285714285714285,0.14285714285714285,False
us,PRGDP,real_gdp,1995,4,1996,,next_year,1.0,5,prgdp_1992q1_2009q1,10.0,42,0.0,0.0014285714285714288,,0,2,0.0,0.047619047619047616,True
us,PRGDP,real_gdp,1996,1,1996,,current_year,0.0,4,prgdp_1992q1_2009q1,3.0,36,0.09322224461169323,0.09322224461169323,0.09322224461169323,18,18,0.5,0.5,False
us,PRGDP,real_gdp,1996,1,1996,,current_year,0.0,4,prgdp_1992q1_2009q1,4.0,36,0.018500000722241002,0.018500000722241002,0.018500000722241002,10,10,0.2777777777777778,0.2777777777777778,False
us,PRGDP,real_gdp,1996,1,1996,,current_year,0.0,4,prgdp_1992q1_2009q1,5.0,36,0.0005555555555555556,0.0005555555555555556,0.0005555555555555556,1,1,0.027777777777777776,0.027777777777777776,False
us,PRGDP,real_gdp,1996,1,1996,,current_year,0.0,4,prgdp_1992q1_2009q1,10.0,36,0.0,0.0,,0,0,0.0,0.0,True
us,PRGDP,real_gdp,1996,1,1997,,next_year,1.0,8,prgdp_1992q1_2009q1,3.0,36,0.1963334588939113,0.1963334588939113,0.1963334588939113,26,26,0.7222222222222222,0.7222222222222222,False
us,PRGDP,real_gdp,1996,1,1997,,next_year,1.0,8,prgdp_1992q1_2009q1,4.0,36,0.03880557444520004,0.03880557444520004,0.03880557444520003,15,15,0.4166666666666667,0.4166666666666667,False
us,PRGDP,real_gdp,1996,1,1997,,next_year,1.0,8,prgdp_1992q1_2009q1,5.0,36,0.0056111133334222265,0.0056111133334222265,0.0056111133334222265,5,5,0.1388888888888889,0.1388888888888889,False
us,PRGDP,real_gdp,1996,1,1997,,next_year,1.0,8,prgdp_1992q1_2009q1,10.0,36,0.0,0.001388888888888889,,0,1,0.0,0.027777777777777776,True
us,PRGDP,real_gdp,1996,2,1996,,current_year,0.0,3,prgdp_1992q1_2009q1,3.0,37,0.12344566308011565,0.12344566308011565,0.12344566308011565,27,27,0.7297297297297297,0.7297297297297297,False
us,PRGDP,real_gdp,1996,2,1996,,current_year,0.0,3,prgdp_1992q1_2009q1,4.0,37,0.02934779090467713,0.02934779090467713,0.02934779090467713,10,10,0.2702702702702703,0.2702702702702703,False
us,PRGDP,real_gdp,1996,2,1996,,current_year,0.0,3,prgdp_1992q1_2009q1,5.0,37,0.004215353077628527,0.004215353077628527,0.004215353077628527,6,6,0.16216216216216217,0.16216216216216217,False
us,PRGDP,real_gdp,1996,2,1996,,current_year,0.0,3,prgdp_1992q1_2009q1,10.0,37,0.0,0.000756325187462912,,0,3,0.0,0.08108108108108109,True
us,PRGDP,real_gdp,1996,2,1997,,next_year,1.0,7,prgdp_1992q1_2009q1,3.0,36,0.1257560737776121,0.1257560737776121,0.1257560737776121,25,25,0.6944444444444444,0.6944444444444444,False
us,PRGDP,real_gdp,1996,2,1997,,next_year,1.0,7,prgdp_1992q1_2009q1,4.0,36,0.024056444273425823,0.024056444273425823,0.024056444273425823,11,11,0.3055555555555556,0.3055555555555556,False
us,PRGDP,real_gdp,1996,2,1997,,next_year,1.0,7,prgdp_1992q1_2009q1,5.0,36,0.006666666666666666,0.006666666666666666,0.006666666666666666,5,5,0.1388888888888889,0.1388888888888889,False
us,PRGDP,real_gdp,1996,2,1997,,next_year,1.0,7,prgdp_1992q1_2009q1,10.0,36,0.0,0.0022222222222222222,,0,4,0.0,0.1111111111111111,True
us,PRGDP,real_gdp,1996,3,1996,,current_year,0.0,2,prgdp_1992q1_2009q1,3.0,39,0.14435897435897432,0.14435897435897432,0.14435897435897432,32,32,0.8205128205128205,0.8205128205128205,False
us,PRGDP,real_gdp,1996,3,1996,,current_year,0.0,2,prgdp_1992q1_2009q1,4.0,39,0.022564102564102566,0.022564102564102566,0.022564102564102566,11,11,0.28205128205128205,0.28205128205128205,False
us,PRGDP,real_gdp,1996,3,1996,,current_year,0.0,2,prgdp_1992q1_2009q1,5.0,39,0.002564102564102564,0.002564102564102564,0.002564102564102564,4,4,0.10256410256410256,0.10256410256410256,False
us,PRGDP,real_gdp,1996,3,1996,,current_year,0.0,2,prgdp_1992q1_2009q1,10.0,39,0.0,0.0002564102564102564,,0,1,0.0,0.02564102564102564,True
us,PRGDP,real_gdp,1996,3,1997,,next_year,1.0,6,prgdp_1992q1_2009q1,3.0,38,0.15539473684210528,0.15539473684210528,0.15539473684210525,30,30,0.7894736842105263,0.7894736842105263,False
us,PRGDP,real_gdp,1996,3,1997,,next_year,1.0,6,prgdp_1992q1_2009q1,4.0,38,0.024868421052631585,0.024868421052631585,0.024868421052631585,11,11,0.2894736842105263,0.2894736842105263,False
us,PRGDP,real_gdp,1996,3,1997,,next_year,1.0,6,prgdp_1992q1_2009q1,5.0,38,0.0031578947368421056,0.0031578947368421056,0.0031578947368421056,4,4,0.10526315789473684,0.10526315789473684,False
us,PRGDP,real_gdp,1996,3,1997,,next_year,1.0,6,prgdp_1992q1_2009q1,10.0,38,0.0,0.0005263157894736842,,0,2,0.0,0.05263157894736842,True
us,PRGDP,real_gdp,1996,4,1996,,current_year,0.0,1,prgdp_1992q1_2009q1,3.0,32,0.0346875,0.0346875,0.0346875,11,11,0.34375,0.34375,False
us,PRGDP,real_gdp,1996,4,1996,,current_year,0.0,1,prgdp_1992q1_2009q1,4.0,32,0.0,0.0,0.0,0,0,0.0,0.0,False
us,PRGDP,real_gdp,1996,4,1996,,current_year,0.0,1,prgdp_1992q1_2009q1,5.0,32,0.0,0.0,0.0,0,0,0.0,0.0,False
us,PRGDP,real_gdp,1996,4,1996,,current_year,0.0,1,prgdp_1992q1_2009q1,10.0,32,0.0,0.0,,0,0,0.0,0.0,True
us,PRGDP,real_gdp,1996,4,1997,,next_year,1.0,5,prgdp_1992q1_2009q1,3.0,32,0.11531250000000001,0.11531250000000001,0.11531250000000001,28,28,0.875,0.875,False
us,PRGDP,real_gdp,1996,4,1997,,next_year,1.0,5,prgdp_1992q1_2009q1,4.0,32,0.015625,0.015625,0.015625,8,8,0.25,0.25,False
us,PRGDP,real_gdp,1996,4,1997,,next_year,1.0,5,prgdp_1992q1_2009q1,5.0,32,0.0028125,0.0028125,0.0028125,4,4,0.125,0.125,False
us,PRGDP,real_gdp,1996,4,1997,,next_year,1.0,5,prgdp_1992q1_2009q1,10.0,32,0.0,0.0009375,,0,3,0.0,0.09375,True
us,PRGDP,real_gdp,1997,1,1997,,current_year,0.0,4,prgdp_1992q1_2009q1,3.0,35,0.28242891986864144,0.28242891986864144,0.28242891986864144,35,35,1.0,1.0,False
us,PRGDP,real_gdp,1997,1,1997,,current_year,0.0,4,prgdp_1992q1_2009q1,4.0,35,0.03894293254534542,0.03894293254534542,0.03894293254534542,14,14,0.4,0.4,False
us,PRGDP,real_gdp,1997,1,1997,,current_year,0.0,4,prgdp_1992q1_2009q1,5.0,35,0.009771562175837516,0.009771562175837516,0.009771562175837516,7,7,0.2,0.2,False
us,PRGDP,real_gdp,1997,1,1997,,current_year,0.0,4,prgdp_1992q1_2009q1,10.0,35,0.0,0.004171499945212478,,0,5,0.0,0.14285714285714285,True
us,PRGDP,real_gdp,1997,1,1998,,next_year,1.0,8,prgdp_1992q1_2009q1,3.0,35,0.17139987624980935,0.17139987624980935,0.17139987624980935,32,32,0.9142857142857143,0.9142857142857143,False
us,PRGDP,real_gdp,1997,1,1998,,next_year,1.0,8,prgdp_1992q1_2009q1,4.0,35,0.03579957295375682,0.03579957295375682,0.03579957295375682,12,12,0.34285714285714286,0.34285714285714286,False
us,PRGDP,real_gdp,1997,1,1998,,next_year,1.0,8,prgdp_1992q1_2009q1,5.0,35,0.012199418376703181,0.012199418376703181,0.012199418376703181,7,7,0.2,0.2,False
us,PRGDP,real_gdp,1997,1,1998,,next_year,1.0,8,prgdp_1992q1_2009q1,10.0,35,0.0,0.0034572466041419077,,0,5,0.0,0.14285714285714285,True
us,PRGDP,real_gdp,1997,2,1997,,current_year,0.0,3,prgdp_1992q1_2009q1,3.0,37,0.6601621362424397,0.6601621362424397,0.6601621362424397,37,37,1.0,1.0,False
us,PRGDP,real_gdp,1997,2,1997,,current_year,0.0,3,prgdp_1992q1_2009q1,4.0,37,0.13878411892930845,0.13878411892930845,0.13878411892930845,30,30,0.8108108108108109,0.8108108108108109,False
us,PRGDP,real_gdp,1997,2,1997,,current_year,0.0,3,prgdp_1992q1_2009q1,5.0,37,0.017432516218813598,0.017432516218813598,0.017432516218813598,9,9,0.24324324324324326,0.24324324324324326,False
us,PRGDP,real_gdp,1997,2,1997,,current_year,0.0,3,prgdp_1992q1_2009q1,10.0,37,0.0,0.004054083379287462,,0,6,0.0,0.16216216216216217,True
us,PRGDP,real_gdp,1997,2,1998,,next_year,1.0,7,prgdp_1992q1_2009q1,3.0,37,0.18994592589177153,0.18994592589177153,0.18994592589177153,34,34,0.918918918918919,0.918918918918919,False
us,PRGDP,real_gdp,1997,2,1998,,next_year,1.0,7,prgdp_1992q1_2009q1,4.0,37,0.03364866027034,0.03364866027034,0.03364866027034,11,11,0.2972972972972973,0.2972972972972973,False
us,PRGDP,real_gdp,1997,2,1998,,next_year,1.0,7,prgdp_1992q1_2009q1,5.0,37,0.012351394648908432,0.012351394648908432,0.012351394648908432,6,6,0.16216216216216217,0.16216216216216217,False
us,PRGDP,real_gdp,1997,2,1998,,next_year,1.0,7,prgdp_1992q1_2009q1,10.0,37,0.0,0.00445948378392973,,0,3,0.0,0.08108108108108109,True
us,PRGDP,real_gdp,1997,3,1997,,current_year,0.0,2,prgdp_1992q1_2009q1,3.0,36,0.6941111115827243,0.6941111115827243,0.6941111115827243,35,35,0.9722222222222222,0.9722222222222222,False
us,PRGDP,real_gdp,1997,3,1997,,current_year,0.0,2,prgdp_1992q1_2009q1,4.0,36,0.11402812223290036,0.11402812223290036,0.11402812223290033,23,23,0.6388888888888888,0.6388888888888888,False
us,PRGDP,real_gdp,1997,3,1997,,current_year,0.0,2,prgdp_1992q1_2009q1,5.0,36,0.012083419447113972,0.012083419447113972,0.012083419447113972,7,7,0.19444444444444445,0.19444444444444445,False
us,PRGDP,real_gdp,1997,3,1997,,current_year,0.0,2,prgdp_1992q1_2009q1,10.0,36,0.0,0.0025000301398232236,,0,5,0.0,0.1388888888888889,True
us,PRGDP,real_gdp,1997,3,1998,,next_year,1.0,6,prgdp_1992q1_2009q1,3.0,36,0.2760278921423606,0.2760278921423606,0.2760278921423606,34,34,0.9444444444444444,0.9444444444444444,False
us,PRGDP,real_gdp,1997,3,1998,,next_year,1.0,6,prgdp_1992q1_2009q1,4.0,36,0.0665834610306567,0.0665834610306567,0.06658346103065668,16,16,0.4444444444444444,0.4444444444444444,False
us,PRGDP,real_gdp,1997,3,1998,,next_year,1.0,6,prgdp_1992q1_2009q1,5.0,36,0.016750051333880515,0.016750051333880515,0.016750051333880515,8,8,0.2222222222222222,0.2222222222222222,False
us,PRGDP,real_gdp,1997,3,1998,,next_year,1.0,6,prgdp_1992q1_2009q1,10.0,36,0.0,0.005277802777927779,,0,4,0.0,0.1111111111111111,True
us,PRGDP,real_gdp,1997,4,1997,,current_year,0.0,1,prgdp_1992q1_2009q1,3.0,36,0.9447222222222221,0.9447222222222221,0.9447222222222221,36,36,1.0,1.0,False
us,PRGDP,real_gdp,1997,4,1997,,current_year,0.0,1,prgdp_1992q1_2009q1,4.0,36,0.13122221044416177,0.13122221044416177,0.13122221044416177,30,30,0.8333333333333334,0.8333333333333334,False
us,PRGDP,real_gdp,1997,4,1997,,current_year,0.0,1,prgdp_1992q1_2009q1,5.0,36,0.010555555555555556,0.010555555555555556,0.010555555555555556,5,5,0.1388888888888889,0.1388888888888889,False
us,PRGDP,real_gdp,1997,4,1997,,current_year,0.0,1,prgdp_1992q1_2009q1,10.0,36,0.0,0.0016666666666666668,,0,2,0.0,0.05555555555555555,True
us,PRGDP,real_gdp,1997,4,1998,,next_year,1.0,5,prgdp_1992q1_2009q1,3.0,36,0.3061391490903588,0.3061391490903588,0.3061391490903587,35,35,0.9722222222222222,0.9722222222222222,False
us,PRGDP,real_gdp,1997,4,1998,,next_year,1.0,5,prgdp_1992q1_2009q1,4.0,36,0.050027775472159974,0.050027775472159974,0.050027775472159974,16,16,0.4444444444444444,0.4444444444444444,False
us,PRGDP,real_gdp,1997,4,1998,,next_year,1.0,5,prgdp_1992q1_2009q1,5.0,36,0.00452778002783853,0.00452778002783853,0.00452778002783853,6,6,0.16666666666666666,0.16666666666666666,False
us,PRGDP,real_gdp,1997,4,1998,,next_year,1.0,5,prgdp_1992q1_2009q1,10.0,36,0.0,0.0002777777777777778,,0,1,0.0,0.027777777777777776,True
us,PRGDP,real_gdp,1998,1,1998,,current_year,0.0,4,prgdp_1992q1_2009q1,3.0,30,0.32523262248158513,0.32523262248158513,0.32523262248158513,28,28,0.9333333333333333,0.9333333333333333,False
us,PRGDP,real_gdp,1998,1,1998,,current_year,0.0,4,prgdp_1992q1_2009q1,4.0,30,0.04778309643290239,0.04778309643290239,0.04778309643290239,9,9,0.3,0.3,False
us,PRGDP,real_gdp,1998,1,1998,,current_year,0.0,4,prgdp_1992q1_2009q1,5.0,30,0.00466767873018293,0.00466767873018293,0.00466767873018293,4,4,0.13333333333333333,0.13333333333333333,False
us,PRGDP,real_gdp,1998,1,1998,,current_year,0.0,4,prgdp_1992q1_2009q1,10.0,30,0.0,0.0013333333333333333,,0,2,0.0,0.06666666666666667,True
us,PRGDP,real_gdp,1998,1,1999,,next_year,1.0,8,prgdp_1992q1_2009q1,3.0,29,0.22199957943439722,0.22199957943439722,0.22199957943439722,22,22,0.7586206896551724,0.7586206896551724,False
us,PRGDP,real_gdp,1998,1,1999,,next_year,1.0,8,prgdp_1992q1_2009q1,4.0,29,0.03834485193183789,0.03834485193183789,0.03834485193183789,11,11,0.3793103448275862,0.3793103448275862,False
us,PRGDP,real_gdp,1998,1,1999,,next_year,1.0,8,prgdp_1992q1_2009q1,5.0,29,0.006931012516516494,0.006931012516516494,0.006931012516516494,5,5,0.1724137931034483,0.1724137931034483,False
us,PRGDP,real_gdp,1998,1,1999,,next_year,1.0,8,prgdp_1992q1_2009q1,10.0,29,0.0,0.0013793103448275863,,0,2,0.0,0.06896551724137931,True
us,PRGDP,real_gdp,1998,2,1998,,current_year,0.0,3,prgdp_1992q1_2009q1,3.0,27,0.6003703703703702,0.6003703703703702,0.6003703703703704,27,27,1.0,1.0,False
us,PRGDP,real_gdp,1998,2,1998,,current_year,0.0,3,prgdp_1992q1_2009q1,4.0,27,0.09111111111111111,0.09111111111111111,0.09111111111111111,16,16,0.5925925925925926,0.5925925925925926,False
us,PRGDP,real_gdp,1998,2,1998,,current_year,0.0,3,prgdp_1992q1_2009q1,5.0,27,0.008518518518518519,0.008518518518518519,0.008518518518518519,5,5,0.18518518518518517,0.18518518518518517,False
us,PRGDP,real_gdp,1998,2,1998,,current_year,0.0,3,prgdp_1992q1_2009q1,10.0,27,0.0,0.0011111111111111111,,0,1,0.0,0.037037037037037035,True
us,PRGDP,real_gdp,1998,2,1999,,next_year,1.0,7,prgdp_1992q1_2009q1,3.0,27,0.23592592592592596,0.23592592592592596,0.23592592592592596,26,26,0.9629629629629629,0.9629629629629629,False
us,PRGDP,real_gdp,1998,2,1999,,next_year,1.0,7,prgdp_1992q1_2009q1,4.0,27,0.05185185185185186,0.05185185185185186,0.05185185185185186,13,13,0.48148148148148145,0.48148148148148145,False
us,PRGDP,real_gdp,1998,2,1999,,next_year,1.0,7,prgdp_1992q1_2009q1,5.0,27,0.012222222222222223,0.012222222222222223,0.012222222222222223,7,7,0.25925925925925924,0.25925925925925924,False
us,PRGDP,real_gdp,1998,2,1999,,next_year,1.0,7,prgdp_1992q1_2009q1,10.0,27,0.0,0.0014814814814814814,,0,2,0.0,0.07407407407407407,True
us,PRGDP,real_gdp,1998,3,1998,,current_year,0.0,2,prgdp_1992q1_2009q1,3.0,30,0.7273333333333334,0.7273333333333334,0.7273333333333334,30,30,1.0,1.0,False
us,PRGDP,real_gdp,1998,3,1998,,current_year,0.0,2,prgdp_1992q1_2009q1,4.0,30,0.09833333333333333,0.09833333333333333,0.09833333333333333,24,24,0.8,0.8,False
us,PRGDP,real_gdp,1998,3,1998,,current_year,0.0,2,prgdp_1992q1_2009q1,5.0,30,0.013666666666666667,0.013666666666666667,0.013666666666666667,7,7,0.23333333333333334,0.23333333333333334,False
us,PRGDP,real_gdp,1998,3,1998,,current_year,0.0,2,prgdp_1992q1_2009q1,10.0,30,0.0,0.002,,0,2,0.0,0.06666666666666667,True
us,PRGDP,real_gdp,1998,3,1999,,next_year,1.0,6,prgdp_1992q1_2009q1,3.0,30,0.2664000000000001,0.2664000000000001,0.2664000000000001,28,28,0.9333333333333333,0.9333333333333333,False
us,PRGDP,real_gdp,1998,3,1999,,next_year,1.0,6,prgdp_1992q1_2009q1,4.0,30,0.07166666666666667,0.07166666666666667,0.07166666666666667,15,15,0.5,0.5,False
us,PRGDP,real_gdp,1998,3,1999,,next_year,1.0,6,prgdp_1992q1_2009q1,5.0,30,0.011000000000000003,0.011000000000000003,0.011000000000000003,6,6,0.2,0.2,False
us,PRGDP,real_gdp,1998,3,1999,,next_year,1.0,6,prgdp_1992q1_2009q1,10.0,30,0.0,0.003,,0,3,0.0,0.1,True
us,PRGDP,real_gdp,1998,4,1998,,current_year,0.0,1,prgdp_1992q1_2009q1,3.0,28,0.8860714285714285,0.8860714285714285,0.8860714285714285,28,28,1.0,1.0,False
us,PRGDP,real_gdp,1998,4,1998,,current_year,0.0,1,prgdp_1992q1_2009q1,4.0,28,0.06607142857142857,0.06607142857142857,0.06607142857142857,15,15,0.5357142857142857,0.5357142857142857,False
us,PRGDP,real_gdp,1998,4,1998,,current_year,0.0,1,prgdp_1992q1_2009q1,5.0,28,0.005714285714285715,0.005714285714285715,0.005714285714285715,2,2,0.07142857142857142,0.07142857142857142,False
us,PRGDP,real_gdp,1998,4,1998,,current_year,0.0,1,prgdp_1992q1_2009q1,10.0,28,0.0,0.0007142857142857144,,0,2,0.0,0.07142857142857142,True
us,PRGDP,real_gdp,1998,4,1999,,next_year,1.0,5,prgdp_1992q1_2009q1,3.0,28,0.1565357142857143,0.1565357142857143,0.1565357142857143,20,20,0.7142857142857143,0.7142857142857143,False
us,PRGDP,real_gdp,1998,4,1999,,next_year,1.0,5,prgdp_1992q1_2009q1,4.0,28,0.02,0.02,0.02,9,9,0.32142857142857145,0.32142857142857145,False
us,PRGDP,real_gdp,1998,4,1999,,next_year,1.0,5,prgdp_1992q1_2009q1,5.0,28,0.003928571428571429,0.003928571428571429,0.003928571428571429,3,3,0.10714285714285714,0.10714285714285714,False
us,PRGDP,real_gdp,1998,4,1999,,next_year,1.0,5,prgdp_1992q1_2009q1,10.0,28,0.0,0.0010714285714285715,,0,2,0.0,0.07142857142857142,True
us,PRGDP,real_gdp,1999,1,1999,,current_year,0.0,4,prgdp_1992q1_2009q1,3.0,30,0.49833333333333324,0.49833333333333324,0.49833333333333324,30,30,1.0,1.0,False
us,PRGDP,real_gdp,1999,1,1999,,current_year,0.0,4,prgdp_1992q1_2009q1,4.0,30,0.11633333333333336,0.11633333333333336,0.11633333333333336,24,24,0.8,0.8,False
us,PRGDP,real_gdp,1999,1,1999,,current_year,0.0,4,prgdp_1992q1_2009q1,5.0,30,0.013666666666666669,0.013666666666666669,0.013666666666666669,10,10,0.3333333333333333,0.3333333333333333,False
us,PRGDP,real_gdp,1999,1,1999,,current_year,0.0,4,prgdp_1992q1_2009q1,10.0,30,0.0,0.0013333333333333333,,0,3,0.0,0.1,True
us,PRGDP,real_gdp,1999,1,2000,,next_year,1.0,8,prgdp_1992q1_2009q1,3.0,28,0.2507142857142857,0.2507142857142857,0.2507142857142857,25,25,0.8928571428571429,0.8928571428571429,False
us,PRGDP,real_gdp,1999,1,2000,,next_year,1.0,8,prgdp_1992q1_2009q1,4.0,28,0.05714285714285715,0.05714285714285715,0.05714285714285715,16,16,0.5714285714285714,0.5714285714285714,False
us,PRGDP,real_gdp,1999,1,2000,,next_year,1.0,8,prgdp_1992q1_2009q1,5.0,28,0.013214285714285715,0.013214285714285715,0.013214285714285715,7,7,0.25,0.25,False
us,PRGDP,real_gdp,1999,1,2000,,next_year,1.0,8,prgdp_1992q1_2009q1,10.0,28,0.0,0.0014285714285714286,,0,3,0.0,0.10714285714285714,True
us,PRGDP,real_gdp,1999,2,1999,,current_year,0.0,3,prgdp_1992q1_2009q1,3.0,34,0.8417647058823529,0.8417647058823529,0.8417647058823529,34,34,1.0,1.0,False
us,PRGDP,real_gdp,1999,2,1999,,current_year,0.0,3,prgdp_1992q1_2009q1,4.0,34,0.34705882352941186,0.34705882352941186,0.34705882352941186,32,32,0.9411764705882353,0.9411764705882353,False
us,PRGDP,real_gdp,1999,2,1999,,current_year,0.0,3,prgdp_1992q1_2009q1,5.0,34,0.044705882352941186,0.044705882352941186,0.044705882352941186,16,16,0.47058823529411764,0.47058823529411764,False
us,PRGDP,real_gdp,1999,2,1999,,current_year,0.0,3,prgdp_1992q1_2009q1,10.0,34,0.0,0.0026470588235294116,,0,5,0.0,0.14705882352941177,True
us,PRGDP,real_gdp,1999,2,2000,,next_year,1.0,7,prgdp_1992q1_2009q1,3.0,34,0.33705882352941174,0.33705882352941174,0.33705882352941174,31,31,0.9117647058823529,0.9117647058823529,False
us,PRGDP,real_gdp,1999,2,2000,,next_year,1.0,7,prgdp_1992q1_2009q1,4.0,34,0.08088235294117646,0.08088235294117646,0.08088235294117646,22,22,0.6470588235294118,0.6470588235294118,False
us,PRGDP,real_gdp,1999,2,2000,,next_year,1.0,7,prgdp_1992q1_2009q1,5.0,34,0.00823529411764706,0.00823529411764706,0.00823529411764706,6,6,0.17647058823529413,0.17647058823529413,False
us,PRGDP,real_gdp,1999,2,2000,,next_year,1.0,7,prgdp_1992q1_2009q1,10.0,34,0.0,0.0008823529411764705,,0,3,0.0,0.08823529411764706,True
us,PRGDP,real_gdp,1999,3,1999,,current_year,0.0,2,prgdp_1992q1_2009q1,3.0,34,0.8651470588235294,0.8651470588235294,0.8651470588235294,34,34,1.0,1.0,False
us,PRGDP,real_gdp,1999,3,1999,,current_year,0.0,2,prgdp_1992q1_2009q1,4.0,34,0.27579411764705886,0.27579411764705886,0.27579411764705886,34,34,1.0,1.0,False
us,PRGDP,real_gdp,1999,3,1999,,current_year,0.0,2,prgdp_1992q1_2009q1,5.0,34,0.018147058823529412,0.018147058823529412,0.018147058823529412,12,12,0.35294117647058826,0.35294117647058826,False
us,PRGDP,real_gdp,1999,3,1999,,current_year,0.0,2,prgdp_1992q1_2009q1,10.0,34,0.0,0.0014705882352941176,,0,3,0.0,0.08823529411764706,True
us,PRGDP,real_gdp,1999,3,2000,,next_year,1.0,6,prgdp_1992q1_2009q1,3.0,34,0.3073235294117647,0.3073235294117647,0.30732352941176466,34,34,1.0,1.0,False
us,PRGDP,real_gdp,1999,3,2000,,next_year,1.0,6,prgdp_1992q1_2009q1,4.0,34,0.07411764705882354,0.07411764705882354,0.07411764705882354,19,19,0.5588235294117647,0.5588235294117647,False
us,PRGDP,real_gdp,1999,3,2000,,next_year,1.0,6,prgdp_1992q1_2009q1,5.0,34,0.012058823529411764,0.012058823529411764,0.012058823529411764,7,7,0.20588235294117646,0.20588235294117646,False
us,PRGDP,real_gdp,1999,3,2000,,next_year,1.0,6,prgdp_1992q1_2009q1,10.0,34,0.0,0.0020588235294117644,,0,3,0.0,0.08823529411764706,True
us,PRGDP,real_gdp,1999,4,1999,,current_year,0.0,1,prgdp_1992q1_2009q1,3.0,38,0.9540808345565107,0.9540808345565107,0.9540808345565107,38,38,1.0,1.0,False
us,PRGDP,real_gdp,1999,4,1999,,current_year,0.0,1,prgdp_1992q1_2009q1,4.0,38,0.2314531348291046,0.2314531348291046,0.2314531348291046,36,36,0.9473684210526315,0.9473684210526315,False
us,PRGDP,real_gdp,1999,4,1999,,current_year,0.0,1,prgdp_1992q1_2009q1,5.0,38,0.007788844621513945,0.007788844621513945,0.007788844621513945,7,7,0.18421052631578946,0.18421052631578946,False
us,PRGDP,real_gdp,1999,4,1999,,current_year,0.0,1,prgdp_1992q1_2009q1,10.0,38,0.0,0.0006049486265464458,,0,2,0.0,0.05263157894736842,True
us,PRGDP,real_gdp,1999,4,2000,,next_year,1.0,5,prgdp_1992q1_2009q1,3.0,38,0.49399999999999994,0.49399999999999994,0.49399999999999994,38,38,1.0,1.0,False
us,PRGDP,real_gdp,1999,4,2000,,next_year,1.0,5,prgdp_1992q1_2009q1,4.0,38,0.12955263157894734,0.12955263157894734,0.12955263157894734,30,30,0.7894736842105263,0.7894736842105263,False
us,PRGDP,real_gdp,1999,4,2000,,next_year,1.0,5,prgdp_1992q1_2009q1,5.0,38,0.014026315789473685,0.014026315789473685,0.014026315789473685,11,11,0.2894736842105263,0.2894736842105263,False
us,PRGDP,real_gdp,1999,4,2000,,next_year,1.0,5,prgdp_1992q1_2009q1,10.0,38,0.0,0.0016578947368421054,,0,3,0.0,0.07894736842105263,True
us,PRGDP,real_gdp,2000,1,2000,,current_year,0.0,4,prgdp_1992q1_2009q1,3.0,33,0.8036363636363637,0.8036363636363637,0.8036363636363637,33,33,1.0,1.0,False
us,PRGDP,real_gdp,2000,1,2000,,current_year,0.0,4,prgdp_1992q1_2009q1,4.0,33,0.36424242424242426,0.36424242424242426,0.36424242424242426,32,32,0.9696969696969697,0.9696969696969697,False
us,PRGDP,real_gdp,2000,1,2000,,current_year,0.0,4,prgdp_1992q1_2009q1,5.0,33,0.05515151515151515,0.05515151515151515,0.05515151515151515,17,17,0.5151515151515151,0.5151515151515151,False
us,PRGDP,real_gdp,2000,1,2000,,current_year,0.0,4,prgdp_1992q1_2009q1,10.0,33,0.0,0.005757575757575757,,0,3,0.0,0.09090909090909091,True
us,PRGDP,real_gdp,2000,1,2001,,next_year,1.0,8,prgdp_1992q1_2009q1,3.0,33,0.47787878787878785,0.47787878787878785,0.47787878787878785,31,31,0.9393939393939394,0.9393939393939394,False
us,PRGDP,real_gdp,2000,1,2001,,next_year,1.0,8,prgdp_1992q1_2009q1,4.0,33,0.16666666666666666,0.16666666666666666,0.16666666666666666,26,26,0.7878787878787878,0.7878787878787878,False
us,PRGDP,real_gdp,2000,1,2001,,next_year,1.0,8,prgdp_1992q1_2009q1,5.0,33,0.03696969696969698,0.03696969696969698,0.03696969696969698,12,12,0.36363636363636365,0.36363636363636365,False
us,PRGDP,real_gdp,2000,1,2001,,next_year,1.0,8,prgdp_1992q1_2009q1,10.0,33,0.0,0.004242424242424243,,0,3,0.0,0.09090909090909091,True
us,PRGDP,real_gdp,2000,2,2000,,current_year,0.0,3,prgdp_1992q1_2009q1,3.0,32,0.92271875,0.92271875,0.92271875,32,32,1.0,1.0,False
us,PRGDP,real_gdp,2000,2,2000,,current_year,0.0,3,prgdp_1992q1_2009q1,4.0,32,0.75196875,0.75196875,0.75196875,31,31,0.96875,0.96875,False
us,PRGDP,real_gdp,2000,2,2000,,current_year,0.0,3,prgdp_1992q1_2009q1,5.0,32,0.30415625,0.30415625,0.30415625,31,31,0.96875,0.96875,False
us,PRGDP,real_gdp,2000,2,2000,,current_year,0.0,3,prgdp_1992q1_2009q1,10.0,32,0.0,0.046625,,0,15,0.0,0.46875,True
us,PRGDP,real_gdp,2000,2,2001,,next_year,1.0,7,prgdp_1992q1_2009q1,3.0,32,0.5412187500000001,0.5412187500000001,0.5412187500000001,31,31,0.96875,0.96875,False
us,PRGDP,real_gdp,2000,2,2001,,next_year,1.0,7,prgdp_1992q1_2009q1,4.0,32,0.21793749999999998,0.21793749999999998,0.21793749999999998,27,27,0.84375,0.84375,False
us,PRGDP,real_gdp,2000,2,2001,,next_year,1.0,7,prgdp_1992q1_2009q1,5.0,32,0.06059375,0.06059375,0.06059375,16,16,0.5,0.5,False
us,PRGDP,real_gdp,2000,2,2001,,next_year,1.0,7,prgdp_1992q1_2009q1,10.0,32,0.0,0.015625,,0,7,0.0,0.21875,True
us,PRGDP,real_gdp,2000,3,2000,,current_year,0.0,2,prgdp_1992q1_2009q1,3.0,29,0.9500000000000001,0.9500000000000001,0.9500000000000001,29,29,1.0,1.0,False
us,PRGDP,real_gdp,2000,3,2000,,current_year,0.0,2,prgdp_1992q1_2009q1,4.0,29,0.8477586206896551,0.8477586206896551,0.8477586206896551,28,28,0.9655172413793104,0.9655172413793104,False
us,PRGDP,real_gdp,2000,3,2000,,current_year,0.0,2,prgdp_1992q1_2009q1,5.0,29,0.4929310344827586,0.4929310344827586,0.4929310344827586,27,27,0.9310344827586207,0.9310344827586207,False
us,PRGDP,real_gdp,2000,3,2000,,current_year,0.0,2,prgdp_1992q1_2009q1,10.0,29,0.0,0.029827586206896555,,0,12,0.0,0.41379310344827586,True
us,PRGDP,real_gdp,2000,3,2001,,next_year,1.0,6,prgdp_1992q1_2009q1,3.0,29,0.6310344827586207,0.6310344827586207,0.6310344827586207,28,28,0.9655172413793104,0.9655172413793104,False
us,PRGDP,real_gdp,2000,3,2001,,next_year,1.0,6,prgdp_1992q1_2009q1,4.0,29,0.20517241379310353,0.20517241379310353,0.20517241379310353,26,26,0.896551724137931,0.896551724137931,False
us,PRGDP,real_gdp,2000,3,2001,,next_year,1.0,6,prgdp_1992q1_2009q1,5.0,29,0.03586206896551725,0.03586206896551725,0.03586206896551725,15,15,0.5172413793103449,0.5172413793103449,False
us,PRGDP,real_gdp,2000,3,2001,,next_year,1.0,6,prgdp_1992q1_2009q1,10.0,29,0.0,0.004827586206896552,,0,5,0.0,0.1724137931034483,True
us,PRGDP,real_gdp,2000,4,2000,,current_year,0.0,1,prgdp_1992q1_2009q1,3.0,32,0.9826875,0.9826875,0.9826875,32,32,1.0,1.0,False
us,PRGDP,real_gdp,2000,4,2000,,current_year,0.0,1,prgdp_1992q1_2009q1,4.0,32,0.9362187500000001,0.9362187500000001,0.9362187500000001,32,32,1.0,1.0,False
us,PRGDP,real_gdp,2000,4,2000,,current_year,0.0,1,prgdp_1992q1_2009q1,5.0,32,0.7391875,0.7391875,0.7391875,32,32,1.0,1.0,False
us,PRGDP,real_gdp,2000,4,2000,,current_year,0.0,1,prgdp_1992q1_2009q1,10.0,32,0.0,0.017468749999999998,,0,9,0.0,0.28125,True
us,PRGDP,real_gdp,2000,4,2001,,next_year,1.0,5,prgdp_1992q1_2009q1,3.0,32,0.61484375,0.61484375,0.61484375,32,32,1.0,1.0,False
us,PRGDP,real_gdp,2000,4,2001,,next_year,1.0,5,prgdp_1992q1_2009q1,4.0,32,0.19671875,0.19671875,0.19671875,29,29,0.90625,0.90625,False
us,PRGDP,real_gdp,2000,4,2001,,next_year,1.0,5,prgdp_1992q1_2009q1,5.0,32,0.0321875,0.0321875,0.0321875,13,13,0.40625,0.40625,False
us,PRGDP,real_gdp,2000,4,2001,,next_year,1.0,5,prgdp_1992q1_2009q1,10.0,32,0.0,0.0053124999999999995,,0,7,0.0,0.21875,True
us,PRGDP,real_gdp,2001,1,2001,,current_year,0.0,4,prgdp_1992q1_2009q1,3.0,30,0.1493333333333333,0.1493333333333333,0.1493333333333333,27,27,0.9,0.9,False
us,PRGDP,real_gdp,2001,1,2001,,current_year,0.0,4,prgdp_1992q1_2009q1,4.0,30,0.034,0.034,0.034,7,7,0.23333333333333334,0.23333333333333334,False
us,PRGDP,real_gdp,2001,1,2001,,current_year,0.0,4,prgdp_1992q1_2009q1,5.0,30,0.005333333333333333,0.005333333333333333,0.005333333333333333,4,4,0.13333333333333333,0.13333333333333333,False
us,PRGDP,real_gdp,2001,1,2001,,current_year,0.0,4,prgdp_1992q1_2009q1,10.0,30,0.0,0.0006666666666666666,,0,2,0.0,0.06666666666666667,True
us,PRGDP,real_gdp,2001,1,2002,,next_year,1.0,8,prgdp_1992q1_2009q1,3.0,29,0.5724137931034483,0.5724137931034483,0.5724137931034483,28,28,0.9655172413793104,0.9655172413793104,False
us,PRGDP,real_gdp,2001,1,2002,,next_year,1.0,8,prgdp_1992q1_2009q1,4.0,29,0.22413793103448276,0.22413793103448276,0.22413793103448276,25,25,0.8620689655172413,0.8620689655172413,False
us,PRGDP,real_gdp,2001,1,2002,,next_year,1.0,8,prgdp_1992q1_2009q1,5.0,29,0.058965517241379314,0.058965517241379314,0.058965517241379314,13,13,0.4482758620689655,0.4482758620689655,False
us,PRGDP,real_gdp,2001,1,2002,,next_year,1.0,8,prgdp_1992q1_2009q1,10.0,29,0.0,0.008620689655172414,,0,8,0.0,0.27586206896551724,True
us,PRGDP,real_gdp,2001,2,2001,,current_year,0.0,3,prgdp_1992q1_2009q1,3.0,28,0.06321428571428571,0.06321428571428571,0.06321428571428571,14,14,0.5,0.5,False
us,PRGDP,real_gdp,2001,2,2001,,current_year,0.0,3,prgdp_1992q1_2009q1,4.0,28,0.0064285714285714285,0.0064285714285714285,0.0064285714285714285,3,3,0.10714285714285714,0.10714285714285714,False
us,PRGDP,real_gdp,2001,2,2001,,current_year,0.0,3,prgdp_1992q1_2009q1,5.0,28,0.0007142857142857143,0.0007142857142857143,0.0007142857142857143,1,1,0.03571428571428571,0.03571428571428571,False
us,PRGDP,real_gdp,2001,2,2001,,current_year,0.0,3,prgdp_1992q1_2009q1,10.0,28,0.0,0.0,,0,0,0.0,0.0,True
us,PRGDP,real_gdp,2001,2,2002,,next_year,1.0,7,prgdp_1992q1_2009q1,3.0,28,0.42178571428571426,0.42178571428571426,0.42178571428571426,27,27,0.9642857142857143,0.9642857142857143,False
us,PRGDP,real_gdp,2001,2,2002,,next_year,1.0,7,prgdp_1992q1_2009q1,4.0,28,0.12642857142857142,0.12642857142857142,0.12642857142857142,17,17,0.6071428571428571,0.6071428571428571,False
us,PRGDP,real_gdp,2001,2,2002,,next_year,1.0,7,prgdp_1992q1_2009q1,5.0,28,0.014285714285714289,0.014285714285714289,0.014285714285714289,6,6,0.21428571428571427,0.21428571428571427,False
us,PRGDP,real_gdp,2001,2,2002,,next_year,1.0,7,prgdp_1992q1_2009q1,10.0,28,0.0,0.002142857142857143,,0,1,0.0,0.03571428571428571,True
us,PRGDP,real_gdp,2001,3,2001,,current_year,0.0,2,prgdp_1992q1_2009q1,3.0,28,0.013571428571428571,0.013571428571428571,0.013571428571428571,6,6,0.21428571428571427,0.21428571428571427,False
us,PRGDP,real_gdp,2001,3,2001,,current_year,0.0,2,prgdp_1992q1_2009q1,4.0,28,0.0017857142857142859,0.0017857142857142859,0.0017857142857142859,1,1,0.03571428571428571,0.03571428571428571,False
us,PRGDP,real_gdp,2001,3,2001,,current_year,0.0,2,prgdp_1992q1_2009q1,5.0,28,0.0,0.0,0.0,0,0,0.0,0.0,False
us,PRGDP,real_gdp,2001,3,2001,,current_year,0.0,2,prgdp_1992q1_2009q1,10.0,28,0.0,0.0,,0,0,0.0,0.0,True
us,PRGDP,real_gdp,2001,3,2002,,next_year,1.0,6,prgdp_1992q1_2009q1,3.0,28,0.29107142857142854,0.29107142857142854,0.29107142857142854,26,26,0.9285714285714286,0.9285714285714286,False
us,PRGDP,real_gdp,2001,3,2002,,next_year,1.0,6,prgdp_1992q1_2009q1,4.0,28,0.06464285714285714,0.06464285714285714,0.06464285714285714,12,12,0.42857142857142855,0.42857142857142855,False
us,PRGDP,real_gdp,2001,3,2002,,next_year,1.0,6,prgdp_1992q1_2009q1,5.0,28,0.010714285714285714,0.010714285714285714,0.010714285714285714,6,6,0.21428571428571427,0.21428571428571427,False
us,PRGDP,real_gdp,2001,3,2002,,next_year,1.0,6,prgdp_1992q1_2009q1,10.0,28,0.0,0.0014285714285714286,,0,3,0.0,0.10714285714285714,True
us,PRGDP,real_gdp,2001,4,2001,,current_year,0.0,1,prgdp_1992q1_2009q1,3.0,23,0.0,0.0,0.0,0,0,0.0,0.0,False
us,PRGDP,real_gdp,2001,4,2001,,current_year,0.0,1,prgdp_1992q1_2009q1,4.0,23,0.0,0.0,0.0,0,0,0.0,0.0,False
us,PRGDP,real_gdp,2001,4,2001,,current_year,0.0,1,prgdp_1992q1_2009q1,5.0,23,0.0,0.0,0.0,0,0,0.0,0.0,False
us,PRGDP,real_gdp,2001,4,2001,,current_year,0.0,1,prgdp_1992q1_2009q1,10.0,23,0.0,0.0,,0,0,0.0,0.0,True
us,PRGDP,real_gdp,2001,4,2002,,next_year,1.0,5,prgdp_1992q1_2009q1,3.0,24,0.04020833333333333,0.04020833333333333,0.04020833333333333,6,6,0.25,0.25,False
us,PRGDP,real_gdp,2001,4,2002,,next_year,1.0,5,prgdp_1992q1_2009q1,4.0,24,0.01,0.01,0.01,4,4,0.16666666666666666,0.16666666666666666,False
us,PRGDP,real_gdp,2001,4,2002,,next_year,1.0,5,prgdp_1992q1_2009q1,5.0,24,0.0020833333333333333,0.0020833333333333333,0.0020833333333333333,2,2,0.08333333333333333,0.08333333333333333,False
us,PRGDP,real_gdp,2001,4,2002,,next_year,1.0,5,prgdp_1992q1_2009q1,10.0,24,0.0,0.0008333333333333334,,0,1,0.0,0.041666666666666664,True
us,PRGDP,real_gdp,2002,1,2002,,current_year,0.0,4,prgdp_1992q1_2009q1,3.0,31,0.09703225806451612,0.09703225806451612,0.09703225806451611,16,16,0.5161290322580645,0.5161290322580645,False
us,PRGDP,real_gdp,2002,1,2002,,current_year,0.0,4,prgdp_1992q1_2009q1,4.0,31,0.018258064516129033,0.018258064516129033,0.018258064516129033,8,8,0.25806451612903225,0.25806451612903225,False
us,PRGDP,real_gdp,2002,1,2002,,current_year,0.0,4,prgdp_1992q1_2009q1,5.0,31,0.005548387096774193,0.005548387096774193,0.005548387096774193,3,3,0.0967741935483871,0.0967741935483871,False
us,PRGDP,real_gdp,2002,1,2002,,current_year,0.0,4,prgdp_1992q1_2009q1,10.0,31,0.0,0.0016774193548387097,,0,2,0.0,0.06451612903225806,True
us,PRGDP,real_gdp,2002,1,2003,,next_year,1.0,8,prgdp_1992q1_2009q1,3.0,30,0.5118333333333334,0.5118333333333334,0.5118333333333334,29,29,0.9666666666666667,0.9666666666666667,False
us,PRGDP,real_gdp,2002,1,2003,,next_year,1.0,8,prgdp_1992q1_2009q1,4.0,30,0.16716666666666663,0.16716666666666663,0.16716666666666663,24,24,0.8,0.8,False
us,PRGDP,real_gdp,2002,1,2003,,next_year,1.0,8,prgdp_1992q1_2009q1,5.0,30,0.0375,0.0375,0.0375,11,11,0.36666666666666664,0.36666666666666664,False
us,PRGDP,real_gdp,2002,1,2003,,next_year,1.0,8,prgdp_1992q1_2009q1,10.0,30,0.0,0.008833333333333334,,0,6,0.0,0.2,True
us,PRGDP,real_gdp,2002,2,2002,,current_year,0.0,3,prgdp_1992q1_2009q1,3.0,32,0.33578125000000003,0.33578125000000003,0.33578125000000003,30,30,0.9375,0.9375,False
us,PRGDP,real_gdp,2002,2,2002,,current_year,0.0,3,prgdp_1992q1_2009q1,4.0,32,0.06468750000000001,0.06468750000000001,0.06468750000000001,17,17,0.53125,0.53125,False
us,PRGDP,real_gdp,2002,2,2002,,current_year,0.0,3,prgdp_1992q1_2009q1,5.0,32,0.01984375,0.01984375,0.01984375,9,9,0.28125,0.28125,False
us,PRGDP,real_gdp,2002,2,2002,,current_year,0.0,3,prgdp_1992q1_2009q1,10.0,32,0.0,0.0040625,,0,5,0.0,0.15625,True
us,PRGDP,real_gdp,2002,2,2003,,next_year,1.0,7,prgdp_1992q1_2009q1,3.0,32,0.60984375,0.60984375,0.60984375,32,32,1.0,1.0,False
us,PRGDP,real_gdp,2002,2,2003,,next_year,1.0,7,prgdp_1992q1_2009q1,4.0,32,0.19796875000000003,0.19796875000000003,0.19796875,28,28,0.875,0.875,False
us,PRGDP,real_gdp,2002,2,2003,,next_year,1.0,7,prgdp_1992q1_2009q1,5.0,32,0.04140625,0.04140625,0.04140625,13,13,0.40625,0.40625,False
us,PRGDP,real_gdp,2002,2,2003,,next_year,1.0,7,prgdp_1992q1_2009q1,10.0,32,0.0,0.00921875,,0,8,0.0,0.25,True
us,PRGDP,real_gdp,2002,3,2002,,current_year,0.0,2,prgdp_1992q1_2009q1,3.0,30,0.1275,0.1275,0.1275,25,25,0.8333333333333334,0.8333333333333334,False
us,PRGDP,real_gdp,2002,3,2002,,current_year,0.0,2,prgdp_1992q1_2009q1,4.0,30,0.015166666666666669,0.015166666666666669,0.015166666666666669,9,9,0.3,0.3,False
us,PRGDP,real_gdp,2002,3,2002,,current_year,0.0,2,prgdp_1992q1_2009q1,5.0,30,0.001,0.001,0.001,2,2,0.06666666666666667,0.06666666666666667,False
us,PRGDP,real_gdp,2002,3,2002,,current_year,0.0,2,prgdp_1992q1_2009q1,10.0,30,0.0,0.00016666666666666666,,0,1,0.0,0.03333333333333333,True
us,PRGDP,real_gdp,2002,3,2003,,next_year,1.0,6,prgdp_1992q1_2009q1,3.0,30,0.4623333333333334,0.4623333333333334,0.4623333333333334,30,30,1.0,1.0,False
us,PRGDP,real_gdp,2002,3,2003,,next_year,1.0,6,prgdp_1992q1_2009q1,4.0,30,0.115,0.115,0.11499999999999999,24,24,0.8,0.8,False
us,PRGDP,real_gdp,2002,3,2003,,next_year,1.0,6,prgdp_1992q1_2009q1,5.0,30,0.02166666666666667,0.02166666666666667,0.02166666666666667,11,11,0.36666666666666664,0.36666666666666664,False
us,PRGDP,real_gdp,2002,3,2003,,next_year,1.0,6,prgdp_1992q1_2009q1,10.0,30,0.0,0.003333333333333333,,0,5,0.0,0.16666666666666666,True
us,PRGDP,real_gdp,2002,4,2002,,current_year,0.0,1,prgdp_1992q1_2009q1,3.0,30,0.07200000000000001,0.07200000000000001,0.07200000000000001,10,10,0.3333333333333333,0.3333333333333333,False
us,PRGDP,real_gdp,2002,4,2002,,current_year,0.0,1,prgdp_1992q1_2009q1,4.0,30,0.010666666666666666,0.010666666666666666,0.010666666666666666,5,5,0.16666666666666666,0.16666666666666666,False
us,PRGDP,real_gdp,2002,4,2002,,current_year,0.0,1,prgdp_1992q1_2009q1,5.0,30,0.0003333333333333333,0.0003333333333333333,0.0003333333333333333,1,1,0.03333333333333333,0.03333333333333333,False
us,PRGDP,real_gdp,2002,4,2002,,current_year,0.0,1,prgdp_1992q1_2009q1,10.0,30,0.0,0.0,,0,0,0.0,0.0,True
us,PRGDP,real_gdp,2002,4,2003,,next_year,1.0,5,prgdp_1992q1_2009q1,3.0,30,0.3173333333333333,0.3173333333333333,0.3173333333333333,29,29,0.9666666666666667,0.9666666666666667,False
us,PRGDP,real_gdp,2002,4,2003,,next_year,1.0,5,prgdp_1992q1_2009q1,4.0,30,0.08066666666666665,0.08066666666666665,0.08066666666666665,17,17,0.5666666666666667,0.5666666666666667,False
us,PRGDP,real_gdp,2002,4,2003,,next_year,1.0,5,prgdp_1992q1_2009q1,5.0,30,0.021000000000000005,0.021000000000000005,0.021000000000000005,8,8,0.26666666666666666,0.26666666666666666,False
us,PRGDP,real_gdp,2002,4,2003,,next_year,1.0,5,prgdp_1992q1_2009q1,10.0,30,0.0,0.005666666666666666,,0,5,0.0,0.16666666666666666,True
us,PRGDP,real_gdp,2003,1,2003,,current_year,0.0,4,prgdp_1992q1_2009q1,3.0,33,0.24363636363636362,0.24363636363636362,0.24363636363636362,30,30,0.9090909090909091,0.9090909090909091,False
us,PRGDP,real_gdp,2003,1,2003,,current_year,0.0,4,prgdp_1992q1_2009q1,4.0,33,0.06060606060606061,0.06060606060606061,0.06060606060606061,15,15,0.45454545454545453,0.45454545454545453,False
us,PRGDP,real_gdp,2003,1,2003,,current_year,0.0,4,prgdp_1992q1_2009q1,5.0,33,0.014545454545454549,0.014545454545454549,0.014545454545454549,6,6,0.18181818181818182,0.18181818181818182,False
us,PRGDP,real_gdp,2003,1,2003,,current_year,0.0,4,prgdp_1992q1_2009q1,10.0,33,0.0,0.00393939393939394,,0,3,0.0,0.09090909090909091,True
us,PRGDP,real_gdp,2003,1,2004,,next_year,1.0,8,prgdp_1992q1_2009q1,3.0,33,0.6015151515151516,0.6015151515151516,0.6015151515151516,33,33,1.0,1.0,False
us,PRGDP,real_gdp,2003,1,2004,,next_year,1.0,8,prgdp_1992q1_2009q1,4.0,33,0.23,0.23,0.23,29,29,0.8787878787878788,0.8787878787878788,False
us,PRGDP,real_gdp,2003,1,2004,,next_year,1.0,8,prgdp_1992q1_2009q1,5.0,33,0.06151515151515152,0.06151515151515152,0.06151515151515152,14,14,0.42424242424242425,0.42424242424242425,False
us,PRGDP,real_gdp,2003,1,2004,,next_year,1.0,8,prgdp_1992q1_2009q1,10.0,33,0.0,0.014545454545454547,,0,10,0.0,0.30303030303030304,True
us,PRGDP,real_gdp,2003,2,2003,,current_year,0.0,3,prgdp_1992q1_2009q1,3.0,32,0.12178125000000001,0.12178125000000001,0.12178125000000001,24,24,0.75,0.75,False
us,PRGDP,real_gdp,2003,2,2003,,current_year,0.0,3,prgdp_1992q1_2009q1,4.0,32,0.033593750000000006,0.033593750000000006,0.033593750000000006,9,9,0.28125,0.28125,False
us,PRGDP,real_gdp,2003,2,2003,,current_year,0.0,3,prgdp_1992q1_2009q1,5.0,32,0.01103125,0.01103125,0.01103125,5,5,0.15625,0.15625,False
us,PRGDP,real_gdp,2003,2,2003,,current_year,0.0,3,prgdp_1992q1_2009q1,10.0,32,0.0,0.0024375,,0,4,0.0,0.125,True
us,PRGDP,real_gdp,2003,2,2004,,next_year,1.0,7,prgdp_1992q1_2009q1,3.0,32,0.56440625,0.56440625,0.56440625,32,32,1.0,1.0,False
us,PRGDP,real_gdp,2003,2,2004,,next_year,1.0,7,prgdp_1992q1_2009q1,4.0,32,0.17471875,0.17471875,0.17471875,26,26,0.8125,0.8125,False
us,PRGDP,real_gdp,2003,2,2004,,next_year,1.0,7,prgdp_1992q1_2009q1,5.0,32,0.04565625000000001,0.04565625000000001,0.04565625000000001,13,13,0.40625,0.40625,False
us,PRGDP,real_gdp,2003,2,2004,,next_year,1.0,7,prgdp_1992q1_2009q1,10.0,32,0.0,0.01171875,,0,10,0.0,0.3125,True
us,PRGDP,real_gdp,2003,3,2003,,current_year,0.0,2,prgdp_1992q1_2009q1,3.0,25,0.156,0.156,0.156,20,20,0.8,0.8,False
us,PRGDP,real_gdp,2003,3,2003,,current_year,0.0,2,prgdp_1992q1_2009q1,4.0,25,0.0256,0.0256,0.0256,6,6,0.24,0.24,False
us,PRGDP,real_gdp,2003,3,2003,,current_year,0.0,2,prgdp_1992q1_2009q1,5.0,25,0.0044,0.0044,0.0044,1,1,0.04,0.04,False
us,PRGDP,real_gdp,2003,3,2003,,current_year,0.0,2,prgdp_1992q1_2009q1,10.0,25,0.0,0.0004,,0,1,0.0,0.04,True
us,PRGDP,real_gdp,2003,3,2004,,next_year,1.0,6,prgdp_1992q1_2009q1,3.0,25,0.7228,0.7228,0.7228,25,25,1.0,1.0,False
us,PRGDP,real_gdp,2003,3,2004,,next_year,1.0,6,prgdp_1992q1_2009q1,4.0,25,0.24760000000000001,0.24760000000000001,0.24760000000000001,23,23,0.92,0.92,False
us,PRGDP,real_gdp,2003,3,2004,,next_year,1.0,6,prgdp_1992q1_2009q1,5.0,25,0.0588,0.0588,0.0588,12,12,0.48,0.48,False
us,PRGDP,real_gdp,2003,3,2004,,next_year,1.0,6,prgdp_1992q1_2009q1,10.0,25,0.0,0.0076,,0,4,0.0,0.16,True
us,PRGDP,real_gdp,2003,4,2003,,current_year,0.0,1,prgdp_1992q1_2009q1,3.0,30,0.4433333333333333,0.4433333333333333,0.4433333333333333,30,30,1.0,1.0,False
us,PRGDP,real_gdp,2003,4,2003,,current_year,0.0,1,prgdp_1992q1_2009q1,4.0,30,0.06233333333333334,0.06233333333333334,0.06233333333333334,10,10,0.3333333333333333,0.3333333333333333,False
us,PRGDP,real_gdp,2003,4,2003,,current_year,0.0,1,prgdp_1992q1_2009q1,5.0,30,0.008666666666666666,0.008666666666666666,0.008666666666666666,3,3,0.1,0.1,False
us,PRGDP,real_gdp,2003,4,2003,,current_year,0.0,1,prgdp_1992q1_2009q1,10.0,30,0.0,0.0016666666666666668,,0,1,0.0,0.03333333333333333,True
us,PRGDP,real_gdp,2003,4,2004,,next_year,1.0,5,prgdp_1992q1_2009q1,3.0,29,0.8279310344827584,0.8279310344827584,0.8279310344827585,29,29,1.0,1.0,False
us,PRGDP,real_gdp,2003,4,2004,,next_year,1.0,5,prgdp_1992q1_2009q1,4.0,29,0.506896551724138,0.506896551724138,0.506896551724138,29,29,1.0,1.0,False
us,PRGDP,real_gdp,2003,4,2004,,next_year,1.0,5,prgdp_1992q1_2009q1,5.0,29,0.10620689655172416,0.10620689655172416,0.10620689655172416,21,21,0.7241379310344828,0.7241379310344828,False
us,PRGDP,real_gdp,2003,4,2004,,next_year,1.0,5,prgdp_1992q1_2009q1,10.0,29,0.0,0.022068965517241385,,0,10,0.0,0.3448275862068966,True
us,PRGDP,real_gdp,2004,1,2004,,current_year,0.0,4,prgdp_1992q1_2009q1,3.0,27,0.8737037037037035,0.8737037037037035,0.8737037037037035,27,27,1.0,1.0,False
us,PRGDP,real_gdp,2004,1,2004,,current_year,0.0,4,prgdp_1992q1_2009q1,4.0,27,0.6770370370370371,0.6770370370370371,0.6770370370370371,27,27,1.0,1.0,False
us,PRGDP,real_gdp,2004,1,2004,,current_year,0.0,4,prgdp_1992q1_2009q1,5.0,27,0.2270370370370371,0.2270370370370371,0.2270370370370371,26,26,0.9629629629629629,0.9629629629629629,False
us,PRGDP,real_gdp,2004,1,2004,,current_year,0.0,4,prgdp_1992q1_2009q1,10.0,27,0.0,0.049629629629629635,,0,18,0.0,0.6666666666666666,True
us,PRGDP,real_gdp,2004,1,2005,,next_year,1.0,8,prgdp_1992q1_2009q1,3.0,27,0.7666666666666666,0.7666666666666666,0.7666666666666666,27,27,1.0,1.0,False
us,PRGDP,real_gdp,2004,1,2005,,next_year,1.0,8,prgdp_1992q1_2009q1,4.0,27,0.425925925925926,0.425925925925926,0.425925925925926,27,27,1.0,1.0,False
us,PRGDP,real_gdp,2004,1,2005,,next_year,1.0,8,prgdp_1992q1_2009q1,5.0,27,0.13185185185185186,0.13185185185185186,0.13185185185185186,25,25,0.9259259259259259,0.9259259259259259,False
us,PRGDP,real_gdp,2004,1,2005,,next_year,1.0,8,prgdp_1992q1_2009q1,10.0,27,0.0,0.032962962962962965,,0,13,0.0,0.48148148148148145,True
us,PRGDP,real_gdp,2004,2,2004,,current_year,0.0,3,prgdp_1992q1_2009q1,3.0,29,0.9420689655172413,0.9420689655172413,0.9420689655172413,29,29,1.0,1.0,False
us,PRGDP,real_gdp,2004,2,2004,,current_year,0.0,3,prgdp_1992q1_2009q1,4.0,29,0.7879310344827587,0.7879310344827587,0.7879310344827587,29,29,1.0,1.0,False
us,PRGDP,real_gdp,2004,2,2004,,current_year,0.0,3,prgdp_1992q1_2009q1,5.0,29,0.24620689655172417,0.24620689655172417,0.24620689655172417,26,26,0.896551724137931,0.896551724137931,False
us,PRGDP,real_gdp,2004,2,2004,,current_year,0.0,3,prgdp_1992q1_2009q1,10.0,29,0.0,0.04310344827586208,,0,16,0.0,0.5517241379310345,True
us,PRGDP,real_gdp,2004,2,2005,,next_year,1.0,7,prgdp_1992q1_2009q1,3.0,29,0.8065517241379311,0.8065517241379311,0.8065517241379311,29,29,1.0,1.0,False
us,PRGDP,real_gdp,2004,2,2005,,next_year,1.0,7,prgdp_1992q1_2009q1,4.0,29,0.4427586206896551,0.4427586206896551,0.4427586206896551,28,28,0.9655172413793104,0.9655172413793104,False
us,PRGDP,real_gdp,2004,2,2005,,next_year,1.0,7,prgdp_1992q1_2009q1,5.0,29,0.1396551724137931,0.1396551724137931,0.1396551724137931,23,23,0.7931034482758621,0.7931034482758621,False
us,PRGDP,real_gdp,2004,2,2005,,next_year,1.0,7,prgdp_1992q1_2009q1,10.0,29,0.0,0.02827586206896552,,0,12,0.0,0.41379310344827586,True
us,PRGDP,real_gdp,2004,3,2004,,current_year,0.0,2,prgdp_1992q1_2009q1,3.0,28,0.9425,0.9425,0.9425,28,28,1.0,1.0,False
us,PRGDP,real_gdp,2004,3,2004,,current_year,0.0,2,prgdp_1992q1_2009q1,4.0,28,0.7078571428571429,0.7078571428571429,0.7078571428571429,28,28,1.0,1.0,False
us,PRGDP,real_gdp,2004,3,2004,,current_year,0.0,2,prgdp_1992q1_2009q1,5.0,28,0.0985714285714286,0.0985714285714286,0.0985714285714286,21,21,0.75,0.75,False
us,PRGDP,real_gdp,2004,3,2004,,current_year,0.0,2,prgdp_1992q1_2009q1,10.0,28,0.0,0.010714285714285716,,0,5,0.0,0.17857142857142858,True
us,PRGDP,real_gdp,2004,3,2005,,next_year,1.0,6,prgdp_1992q1_2009q1,3.0,28,0.7864285714285714,0.7864285714285714,0.7864285714285714,28,28,1.0,1.0,False
us,PRGDP,real_gdp,2004,3,2005,,next_year,1.0,6,prgdp_1992q1_2009q1,4.0,28,0.3614285714285715,0.3614285714285715,0.3614285714285715,27,27,0.9642857142857143,0.9642857142857143,False
us,PRGDP,real_gdp,2004,3,2005,,next_year,1.0,6,prgdp_1992q1_2009q1,5.0,28,0.09642857142857142,0.09642857142857142,0.09642857142857142,21,21,0.75,0.75,False
us,PRGDP,real_gdp,2004,3,2005,,next_year,1.0,6,prgdp_1992q1_2009q1,10.0,28,0.0,0.02035714285714286,,0,8,0.0,0.2857142857142857,True
us,PRGDP,real_gdp,2004,4,2004,,current_year,0.0,1,prgdp_1992q1_2009q1,3.0,31,0.9819354838709677,0.9819354838709677,0.9819354838709677,31,31,1.0,1.0,False
us,PRGDP,real_gdp,2004,4,2004,,current_year,0.0,1,prgdp_1992q1_2009q1,4.0,31,0.812258064516129,0.812258064516129,0.812258064516129,31,31,1.0,1.0,False
us,PRGDP,real_gdp,2004,4,2004,,current_year,0.0,1,prgdp_1992q1_2009q1,5.0,31,0.06612903225806452,0.06612903225806452,0.06612903225806452,17,17,0.5483870967741935,0.5483870967741935,False
us,PRGDP,real_gdp,2004,4,2004,,current_year,0.0,1,prgdp_1992q1_2009q1,10.0,31,0.0,0.005483870967741936,,0,4,0.0,0.12903225806451613,True
us,PRGDP,real_gdp,2004,4,2005,,next_year,1.0,5,prgdp_1992q1_2009q1,3.0,31,0.7293548387096773,0.7293548387096773,0.7293548387096773,30,30,0.967741935483871,0.967741935483871,False
us,PRGDP,real_gdp,2004,4,2005,,next_year,1.0,5,prgdp_1992q1_2009q1,4.0,31,0.26903225806451614,0.26903225806451614,0.26903225806451614,29,29,0.9354838709677419,0.9354838709677419,False
us,PRGDP,real_gdp,2004,4,2005,,next_year,1.0,5,prgdp_1992q1_2009q1,5.0,31,0.053870967741935484,0.053870967741935484,0.053870967741935484,17,17,0.5483870967741935,0.5483870967741935,False
us,PRGDP,real_gdp,2004,4,2005,,next_year,1.0,5,prgdp_1992q1_2009q1,10.0,31,0.0,0.012258064516129034,,0,6,0.0,0.1935483870967742,True
us,PRGDP,real_gdp,2005,1,2005,,current_year,0.0,4,prgdp_1992q1_2009q1,3.0,33,0.779878787878788,0.779878787878788,0.779878787878788,33,33,1.0,1.0,False
us,PRGDP,real_gdp,2005,1,2005,,current_year,0.0,4,prgdp_1992q1_2009q1,4.0,33,0.29927272727272725,0.29927272727272725,0.29927272727272725,31,31,0.9393939393939394,0.9393939393939394,False
us,PRGDP,real_gdp,2005,1,2005,,current_year,0.0,4,prgdp_1992q1_2009q1,5.0,33,0.04787878787878788,0.04787878787878788,0.04787878787878788,16,16,0.48484848484848486,0.48484848484848486,False
us,PRGDP,real_gdp,2005,1,2005,,current_year,0.0,4,prgdp_1992q1_2009q1,10.0,33,0.0,0.00696969696969697,,0,7,0.0,0.21212121212121213,True
us,PRGDP,real_gdp,2005,1,2006,,next_year,1.0,8,prgdp_1992q1_2009q1,3.0,31,0.6867741935483871,0.6867741935483871,0.6867741935483871,31,31,1.0,1.0,False
us,PRGDP,real_gdp,2005,1,2006,,next_year,1.0,8,prgdp_1992q1_2009q1,4.0,31,0.25806451612903225,0.25806451612903225,0.25806451612903225,27,27,0.8709677419354839,0.8709677419354839,False
us,PRGDP,real_gdp,2005,1,2006,,next_year,1.0,8,prgdp_1992q1_2009q1,5.0,31,0.06129032258064516,0.06129032258064516,0.06129032258064516,15,15,0.4838709677419355,0.4838709677419355,False
us,PRGDP,real_gdp,2005,1,2006,,next_year,1.0,8,prgdp_1992q1_2009q1,10.0,31,0.0,0.012903225806451613,,0,9,0.0,0.2903225806451613,True
us,PRGDP,real_gdp,2005,2,2005,,current_year,0.0,3,prgdp_1992q1_2009q1,3.0,45,0.7874444444444444,0.7874444444444444,0.7874444444444444,45,45,1.0,1.0,False
us,PRGDP,real_gdp,2005,2,2005,,current_year,0.0,3,prgdp_1992q1_2009q1,4.0,45,0.20188888888888887,0.20188888888888887,0.20188888888888887,43,43,0.9555555555555556,0.9555555555555556,False
us,PRGDP,real_gdp,2005,2,2005,,current_year,0.0,3,prgdp_1992q1_2009q1,5.0,45,0.026777777777777786,0.026777777777777786,0.026777777777777786,20,20,0.4444444444444444,0.4444444444444444,False
us,PRGDP,real_gdp,2005,2,2005,,current_year,0.0,3,prgdp_1992q1_2009q1,10.0,45,0.0,0.002888888888888889,,0,7,0.0,0.15555555555555556,True
us,PRGDP,real_gdp,2005,2,2006,,next_year,1.0,7,prgdp_1992q1_2009q1,3.0,43,0.6881225750993194,0.6881225750993194,0.6881225750993194,43,43,1.0,1.0,False
us,PRGDP,real_gdp,2005,2,2006,,next_year,1.0,7,prgdp_1992q1_2009q1,4.0,43,0.20836791115860887,0.20836791115860887,0.20836791115860887,40,40,0.9302325581395349,0.9302325581395349,False
us,PRGDP,real_gdp,2005,2,2006,,next_year,1.0,7,prgdp_1992q1_2009q1,5.0,43,0.0448597681388379,0.0448597681388379,0.0448597681388379,23,23,0.5348837209302325,0.5348837209302325,False
us,PRGDP,real_gdp,2005,2,2006,,next_year,1.0,7,prgdp_1992q1_2009q1,10.0,43,0.0,0.007790465348604885,,0,10,0.0,0.23255813953488372,True
us,PRGDP,real_gdp,2005,3,2005,,current_year,0.0,2,prgdp_1992q1_2009q1,3.0,52,0.8486538461538461,0.8486538461538461,0.8486538461538461,52,52,1.0,1.0,False
us,PRGDP,real_gdp,2005,3,2005,,current_year,0.0,2,prgdp_1992q1_2009q1,4.0,52,0.19423076923076926,0.19423076923076926,0.19423076923076926,47,47,0.9038461538461539,0.9038461538461539,False
us,PRGDP,real_gdp,2005,3,2005,,current_year,0.0,2,prgdp_1992q1_2009q1,5.0,52,0.025192307692307687,0.025192307692307687,0.025192307692307687,22,22,0.4230769230769231,0.4230769230769231,False
us,PRGDP,real_gdp,2005,3,2005,,current_year,0.0,2,prgdp_1992q1_2009q1,10.0,52,0.0,0.0028846153846153843,,0,6,0.0,0.11538461538461539,True
us,PRGDP,real_gdp,2005,3,2006,,next_year,1.0,6,prgdp_1992q1_2009q1,3.0,50,0.6432000000000001,0.6432000000000001,0.6432000000000001,50,50,1.0,1.0,False
us,PRGDP,real_gdp,2005,3,2006,,next_year,1.0,6,prgdp_1992q1_2009q1,4.0,50,0.16979999999999998,0.16979999999999998,0.16979999999999998,42,42,0.84,0.84,False
us,PRGDP,real_gdp,2005,3,2006,,next_year,1.0,6,prgdp_1992q1_2009q1,5.0,50,0.033,0.033,0.033,21,21,0.42,0.42,False
us,PRGDP,real_gdp,2005,3,2006,,next_year,1.0,6,prgdp_1992q1_2009q1,10.0,50,0.0,0.0068000000000000005,,0,13,0.0,0.26,True
us,PRGDP,real_gdp,2005,4,2005,,current_year,0.0,1,prgdp_1992q1_2009q1,3.0,47,0.9254255319148937,0.9254255319148937,0.9254255319148937,47,47,1.0,1.0,False
us,PRGDP,real_gdp,2005,4,2005,,current_year,0.0,1,prgdp_1992q1_2009q1,4.0,47,0.0875531914893617,0.0875531914893617,0.0875531914893617,34,34,0.723404255319149,0.723404255319149,False
us,PRGDP,real_gdp,2005,4,2005,,current_year,0.0,1,prgdp_1992q1_2009q1,5.0,47,0.007659574468085106,0.007659574468085106,0.007659574468085106,8,8,0.1702127659574468,0.1702127659574468,False
us,PRGDP,real_gdp,2005,4,2005,,current_year,0.0,1,prgdp_1992q1_2009q1,10.0,47,0.0,0.000851063829787234,,0,4,0.0,0.0851063829787234,True
us,PRGDP,real_gdp,2005,4,2006,,next_year,1.0,5,prgdp_1992q1_2009q1,3.0,47,0.66,0.66,0.6600000000000001,46,46,0.9787234042553191,0.9787234042553191,False
us,PRGDP,real_gdp,2005,4,2006,,next_year,1.0,5,prgdp_1992q1_2009q1,4.0,47,0.16085106382978723,0.16085106382978723,0.16085106382978723,42,42,0.8936170212765957,0.8936170212765957,False
us,PRGDP,real_gdp,2005,4,2006,,next_year,1.0,5,prgdp_1992q1_2009q1,5.0,47,0.02702127659574468,0.02702127659574468,0.02702127659574468,21,21,0.44680851063829785,0.44680851063829785,False
us,PRGDP,real_gdp,2005,4,2006,,next_year,1.0,5,prgdp_1992q1_2009q1,10.0,47,0.0,0.005638297872340426,,0,10,0.0,0.2127659574468085,True
us,PRGDP,real_gdp,2006,1,2006,,current_year,0.0,4,prgdp_1992q1_2009q1,3.0,50,0.6381,0.6381,0.6381,50,50,1.0,1.0,False
us,PRGDP,real_gdp,2006,1,2006,,current_year,0.0,4,prgdp_1992q1_2009q1,4.0,50,0.139,0.139,0.139,43,43,0.86,0.86,False
us,PRGDP,real_gdp,2006,1,2006,,current_year,0.0,4,prgdp_1992q1_2009q1,5.0,50,0.0175,0.0175,0.0175,18,18,0.36,0.36,False
us,PRGDP,real_gdp,2006,1,2006,,current_year,0.0,4,prgdp_1992q1_2009q1,10.0,50,0.0,0.0021000000000000003,,0,6,0.0,0.12,True
us,PRGDP,real_gdp,2006,1,2007,,next_year,1.0,8,prgdp_1992q1_2009q1,3.0,50,0.5077999999999999,0.5077999999999999,0.5077999999999999,50,50,1.0,1.0,False
us,PRGDP,real_gdp,2006,1,2007,,next_year,1.0,8,prgdp_1992q1_2009q1,4.0,50,0.11559999999999998,0.11559999999999998,0.11559999999999998,41,41,0.82,0.82,False
us,PRGDP,real_gdp,2006,1,2007,,next_year,1.0,8,prgdp_1992q1_2009q1,5.0,50,0.015500000000000003,0.015500000000000003,0.015500000000000003,18,18,0.36,0.36,False
us,PRGDP,real_gdp,2006,1,2007,,next_year,1.0,8,prgdp_1992q1_2009q1,10.0,50,0.0,0.002,,0,8,0.0,0.16,True
us,PRGDP,real_gdp,2006,2,2006,,current_year,0.0,3,prgdp_1992q1_2009q1,3.0,50,0.7580000000000001,0.7580000000000001,0.7580000000000001,50,50,1.0,1.0,False
us,PRGDP,real_gdp,2006,2,2006,,current_year,0.0,3,prgdp_1992q1_2009q1,4.0,50,0.14579999999999999,0.14579999999999999,0.14579999999999999,41,41,0.82,0.82,False
us,PRGDP,real_gdp,2006,2,2006,,current_year,0.0,3,prgdp_1992q1_2009q1,5.0,50,0.0246,0.0246,0.0246,20,20,0.4,0.4,False
us,PRGDP,real_gdp,2006,2,2006,,current_year,0.0,3,prgdp_1992q1_2009q1,10.0,50,0.0,0.0048000000000000004,,0,7,0.0,0.14,True
us,PRGDP,real_gdp,2006,2,2007,,next_year,1.0,7,prgdp_1992q1_2009q1,3.0,48,0.5027083333333333,0.5027083333333333,0.5027083333333333,48,48,1.0,1.0,False
us,PRGDP,real_gdp,2006,2,2007,,next_year,1.0,7,prgdp_1992q1_2009q1,4.0,48,0.12260416666666667,0.12260416666666667,0.12260416666666667,38,38,0.7916666666666666,0.7916666666666666,False
us,PRGDP,real_gdp,2006,2,2007,,next_year,1.0,7,prgdp_1992q1_2009q1,5.0,48,0.021666666666666667,0.021666666666666667,0.021666666666666667,23,23,0.4791666666666667,0.4791666666666667,False
us,PRGDP,real_gdp,2006,2,2007,,next_year,1.0,7,prgdp_1992q1_2009q1,10.0,48,0.0,0.002916666666666667,,0,8,0.0,0.16666666666666666,True
us,PRGDP,real_gdp,2006,3,2006,,current_year,0.0,2,prgdp_1992q1_2009q1,3.0,47,0.7124623308821085,0.7124623308821085,0.7124623308821085,47,47,1.0,1.0,False
us,PRGDP,real_gdp,2006,3,2006,,current_year,0.0,2,prgdp_1992q1_2009q1,4.0,47,0.09181538660949663,0.09181538660949663,0.09181538660949663,28,28,0.5957446808510638,0.5957446808510638,False
us,PRGDP,real_gdp,2006,3,2006,,current_year,0.0,2,prgdp_1992q1_2009q1,5.0,47,0.01724024724645194,0.01724024724645194,0.01724024724645194,12,12,0.2553191489361702,0.2553191489361702,False
us,PRGDP,real_gdp,2006,3,2006,,current_year,0.0,2,prgdp_1992q1_2009q1,10.0,47,0.0,0.004441046754433934,,0,6,0.0,0.1276595744680851,True
us,PRGDP,real_gdp,2006,3,2007,,next_year,1.0,6,prgdp_1992q1_2009q1,3.0,46,0.38712560386473427,0.38712560386473427,0.38712560386473427,44,44,0.9565217391304348,0.9565217391304348,False
us,PRGDP,real_gdp,2006,3,2007,,next_year,1.0,6,prgdp_1992q1_2009q1,4.0,46,0.07870168674516502,0.07870168674516502,0.07870168674516502,23,23,0.5,0.5,False
us,PRGDP,real_gdp,2006,3,2007,,next_year,1.0,6,prgdp_1992q1_2009q1,5.0,46,0.014987919987919991,0.014987919987919991,0.014987919987919991,11,11,0.2391304347826087,0.2391304347826087,False
us,PRGDP,real_gdp,2006,3,2007,,next_year,1.0,6,prgdp_1992q1_2009q1,10.0,46,0.0,0.004891307065220109,,0,6,0.0,0.13043478260869565,True
us,PRGDP,real_gdp,2006,4,2006,,current_year,0.0,1,prgdp_1992q1_2009q1,3.0,46,0.7584239130434781,0.7584239130434781,0.7584239130434781,44,44,0.9565217391304348,0.9565217391304348,False
us,PRGDP,real_gdp,2006,4,2006,,current_year,0.0,1,prgdp_1992q1_2009q1,4.0,46,0.028206521739130436,0.028206521739130436,0.028206521739130436,18,18,0.391304347826087,0.391304347826087,False
us,PRGDP,real_gdp,2006,4,2006,,current_year,0.0,1,prgdp_1992q1_2009q1,5.0,46,0.004130434782608695,0.004130434782608695,0.004130434782608695,5,5,0.10869565217391304,0.10869565217391304,False
us,PRGDP,real_gdp,2006,4,2006,,current_year,0.0,1,prgdp_1992q1_2009q1,10.0,46,0.0,0.0010869565217391304,,0,3,0.0,0.06521739130434782,True
us,PRGDP,real_gdp,2006,4,2007,,next_year,1.0,5,prgdp_1992q1_2009q1,3.0,46,0.23847826086956522,0.23847826086956522,0.23847826086956522,40,40,0.8695652173913043,0.8695652173913043,False
us,PRGDP,real_gdp,2006,4,2007,,next_year,1.0,5,prgdp_1992q1_2009q1,4.0,46,0.0441304347826087,0.0441304347826087,0.0441304347826087,20,20,0.43478260869565216,0.43478260869565216,False
us,PRGDP,real_gdp,2006,4,2007,,next_year,1.0,5,prgdp_1992q1_2009q1,5.0,46,0.011086956521739131,0.011086956521739131,0.011086956521739131,9,9,0.1956521739130435,0.1956521739130435,False
us,PRGDP,real_gdp,2006,4,2007,,next_year,1.0,5,prgdp_1992q1_2009q1,10.0,46,0.0,0.00391304347826087,,0,6,0.0,0.13043478260869565,True
us,PRGDP,real_gdp,2007,1,2007,,current_year,0.0,4,prgdp_1992q1_2009q1,3.0,46,0.3210869565217391,0.3210869565217391,0.3210869565217391,45,45,0.9782608695652174,0.9782608695652174,False
us,PRGDP,real_gdp,2007,1,2007,,current_year,0.0,4,prgdp_1992q1_2009q1,4.0,46,0.04065217391304349,0.04065217391304349,0.04065217391304349,22,22,0.4782608695652174,0.4782608695652174,False
us,PRGDP,real_gdp,2007,1,2007,,current_year,0.0,4,prgdp_1992q1_2009q1,5.0,46,0.004565217391304347,0.004565217391304347,0.004565217391304347,7,7,0.15217391304347827,0.15217391304347827,False
us,PRGDP,real_gdp,2007,1,2007,,current_year,0.0,4,prgdp_1992q1_2009q1,10.0,46,0.0,0.0008695652173913044,,0,3,0.0,0.06521739130434782,True
us,PRGDP,real_gdp,2007,1,2008,,next_year,1.0,8,prgdp_1992q1_2009q1,3.0,42,0.4823809523809524,0.4823809523809524,0.4823809523809524,41,41,0.9761904761904762,0.9761904761904762,False
us,PRGDP,real_gdp,2007,1,2008,,next_year,1.0,8,prgdp_1992q1_2009q1,4.0,42,0.08666666666666667,0.08666666666666667,0.08666666666666667,29,29,0.6904761904761905,0.6904761904761905,False
us,PRGDP,real_gdp,2007,1,2008,,next_year,1.0,8,prgdp_1992q1_2009q1,5.0,42,0.014761904761904763,0.014761904761904763,0.014761904761904763,12,12,0.2857142857142857,0.2857142857142857,False
us,PRGDP,real_gdp,2007,1,2008,,next_year,1.0,8,prgdp_1992q1_2009q1,10.0,42,0.0,0.002857142857142857,,0,6,0.0,0.14285714285714285,True
us,PRGDP,real_gdp,2007,2,2007,,current_year,0.0,3,prgdp_1992q1_2009q1,3.0,48,0.13645833333333335,0.13645833333333335,0.13645833333333335,35,35,0.7291666666666666,0.7291666666666666,False
us,PRGDP,real_gdp,2007,2,2007,,current_year,0.0,3,prgdp_1992q1_2009q1,4.0,48,0.025625000000000005,0.025625000000000005,0.025625000000000005,18,18,0.375,0.375,False
us,PRGDP,real_gdp,2007,2,2007,,current_year,0.0,3,prgdp_1992q1_2009q1,5.0,48,0.0075,0.0075,0.0075,8,8,0.16666666666666666,0.16666666666666666,False
us,PRGDP,real_gdp,2007,2,2007,,current_year,0.0,3,prgdp_1992q1_2009q1,10.0,48,0.0,0.001875,,0,5,0.0,0.10416666666666667,True
us,PRGDP,real_gdp,2007,2,2008,,next_year,1.0,7,prgdp_1992q1_2009q1,3.0,47,0.3219148936170213,0.3219148936170213,0.3219148936170213,44,44,0.9361702127659575,0.9361702127659575,False
us,PRGDP,real_gdp,2007,2,2008,,next_year,1.0,7,prgdp_1992q1_2009q1,4.0,47,0.058723404255319155,0.058723404255319155,0.058723404255319155,26,26,0.5531914893617021,0.5531914893617021,False
us,PRGDP,real_gdp,2007,2,2008,,next_year,1.0,7,prgdp_1992q1_2009q1,5.0,47,0.011276595744680852,0.011276595744680852,0.011276595744680852,13,13,0.2765957446808511,0.2765957446808511,False
us,PRGDP,real_gdp,2007,2,2008,,next_year,1.0,7,prgdp_1992q1_2009q1,10.0,47,0.0,0.002553191489361702,,0,6,0.0,0.1276595744680851,True
us,PRGDP,real_gdp,2007,3,2007,,current_year,0.0,2,prgdp_1992q1_2009q1,3.0,44,0.07727272727272726,0.07727272727272726,0.07727272727272726,27,27,0.6136363636363636,0.6136363636363636,False
us,PRGDP,real_gdp,2007,3,2007,,current_year,0.0,2,prgdp_1992q1_2009q1,4.0,44,0.008522727272727274,0.008522727272727274,0.008522727272727274,9,9,0.20454545454545456,0.20454545454545456,False
us,PRGDP,real_gdp,2007,3,2007,,current_year,0.0,2,prgdp_1992q1_2009q1,5.0,44,0.002613636363636364,0.002613636363636364,0.002613636363636364,5,5,0.11363636363636363,0.11363636363636363,False
us,PRGDP,real_gdp,2007,3,2007,,current_year,0.0,2,prgdp_1992q1_2009q1,10.0,44,0.0,0.0007954545454545454,,0,3,0.0,0.06818181818181818,True
us,PRGDP,real_gdp,2007,3,2008,,next_year,1.0,6,prgdp_1992q1_2009q1,3.0,44,0.2913636363636364,0.2913636363636364,0.2913636363636364,38,38,0.8636363636363636,0.8636363636363636,False
us,PRGDP,real_gdp,2007,3,2008,,next_year,1.0,6,prgdp_1992q1_2009q1,4.0,44,0.037500000000000006,0.037500000000000006,0.037500000000000006,22,22,0.5,0.5,False
us,PRGDP,real_gdp,2007,3,2008,,next_year,1.0,6,prgdp_1992q1_2009q1,5.0,44,0.00625,0.00625,0.00625,11,11,0.25,0.25,False
us,PRGDP,real_gdp,2007,3,2008,,next_year,1.0,6,prgdp_1992q1_2009q1,10.0,44,0.0,0.0014772727272727272,,0,5,0.0,0.11363636363636363,True
us,PRGDP,real_gdp,2007,4,2007,,current_year,0.0,1,prgdp_1992q1_2009q1,3.0,45,0.07138888888888888,0.07138888888888888,0.07138888888888888,20,20,0.4444444444444444,0.4444444444444444,False
us,PRGDP,real_gdp,2007,4,2007,,current_year,0.0,1,prgdp_1992q1_2009q1,4.0,45,0.011333333333333334,0.011333333333333334,0.011333333333333334,4,4,0.08888888888888889,0.08888888888888889,False
us,PRGDP,real_gdp,2007,4,2007,,current_year,0.0,1,prgdp_1992q1_2009q1,5.0,45,0.004,0.004,0.004,2,2,0.044444444444444446,0.044444444444444446,False
us,PRGDP,real_gdp,2007,4,2007,,current_year,0.0,1,prgdp_1992q1_2009q1,10.0,45,0.0,0.0006666666666666666,,0,2,0.0,0.044444444444444446,True
us,PRGDP,real_gdp,2007,4,2008,,next_year,1.0,5,prgdp_1992q1_2009q1,3.0,45,0.199,0.199,0.199,39,39,0.8666666666666667,0.8666666666666667,False
us,PRGDP,real_gdp,2007,4,2008,,next_year,1.0,5,prgdp_1992q1_2009q1,4.0,45,0.02722222222222222,0.02722222222222222,0.02722222222222222,15,15,0.3333333333333333,0.3333333333333333,False
us,PRGDP,real_gdp,2007,4,2008,,next_year,1.0,5,prgdp_1992q1_2009q1,5.0,45,0.006222222222222223,0.006222222222222223,0.006222222222222223,7,7,0.15555555555555556,0.15555555555555556,False
us,PRGDP,real_gdp,2007,4,2008,,next_year,1.0,5,prgdp_1992q1_2009q1,10.0,45,0.0,0.0015555555555555557,,0,4,0.0,0.08888888888888889,True
us,PRGDP,real_gdp,2008,1,2008,,current_year,0.0,4,prgdp_1992q1_2009q1,3.0,44,0.07231818181818182,0.07231818181818182,0.07231818181818181,24,24,0.5454545454545454,0.5454545454545454,False
us,PRGDP,real_gdp,2008,1,2008,,current_year,0.0,4,prgdp_1992q1_2009q1,4.0,44,0.020613636363636365,0.020613636363636365,0.020613636363636365,8,8,0.18181818181818182,0.18181818181818182,False
us,PRGDP,real_gdp,2008,1,2008,,current_year,0.0,4,prgdp_1992q1_2009q1,5.0,44,0.008204545454545454,0.008204545454545454,0.008204545454545454,5,5,0.11363636363636363,0.11363636363636363,False
us,PRGDP,real_gdp,2008,1,2008,,current_year,0.0,4,prgdp_1992q1_2009q1,10.0,44,0.0,0.0033636363636363634,,0,3,0.0,0.06818181818181818,True
us,PRGDP,real_gdp,2008,1,2009,,next_year,1.0,8,prgdp_1992q1_2009q1,3.0,41,0.2402926829268293,0.2402926829268293,0.2402926829268293,34,34,0.8292682926829268,0.8292682926829268,False
us,PRGDP,real_gdp,2008,1,2009,,next_year,1.0,8,prgdp_1992q1_2009q1,4.0,41,0.054073170731707317,0.054073170731707317,0.05407317073170731,19,19,0.4634146341463415,0.4634146341463415,False
us,PRGDP,real_gdp,2008,1,2009,,next_year,1.0,8,prgdp_1992q1_2009q1,5.0,41,0.015390243902439024,0.015390243902439024,0.015390243902439024,10,10,0.24390243902439024,0.24390243902439024,False
us,PRGDP,real_gdp,2008,1,2009,,next_year,1.0,8,prgdp_1992q1_2009q1,10.0,41,0.0,0.005073170731707317,,0,7,0.0,0.17073170731707318,True
us,PRGDP,real_gdp,2008,2,2008,,current_year,0.0,3,prgdp_1992q1_2009q1,3.0,44,0.03180604271653902,0.03180604271653902,0.03180604271653902,13,13,0.29545454545454547,0.29545454545454547,False
us,PRGDP,real_gdp,2008,2,2008,,current_year,0.0,3,prgdp_1992q1_2009q1,4.0,44,0.008681304237087708,0.008681304237087708,0.008681304237087708,7,7,0.1590909090909091,0.1590909090909091,False
us,PRGDP,real_gdp,2008,2,2008,,current_year,0.0,3,prgdp_1992q1_2009q1,5.0,44,0.003596207724634781,0.003596207724634781,0.003596207724634781,7,7,0.1590909090909091,0.1590909090909091,False
us,PRGDP,real_gdp,2008,2,2008,,current_year,0.0,3,prgdp_1992q1_2009q1,10.0,44,0.0,0.0008957056051812906,,0,5,0.0,0.11363636363636363,True
us,PRGDP,real_gdp,2008,2,2009,,next_year,1.0,7,prgdp_1992q1_2009q1,3.0,41,0.14200572244844187,0.14200572244844187,0.14200572244844187,33,33,0.8048780487804879,0.8048780487804879,False
us,PRGDP,real_gdp,2008,2,2009,,next_year,1.0,7,prgdp_1992q1_2009q1,4.0,41,0.031116040909833925,0.031116040909833925,0.031116040909833925,15,15,0.36585365853658536,0.36585365853658536,False
us,PRGDP,real_gdp,2008,2,2009,,next_year,1.0,7,prgdp_1992q1_2009q1,5.0,41,0.008232175750286062,0.008232175750286062,0.008232175750286062,9,9,0.21951219512195122,0.21951219512195122,False
us,PRGDP,real_gdp,2008,2,2009,,next_year,1.0,7,prgdp_1992q1_2009q1,10.0,41,0.0,0.002485646913586271,,0,8,0.0,0.1951219512195122,True
us,PRGDP,real_gdp,2008,3,2008,,current_year,0.0,2,prgdp_1992q1_2009q1,3.0,43,0.016413182936452678,0.016413182936452678,0.016413182936452678,11,11,0.2558139534883721,0.2558139534883721,False
us,PRGDP,real_gdp,2008,3,2008,,current_year,0.0,2,prgdp_1992q1_2009q1,4.0,43,0.003848428723947454,0.003848428723947454,0.003848428723947454,5,5,0.11627906976744186,0.11627906976744186,False
us,PRGDP,real_gdp,2008,3,2008,,current_year,0.0,2,prgdp_1992q1_2009q1,5.0,43,0.0013376317133175512,0.0013376317133175512,0.0013376317133175512,4,4,0.09302325581395349,0.09302325581395349,False
us,PRGDP,real_gdp,2008,3,2008,,current_year,0.0,2,prgdp_1992q1_2009q1,10.0,43,0.0,0.0003667919974005478,,0,3,0.0,0.06976744186046512,True
us,PRGDP,real_gdp,2008,3,2009,,next_year,1.0,6,prgdp_1992q1_2009q1,3.0,43,0.07338814673698393,0.07338814673698393,0.07338814673698395,25,25,0.5813953488372093,0.5813953488372093,False
us,PRGDP,real_gdp,2008,3,2009,,next_year,1.0,6,prgdp_1992q1_2009q1,4.0,43,0.012112910345468486,0.012112910345468486,0.012112910345468486,9,9,0.20930232558139536,0.20930232558139536,False
us,PRGDP,real_gdp,2008,3,2009,,next_year,1.0,6,prgdp_1992q1_2009q1,5.0,43,0.003172257974583556,0.003172257974583556,0.003172257974583556,4,4,0.09302325581395349,0.09302325581395349,False
us,PRGDP,real_gdp,2008,3,2009,,next_year,1.0,6,prgdp_1992q1_2009q1,10.0,43,0.0,0.0015220477197221383,,0,4,0.0,0.09302325581395349,True
us,PRGDP,real_gdp,2008,4,2008,,current_year,0.0,1,prgdp_1992q1_2009q1,3.0,47,0.0040108088517460455,0.0040108088517460455,0.0040108088517460455,5,5,0.10638297872340426,0.10638297872340426,False
us,PRGDP,real_gdp,2008,4,2008,,current_year,0.0,1,prgdp_1992q1_2009q1,4.0,47,0.0009575747239159169,0.0009575747239159169,0.0009575747239159169,3,3,0.06382978723404255,0.06382978723404255,False
us,PRGDP,real_gdp,2008,4,2008,,current_year,0.0,1,prgdp_1992q1_2009q1,5.0,47,0.000414978893958129,0.000414978893958129,0.000414978893958129,3,3,0.06382978723404255,0.06382978723404255,False
us,PRGDP,real_gdp,2008,4,2008,,current_year,0.0,1,prgdp_1992q1_2009q1,10.0,47,0.0,0.00014897880868119218,,0,3,0.0,0.06382978723404255,True
us,PRGDP,real_gdp,2008,4,2009,,next_year,1.0,5,prgdp_1992q1_2009q1,3.0,47,0.01938314927727796,0.01938314927727796,0.01938314927727796,12,12,0.2553191489361702,0.2553191489361702,False
us,PRGDP,real_gdp,2008,4,2009,,next_year,1.0,5,prgdp_1992q1_2009q1,4.0,47,0.0008511917451925127,0.0008511917451925127,0.0008511917451925127,4,4,0.0851063829787234,0.0851063829787234,False
us,PRGDP,real_gdp,2008,4,2009,,next_year,1.0,5,prgdp_1992q1_2009q1,5.0,47,0.00025540442587302265,0.00025540442587302265,0.00025540442587302265,4,4,0.0851063829787234,0.0851063829787234,False
us,PRGDP,real_gdp,2008,4,2009,,next_year,1.0,5,prgdp_1992q1_2009q1,10.0,47,0.0,7.45107235748092e-05,,0,4,0.0,0.0851063829787234,True
us,PRGDP,real_gdp,2009,1,2009,,current_year,0.0,4,prgdp_1992q1_2009q1,3.0,39,0.0020512820512820513,0.0020512820512820513,0.0020512820512820513,3,3,0.07692307692307693,0.07692307692307693,False
us,PRGDP,real_gdp,2009,1,2009,,current_year,0.0,4,prgdp_1992q1_2009q1,4.0,39,0.001282051282051282,0.001282051282051282,0.001282051282051282,3,3,0.07692307692307693,0.07692307692307693,False
us,PRGDP,real_gdp,2009,1,2009,,current_year,0.0,4,prgdp_1992q1_2009q1,5.0,39,0.000641025641025641,0.000641025641025641,0.000641025641025641,2,2,0.05128205128205128,0.05128205128205128,False
us,PRGDP,real_gdp,2009,1,2009,,current_year,0.0,4,prgdp_1992q1_2009q1,10.0,39,0.0,0.0002564102564102564,,0,1,0.0,0.02564102564102564,True
us,PRGDP,real_gdp,2009,1,2010,,next_year,1.0,8,prgdp_1992q1_2009q1,3.0,40,0.15625000000000003,0.15625000000000003,0.15625000000000003,24,24,0.6,0.6,False
us,PRGDP,real_gdp,2009,1,2010,,next_year,1.0,8,prgdp_1992q1_2009q1,4.0,40,0.04437500000000001,0.04437500000000001,0.04437500000000001,16,16,0.4,0.4,False
us,PRGDP,real_gdp,2009,1,2010,,next_year,1.0,8,prgdp_1992q1_2009q1,5.0,40,0.008875,0.008875,0.008875,6,6,0.15,0.15,False
us,PRGDP,real_gdp,2009,1,2010,,next_year,1.0,8,prgdp_1992q1_2009q1,10.0,40,0.0,0.00275,,0,4,0.0,0.1,True
us,PRGDP,real_gdp,2009,2,2009,,current_year,0.0,3,prgdp_2009q2_2020q1,3.0,46,0.0032173913043478265,0.0032173913043478265,0.0032173913043478265,2,2,0.043478260869565216,0.043478260869565216,False
us,PRGDP,real_gdp,2009,2,2009,,current_year,0.0,3,prgdp_2009q2_2020q1,4.0,46,0.0019347826086956524,0.0019347826086956524,0.0019347826086956524,2,2,0.043478260869565216,0.043478260869565216,False
us,PRGDP,real_gdp,2009,2,2009,,current_year,0.0,3,prgdp_2009q2_2020q1,5.0,46,0.001065217391304348,0.001065217391304348,0.001065217391304348,2,2,0.043478260869565216,0.043478260869565216,False
us,PRGDP,real_gdp,2009,2,2009,,current_year,0.0,3,prgdp_2009q2_2020q1,10.0,46,0.0,0.0004565217391304349,,0,2,0.0,0.043478260869565216,True
us,PRGDP,real_gdp,2009,2,2010,,next_year,1.0,7,prgdp_2009q2_2020q1,3.0,46,0.16410869565217392,0.16410869565217392,0.16410869565217392,33,33,0.717391304347826,0.717391304347826,False
us,PRGDP,real_gdp,2009,2,2010,,next_year,1.0,7,prgdp_2009q2_2020q1,4.0,46,0.03458695652173913,0.03458695652173913,0.03458695652173913,12,12,0.2608695652173913,0.2608695652173913,False
us,PRGDP,real_gdp,2009,2,2010,,next_year,1.0,7,prgdp_2009q2_2020q1,5.0,46,0.009434782608695654,0.009434782608695654,0.009434782608695654,7,7,0.15217391304347827,0.15217391304347827,False
us,PRGDP,real_gdp,2009,2,2010,,next_year,1.0,7,prgdp_2009q2_2020q1,10.0,46,0.0,0.003152173913043479,,0,5,0.0,0.10869565217391304,True
us,PRGDP,real_gdp,2009,2,2011,,year_after_next,2.0,11,prgdp_2009q2_2020q1,3.0,38,0.4318421052631579,0.4318421052631579,0.4318421052631579,37,37,0.9736842105263158,0.9736842105263158,False
us,PRGDP,real_gdp,2009,2,2011,,year_after_next,2.0,11,prgdp_2009q2_2020q1,4.0,38,0.17489473684210527,0.17489473684210527,0.17489473684210527,27,27,0.7105263157894737,0.7105263157894737,False
us,PRGDP,real_gdp,2009,2,2011,,year_after_next,2.0,11,prgdp_2009q2_2020q1,5.0,38,0.05039473684210526,0.05039473684210526,0.05039473684210526,15,15,0.39473684210526316,0.39473684210526316,False
us,PRGDP,real_gdp,2009,2,2011,,year_after_next,2.0,11,prgdp_2009q2_2020q1,10.0,38,0.0,0.00668421052631579,,0,6,0.0,0.15789473684210525,True
us,PRGDP,real_gdp,2009,2,2012,,three_years_ahead,3.0,15,prgdp_2009q2_2020q1,3.0,36,0.4705555555555555,0.4705555555555555,0.4705555555555555,35,35,0.9722222222222222,0.9722222222222222,False
us,PRGDP,real_gdp,2009,2,2012,,three_years_ahead,3.0,15,prgdp_2009q2_2020q1,4.0,36,0.2176666666666667,0.2176666666666667,0.21766666666666667,28,28,0.7777777777777778,0.7777777777777778,False
us,PRGDP,real_gdp,2009,2,2012,,three_years_ahead,3.0,15,prgdp_2009q2_2020q1,5.0,36,0.06347222222222222,0.06347222222222222,0.06347222222222222,15,15,0.4166666666666667,0.4166666666666667,False
us,PRGDP,real_gdp,2009,2,2012,,three_years_ahead,3.0,15,prgdp_2009q2_2020q1,10.0,36,0.0,0.009555555555555557,,0,7,0.0,0.19444444444444445,True
us,PRGDP,real_gdp,2009,3,2009,,current_year,0.0,2,prgdp_2009q2_2020q1,3.0,33,0.005359488995852632,0.005359488995852632,0.005359488995852632,2,2,0.06060606060606061,0.06060606060606061,False
us,PRGDP,real_gdp,2009,3,2009,,current_year,0.0,2,prgdp_2009q2_2020q1,4.0,33,0.003542820815548088,0.003542820815548088,0.003542820815548088,2,2,0.06060606060606061,0.06060606060606061,False
us,PRGDP,real_gdp,2009,3,2009,,current_year,0.0,2,prgdp_2009q2_2020q1,5.0,33,0.0021802439984258165,0.0021802439984258165,0.0021802439984258165,2,2,0.06060606060606061,0.06060606060606061,False
us,PRGDP,real_gdp,2009,3,2009,,current_year,0.0,2,prgdp_2009q2_2020q1,10.0,33,0.0,0.001120394756758393,,0,2,0.0,0.06060606060606061,True
us,PRGDP,real_gdp,2009,3,2010,,next_year,1.0,6,prgdp_2009q2_2020q1,3.0,34,0.2297058823529412,0.2297058823529412,0.2297058823529412,26,26,0.7647058823529411,0.7647058823529411,False
us,PRGDP,real_gdp,2009,3,2010,,next_year,1.0,6,prgdp_2009q2_2020q1,4.0,34,0.062264705882352944,0.062264705882352944,0.062264705882352944,13,13,0.38235294117647056,0.38235294117647056,False
us,PRGDP,real_gdp,2009,3,2010,,next_year,1.0,6,prgdp_2009q2_2020q1,5.0,34,0.01758823529411765,0.01758823529411765,0.01758823529411765,6,6,0.17647058823529413,0.17647058823529413,False
us,PRGDP,real_gdp,2009,3,2010,,next_year,1.0,6,prgdp_2009q2_2020q1,10.0,34,0.0,0.0048823529411764705,,0,5,0.0,0.14705882352941177,True
us,PRGDP,real_gdp,2009,3,2011,,year_after_next,2.0,10,prgdp_2009q2_2020q1,3.0,26,0.45073076923076916,0.45073076923076916,0.45073076923076916,26,26,1.0,1.0,False
us,PRGDP,real_gdp,2009,3,2011,,year_after_next,2.0,10,prgdp_2009q2_2020q1,4.0,26,0.156,0.156,0.156,16,16,0.6153846153846154,0.6153846153846154,False
us,PRGDP,real_gdp,2009,3,2011,,year_after_next,2.0,10,prgdp_2009q2_2020q1,5.0,26,0.04973076923076924,0.04973076923076924,0.04973076923076924,10,10,0.38461538461538464,0.38461538461538464,False
us,PRGDP,real_gdp,2009,3,2011,,year_after_next,2.0,10,prgdp_2009q2_2020q1,10.0,26,0.0,0.012423076923076924,,0,6,0.0,0.23076923076923078,True
us,PRGDP,real_gdp,2009,3,2012,,three_years_ahead,3.0,14,prgdp_2009q2_2020q1,3.0,24,0.48829166666666673,0.48829166666666673,0.48829166666666673,24,24,1.0,1.0,False
us,PRGDP,real_gdp,2009,3,2012,,three_years_ahead,3.0,14,prgdp_2009q2_2020q1,4.0,24,0.14200000000000002,0.14200000000000002,0.14200000000000002,19,19,0.7916666666666666,0.7916666666666666,False
us,PRGDP,real_gdp,2009,3,2012,,three_years_ahead,3.0,14,prgdp_2009q2_2020q1,5.0,24,0.03166666666666667,0.03166666666666667,0.03166666666666667,10,10,0.4166666666666667,0.4166666666666667,False
us,PRGDP,real_gdp,2009,3,2012,,three_years_ahead,3.0,14,prgdp_2009q2_2020q1,10.0,24,0.0,0.006333333333333333,,0,5,0.0,0.20833333333333334,True
us,PRGDP,real_gdp,2009,4,2009,,current_year,0.0,1,prgdp_2009q2_2020q1,3.0,40,0.008499999999999999,0.008499999999999999,0.008499999999999999,2,2,0.05,0.05,False
us,PRGDP,real_gdp,2009,4,2009,,current_year,0.0,1,prgdp_2009q2_2020q1,4.0,40,0.00075,0.00075,0.00075,1,1,0.025,0.025,False
us,PRGDP,real_gdp,2009,4,2009,,current_year,0.0,1,prgdp_2009q2_2020q1,5.0,40,0.0005,0.0005,0.0005,1,1,0.025,0.025,False
us,PRGDP,real_gdp,2009,4,2009,,current_year,0.0,1,prgdp_2009q2_2020q1,10.0,40,0.0,0.00025,,0,1,0.0,0.025,True
us,PRGDP,real_gdp,2009,4,2010,,next_year,1.0,5,prgdp_2009q2_2020q1,3.0,39,0.33103337198814586,0.33103337198814586,0.33103337198814586,38,38,0.9743589743589743,0.9743589743589743,False
us,PRGDP,real_gdp,2009,4,2010,,next_year,1.0,5,prgdp_2009q2_2020q1,4.0,39,0.09743589743589744,0.09743589743589744,0.09743589743589744,22,22,0.5641025641025641,0.5641025641025641,False
us,PRGDP,real_gdp,2009,4,2010,,next_year,1.0,5,prgdp_2009q2_2020q1,5.0,39,0.02230769230769231,0.02230769230769231,0.02230769230769231,7,7,0.1794871794871795,0.1794871794871795,False
us,PRGDP,real_gdp,2009,4,2010,,next_year,1.0,5,prgdp_2009q2_2020q1,10.0,39,0.0,0.0056410256410256415,,0,5,0.0,0.1282051282051282,True
us,PRGDP,real_gdp,2009,4,2011,,year_after_next,2.0,9,prgdp_2009q2_2020q1,3.0,33,0.46469696969696966,0.46469696969696966,0.46469696969696966,33,33,1.0,1.0,False
us,PRGDP,real_gdp,2009,4,2011,,year_after_next,2.0,9,prgdp_2009q2_2020q1,4.0,33,0.1556060606060606,0.1556060606060606,0.1556060606060606,28,28,0.8484848484848485,0.8484848484848485,False
us,PRGDP,real_gdp,2009,4,2011,,year_after_next,2.0,9,prgdp_2009q2_2020q1,5.0,33,0.02621212121212121,0.02621212121212121,0.02621212121212121,9,9,0.2727272727272727,0.2727272727272727,False
us,PRGDP,real_gdp,2009,4,2011,,year_after_next,2.0,9,prgdp_2009q2_2020q1,10.0,33,0.0,0.007424242424242425,,0,7,0.0,0.21212121212121213,True
us,PRGDP,real_gdp,2009,4,2012,,three_years_ahead,3.0,13,prgdp_2009q2_2020q1,3.0,26,0.46442307692307694,0.46442307692307694,0.46442307692307694,26,26,1.0,1.0,False
us,PRGDP,real_gdp,2009,4,2012,,three_years_ahead,3.0,13,prgdp_2009q2_2020q1,4.0,26,0.15326923076923077,0.15326923076923077,0.15326923076923077,20,20,0.7692307692307693,0.7692307692307693,False
us,PRGDP,real_gdp,2009,4,2012,,three_years_ahead,3.0,13,prgdp_2009q2_2020q1,5.0,26,0.03288461538461539,0.03288461538461539,0.03288461538461539,9,9,0.34615384615384615,0.34615384615384615,False
us,PRGDP,real_gdp,2009,4,2012,,three_years_ahead,3.0,13,prgdp_2009q2_2020q1,10.0,26,0.0,0.012884615384615383,,0,7,0.0,0.2692307692307692,True
us,PRGDP,real_gdp,2010,1,2010,,current_year,0.0,4,prgdp_2009q2_2020q1,3.0,39,0.4412820512820512,0.4412820512820512,0.4412820512820512,38,38,0.9743589743589743,0.9743589743589743,False
us,PRGDP,real_gdp,2010,1,2010,,current_year,0.0,4,prgdp_2009q2_2020q1,4.0,39,0.10666666666666667,0.10666666666666667,0.10666666666666665,23,23,0.5897435897435898,0.5897435897435898,False
us,PRGDP,real_gdp,2010,1,2010,,current_year,0.0,4,prgdp_2009q2_2020q1,5.0,39,0.02794871794871795,0.02794871794871795,0.02794871794871795,10,10,0.2564102564102564,0.2564102564102564,False
us,PRGDP,real_gdp,2010,1,2010,,current_year,0.0,4,prgdp_2009q2_2020q1,10.0,39,0.0,0.010256410256410256,,0,7,0.0,0.1794871794871795,True
us,PRGDP,real_gdp,2010,1,2011,,next_year,1.0,8,prgdp_2009q2_2020q1,3.0,38,0.4718421052631579,0.4718421052631579,0.4718421052631579,38,38,1.0,1.0,False
us,PRGDP,real_gdp,2010,1,2011,,next_year,1.0,8,prgdp_2009q2_2020q1,4.0,38,0.15973684210526315,0.15973684210526315,0.15973684210526315,28,28,0.7368421052631579,0.7368421052631579,False
us,PRGDP,real_gdp,2010,1,2011,,next_year,1.0,8,prgdp_2009q2_2020q1,5.0,38,0.03578947368421054,0.03578947368421054,0.03578947368421054,12,12,0.3157894736842105,0.3157894736842105,False
us,PRGDP,real_gdp,2010,1,2011,,next_year,1.0,8,prgdp_2009q2_2020q1,10.0,38,0.0,0.010263157894736842,,0,9,0.0,0.23684210526315788,True
us,PRGDP,real_gdp,2010,1,2012,,year_after_next,2.0,12,prgdp_2009q2_2020q1,3.0,27,0.5364814814814814,0.5364814814814814,0.5364814814814814,27,27,1.0,1.0,False
us,PRGDP,real_gdp,2010,1,2012,,year_after_next,2.0,12,prgdp_2009q2_2020q1,4.0,27,0.1961111111111111,0.1961111111111111,0.1961111111111111,24,24,0.8888888888888888,0.8888888888888888,False
us,PRGDP,real_gdp,2010,1,2012,,year_after_next,2.0,12,prgdp_2009q2_2020q1,5.0,27,0.055370370370370375,0.055370370370370375,0.055370370370370375,13,13,0.48148148148148145,0.48148148148148145,False
us,PRGDP,real_gdp,2010,1,2012,,year_after_next,2.0,12,prgdp_2009q2_2020q1,10.0,27,0.0,0.010740740740740742,,0,8,0.0,0.2962962962962963,True
us,PRGDP,real_gdp,2010,1,2013,,three_years_ahead,3.0,16,prgdp_2009q2_2020q1,3.0,26,0.4784615384615385,0.4784615384615385,0.4784615384615385,26,26,1.0,1.0,False
us,PRGDP,real_gdp,2010,1,2013,,three_years_ahead,3.0,16,prgdp_2009q2_2020q1,4.0,26,0.1925,0.1925,0.1925,22,22,0.8461538461538461,0.8461538461538461,False
us,PRGDP,real_gdp,2010,1,2013,,three_years_ahead,3.0,16,prgdp_2009q2_2020q1,5.0,26,0.06403846153846154,0.06403846153846154,0.06403846153846154,11,11,0.4230769230769231,0.4230769230769231,False
us,PRGDP,real_gdp,2010,1,2013,,three_years_ahead,3.0,16,prgdp_2009q2_2020q1,10.0,26,0.0,0.01230769230769231,,0,8,0.0,0.3076923076923077,True
us,PRGDP,real_gdp,2010,2,2010,,current_year,0.0,3,prgdp_2009q2_2020q1,3.0,37,0.651918918918919,0.651918918918919,0.651918918918919,37,37,1.0,1.0,False
us,PRGDP,real_gdp,2010,2,2010,,current_year,0.0,3,prgdp_2009q2_2020q1,4.0,37,0.12404864864864863,0.12404864864864863,0.12404864864864863,27,27,0.7297297297297297,0.7297297297297297,False
us,PRGDP,real_gdp,2010,2,2010,,current_year,0.0,3,prgdp_2009q2_2020q1,5.0,37,0.022902702702702706,0.022902702702702706,0.022902702702702706,11,11,0.2972972972972973,0.2972972972972973,False
us,PRGDP,real_gdp,2010,2,2010,,current_year,0.0,3,prgdp_2009q2_2020q1,10.0,37,0.0,0.005032432432432433,,0,5,0.0,0.13513513513513514,True
us,PRGDP,real_gdp,2010,2,2011,,next_year,1.0,7,prgdp_2009q2_2020q1,3.0,38,0.5022894736842106,0.5022894736842106,0.5022894736842106,38,38,1.0,1.0,False
us,PRGDP,real_gdp,2010,2,2011,,next_year,1.0,7,prgdp_2009q2_2020q1,4.0,38,0.14872105263157895,0.14872105263157895,0.14872105263157895,27,27,0.7105263157894737,0.7105263157894737,False
us,PRGDP,real_gdp,2010,2,2011,,next_year,1.0,7,prgdp_2009q2_2020q1,5.0,38,0.0341,0.0341,0.0341,12,12,0.3157894736842105,0.3157894736842105,False
us,PRGDP,real_gdp,2010,2,2011,,next_year,1.0,7,prgdp_2009q2_2020q1,10.0,38,0.0,0.008263157894736844,,0,10,0.0,0.2631578947368421,True
us,PRGDP,real_gdp,2010,2,2012,,year_after_next,2.0,11,prgdp_2009q2_2020q1,3.0,29,0.5433931034482758,0.5433931034482758,0.5433931034482758,29,29,1.0,1.0,False
us,PRGDP,real_gdp,2010,2,2012,,year_after_next,2.0,11,prgdp_2009q2_2020q1,4.0,29,0.19702068965517247,0.19702068965517247,0.19702068965517247,27,27,0.9310344827586207,0.9310344827586207,False
us,PRGDP,real_gdp,2010,2,2012,,year_after_next,2.0,11,prgdp_2009q2_2020q1,5.0,29,0.04353103448275863,0.04353103448275863,0.04353103448275863,14,14,0.4827586206896552,0.4827586206896552,False
us,PRGDP,real_gdp,2010,2,2012,,year_after_next,2.0,11,prgdp_2009q2_2020q1,10.0,29,0.0,0.010806896551724138,,0,10,0.0,0.3448275862068966,True
us,PRGDP,real_gdp,2010,2,2013,,three_years_ahead,3.0,15,prgdp_2009q2_2020q1,3.0,27,0.4884148148148147,0.4884148148148147,0.4884148148148147,27,27,1.0,1.0,False
us,PRGDP,real_gdp,2010,2,2013,,three_years_ahead,3.0,15,prgdp_2009q2_2020q1,4.0,27,0.1913925925925926,0.1913925925925926,0.1913925925925926,21,21,0.7777777777777778,0.7777777777777778,False
us,PRGDP,real_gdp,2010,2,2013,,three_years_ahead,3.0,15,prgdp_2009q2_2020q1,5.0,27,0.04712592592592593,0.04712592592592593,0.04712592592592593,13,13,0.48148148148148145,0.48148148148148145,False
us,PRGDP,real_gdp,2010,2,2013,,three_years_ahead,3.0,15,prgdp_2009q2_2020q1,10.0,27,0.0,0.011874074074074077,,0,9,0.0,0.3333333333333333,True
us,PRGDP,real_gdp,2010,3,2010,,current_year,0.0,2,prgdp_2009q2_2020q1,3.0,33,0.4151293515503242,0.4151293515503242,0.4151293515503242,32,32,0.9696969696969697,0.9696969696969697,False
us,PRGDP,real_gdp,2010,3,2010,,current_year,0.0,2,prgdp_2009q2_2020q1,4.0,33,0.055933402465721864,0.055933402465721864,0.055933402465721864,14,14,0.42424242424242425,0.42424242424242425,False
us,PRGDP,real_gdp,2010,3,2010,,current_year,0.0,2,prgdp_2009q2_2020q1,5.0,33,0.012121212121212121,0.012121212121212121,0.012121212121212121,5,5,0.15151515151515152,0.15151515151515152,False
us,PRGDP,real_gdp,2010,3,2010,,current_year,0.0,2,prgdp_2009q2_2020q1,10.0,33,0.0,0.0030303030303030303,,0,1,0.0,0.030303030303030304,True
us,PRGDP,real_gdp,2010,3,2011,,next_year,1.0,6,prgdp_2009q2_2020q1,3.0,32,0.34498233233233233,0.34498233233233233,0.34498233233233233,31,31,0.96875,0.96875,False
us,PRGDP,real_gdp,2010,3,2011,,next_year,1.0,6,prgdp_2009q2_2020q1,4.0,32,0.06944177927927928,0.06944177927927928,0.06944177927927928,17,17,0.53125,0.53125,False
us,PRGDP,real_gdp,2010,3,2011,,next_year,1.0,6,prgdp_2009q2_2020q1,5.0,32,0.020825075075075077,0.020825075075075077,0.020825075075075077,10,10,0.3125,0.3125,False
us,PRGDP,real_gdp,2010,3,2011,,next_year,1.0,6,prgdp_2009q2_2020q1,10.0,32,0.0,0.004588713713713714,,0,6,0.0,0.1875,True
us,PRGDP,real_gdp,2010,3,2012,,year_after_next,2.0,10,prgdp_2009q2_2020q1,3.0,23,0.4935221060135799,0.4935221060135799,0.4935221060135799,23,23,1.0,1.0,False
us,PRGDP,real_gdp,2010,3,2012,,year_after_next,2.0,10,prgdp_2009q2_2020q1,4.0,23,0.1854363040435391,0.1854363040435391,0.1854363040435391,19,19,0.8260869565217391,0.8260869565217391,False
us,PRGDP,real_gdp,2010,3,2012,,year_after_next,2.0,10,prgdp_2009q2_2020q1,5.0,23,0.052741639498187325,0.052741639498187325,0.052741639498187325,11,11,0.4782608695652174,0.4782608695652174,False
us,PRGDP,real_gdp,2010,3,2012,,year_after_next,2.0,10,prgdp_2009q2_2020q1,10.0,23,0.0,0.016720586317519104,,0,8,0.0,0.34782608695652173,True
us,PRGDP,real_gdp,2010,3,2013,,three_years_ahead,3.0,14,prgdp_2009q2_2020q1,3.0,22,0.4705920578669753,0.4705920578669753,0.4705920578669753,22,22,1.0,1.0,False
us,PRGDP,real_gdp,2010,3,2013,,three_years_ahead,3.0,14,prgdp_2009q2_2020q1,4.0,22,0.1871164645756088,0.1871164645756088,0.1871164645756088,17,17,0.7727272727272727,0.7727272727272727,False
us,PRGDP,real_gdp,2010,3,2013,,three_years_ahead,3.0,14,prgdp_2009q2_2020q1,5.0,22,0.054852812724904124,0.054852812724904124,0.054852812724904124,9,9,0.4090909090909091,0.4090909090909091,False
us,PRGDP,real_gdp,2010,3,2013,,three_years_ahead,3.0,14,prgdp_2009q2_2020q1,10.0,22,0.0,0.01844125572793776,,0,7,0.0,0.3181818181818182,True
us,PRGDP,real_gdp,2010,4,2010,,current_year,0.0,1,prgdp_2009q2_2020q1,3.0,42,0.19406972792517346,0.19406972792517346,0.19406972792517346,34,34,0.8095238095238095,0.8095238095238095,False
us,PRGDP,real_gdp,2010,4,2010,,current_year,0.0,1,prgdp_2009q2_2020q1,4.0,42,0.04089535143990589,0.04089535143990589,0.04089535143990589,9,9,0.21428571428571427,0.21428571428571427,False
us,PRGDP,real_gdp,2010,4,2010,,current_year,0.0,1,prgdp_2009q2_2020q1,5.0,42,0.011042913815191045,0.011042913815191045,0.011042913815191045,7,7,0.16666666666666666,0.16666666666666666,False
us,PRGDP,real_gdp,2010,4,2010,,current_year,0.0,1,prgdp_2009q2_2020q1,10.0,42,0.0,0.002569066430452569,,0,2,0.0,0.047619047619047616,True
us,PRGDP,real_gdp,2010,4,2011,,next_year,1.0,5,prgdp_2009q2_2020q1,3.0,42,0.30250476190476194,0.30250476190476194,0.30250476190476194,38,38,0.9047619047619048,0.9047619047619048,False
us,PRGDP,real_gdp,2010,4,2011,,next_year,1.0,5,prgdp_2009q2_2020q1,4.0,42,0.06235952380952381,0.06235952380952381,0.06235952380952381,23,23,0.5476190476190477,0.5476190476190477,False
us,PRGDP,real_gdp,2010,4,2011,,next_year,1.0,5,prgdp_2009q2_2020q1,5.0,42,0.015338095238095237,0.015338095238095237,0.015338095238095237,10,10,0.23809523809523808,0.23809523809523808,False
us,PRGDP,real_gdp,2010,4,2011,,next_year,1.0,5,prgdp_2009q2_2020q1,10.0,42,0.0,0.003552380952380953,,0,8,0.0,0.19047619047619047,True
us,PRGDP,real_gdp,2010,4,2012,,year_after_next,2.0,9,prgdp_2009q2_2020q1,3.0,32,0.4596736586158616,0.4596736586158616,0.4596736586158616,32,32,1.0,1.0,False
us,PRGDP,real_gdp,2010,4,2012,,year_after_next,2.0,9,prgdp_2009q2_2020q1,4.0,32,0.15345402415241524,0.15345402415241524,0.15345402415241524,24,24,0.75,0.75,False
us,PRGDP,real_gdp,2010,4,2012,,year_after_next,2.0,9,prgdp_2009q2_2020q1,5.0,32,0.03795663316331633,0.03795663316331633,0.03795663316331633,14,14,0.4375,0.4375,False
us,PRGDP,real_gdp,2010,4,2012,,year_after_next,2.0,9,prgdp_2009q2_2020q1,10.0,32,0.0,0.0074094634463446355,,0,9,0.0,0.28125,True
us,PRGDP,real_gdp,2010,4,2013,,three_years_ahead,3.0,13,prgdp_2009q2_2020q1,3.0,31,0.48620322580645164,0.48620322580645164,0.4862032258064516,31,31,1.0,1.0,False
us,PRGDP,real_gdp,2010,4,2013,,three_years_ahead,3.0,13,prgdp_2009q2_2020q1,4.0,31,0.19074516129032257,0.19074516129032257,0.19074516129032257,24,24,0.7741935483870968,0.7741935483870968,False
us,PRGDP,real_gdp,2010,4,2013,,three_years_ahead,3.0,13,prgdp_2009q2_2020q1,5.0,31,0.06730645161290323,0.06730645161290323,0.06730645161290323,17,17,0.5483870967741935,0.5483870967741935,False
us,PRGDP,real_gdp,2010,4,2013,,three_years_ahead,3.0,13,prgdp_2009q2_2020q1,10.0,31,0.0,0.010748387096774194,,0,11,0.0,0.3548387096774194,True
us,PRGDP,real_gdp,2011,1,2011,,current_year,0.0,4,prgdp_2009q2_2020q1,3.0,41,0.63035167962375,0.63035167962375,0.63035167962375,41,41,1.0,1.0,False
us,PRGDP,real_gdp,2011,1,2011,,current_year,0.0,4,prgdp_2009q2_2020q1,4.0,41,0.17856060142722188,0.17856060142722188,0.17856060142722188,35,35,0.8536585365853658,0.8536585365853658,False
us,PRGDP,real_gdp,2011,1,2011,,current_year,0.0,4,prgdp_2009q2_2020q1,5.0,41,0.03446935290570862,0.03446935290570862,0.03446935290570862,18,18,0.43902439024390244,0.43902439024390244,False
us,PRGDP,real_gdp,2011,1,2011,,current_year,0.0,4,prgdp_2009q2_2020q1,10.0,41,0.0,0.0068158624212915535,,0,10,0.0,0.24390243902439024,True
us,PRGDP,real_gdp,2011,1,2012,,next_year,1.0,8,prgdp_2009q2_2020q1,3.0,40,0.5934361291992545,0.5934361291992545,0.5934361291992545,40,40,1.0,1.0,False
us,PRGDP,real_gdp,2011,1,2012,,next_year,1.0,8,prgdp_2009q2_2020q1,4.0,40,0.20548101096704313,0.20548101096704313,0.20548101096704313,33,33,0.825,0.825,False
us,PRGDP,real_gdp,2011,1,2012,,next_year,1.0,8,prgdp_2009q2_2020q1,5.0,40,0.057310000637155745,0.057310000637155745,0.057310000637155745,22,22,0.55,0.55,False
us,PRGDP,real_gdp,2011,1,2012,,next_year,1.0,8,prgdp_2009q2_2020q1,10.0,40,0.0,0.012180555838735885,,0,14,0.0,0.35,True
us,PRGDP,real_gdp,2011,1,2013,,year_after_next,2.0,12,prgdp_2009q2_2020q1,3.0,31,0.5299828941499228,0.5299828941499228,0.5299828941499228,31,31,1.0,1.0,False
us,PRGDP,real_gdp,2011,1,2013,,year_after_next,2.0,12,prgdp_2009q2_2020q1,4.0,31,0.18090811149465028,0.18090811149465028,0.18090811149465028,28,28,0.9032258064516129,0.9032258064516129,False
us,PRGDP,real_gdp,2011,1,2013,,year_after_next,2.0,12,prgdp_2009q2_2020q1,5.0,31,0.05074432784572376,0.05074432784572376,0.05074432784572376,17,17,0.5483870967741935,0.5483870967741935,False
us,PRGDP,real_gdp,2011,1,2013,,year_after_next,2.0,12,prgdp_2009q2_2020q1,10.0,31,0.0,0.017942336689672513,,0,11,0.0,0.3548387096774194,True
us,PRGDP,real_gdp,2011,1,2014,,three_years_ahead,3.0,16,prgdp_2009q2_2020q1,3.0,29,0.5169448275862071,0.5169448275862071,0.516944827586207,29,29,1.0,1.0,False
us,PRGDP,real_gdp,2011,1,2014,,three_years_ahead,3.0,16,prgdp_2009q2_2020q1,4.0,29,0.15447586206896552,0.15447586206896552,0.15447586206896552,22,22,0.7586206896551724,0.7586206896551724,False
us,PRGDP,real_gdp,2011,1,2014,,three_years_ahead,3.0,16,prgdp_2009q2_2020q1,5.0,29,0.04283448275862069,0.04283448275862069,0.04283448275862069,15,15,0.5172413793103449,0.5172413793103449,False
us,PRGDP,real_gdp,2011,1,2014,,three_years_ahead,3.0,16,prgdp_2009q2_2020q1,10.0,29,0.0,0.012772413793103447,,0,11,0.0,0.3793103448275862,True
us,PRGDP,real_gdp,2011,2,2011,,current_year,0.0,3,prgdp_2009q2_2020q1,3.0,41,0.3603731707317073,0.3603731707317073,0.3603731707317073,40,40,0.975609756097561,0.975609756097561,False
us,PRGDP,real_gdp,2011,2,2011,,current_year,0.0,3,prgdp_2009q2_2020q1,4.0,41,0.08818048780487804,0.08818048780487804,0.08818048780487804,26,26,0.6341463414634146,0.6341463414634146,False
us,PRGDP,real_gdp,2011,2,2011,,current_year,0.0,3,prgdp_2009q2_2020q1,5.0,41,0.025092682926829268,0.025092682926829268,0.025092682926829268,12,12,0.2926829268292683,0.2926829268292683,False
us,PRGDP,real_gdp,2011,2,2011,,current_year,0.0,3,prgdp_2009q2_2020q1,10.0,41,0.0,0.007200000000000001,,0,8,0.0,0.1951219512195122,True
us,PRGDP,real_gdp,2011,2,2012,,next_year,1.0,7,prgdp_2009q2_2020q1,3.0,40,0.5013949999999999,0.5013949999999999,0.5013949999999999,40,40,1.0,1.0,False
us,PRGDP,real_gdp,2011,2,2012,,next_year,1.0,7,prgdp_2009q2_2020q1,4.0,40,0.18115,0.18115,0.18115,31,31,0.775,0.775,False
us,PRGDP,real_gdp,2011,2,2012,,next_year,1.0,7,prgdp_2009q2_2020q1,5.0,40,0.0433925,0.0433925,0.0433925,21,21,0.525,0.525,False
us,PRGDP,real_gdp,2011,2,2012,,next_year,1.0,7,prgdp_2009q2_2020q1,10.0,40,0.0,0.01034,,0,10,0.0,0.25,True
us,PRGDP,real_gdp,2011,2,2013,,year_after_next,2.0,11,prgdp_2009q2_2020q1,3.0,29,0.449751724137931,0.449751724137931,0.449751724137931,29,29,1.0,1.0,False
us,PRGDP,real_gdp,2011,2,2013,,year_after_next,2.0,11,prgdp_2009q2_2020q1,4.0,29,0.15424827586206896,0.15424827586206896,0.15424827586206896,22,22,0.7586206896551724,0.7586206896551724,False
us,PRGDP,real_gdp,2011,2,2013,,year_after_next,2.0,11,prgdp_2009q2_2020q1,5.0,29,0.04319310344827586,0.04319310344827586,0.04319310344827586,16,16,0.5517241379310345,0.5517241379310345,False
us,PRGDP,real_gdp,2011,2,2013,,year_after_next,2.0,11,prgdp_2009q2_2020q1,10.0,29,0.0,0.012344827586206896,,0,12,0.0,0.41379310344827586,True
us,PRGDP,real_gdp,2011,2,2014,,three_years_ahead,3.0,15,prgdp_2009q2_2020q1,3.0,28,0.48493214285714287,0.48493214285714287,0.48493214285714287,27,27,0.9642857142857143,0.9642857142857143,False
us,PRGDP,real_gdp,2011,2,2014,,three_years_ahead,3.0,15,prgdp_2009q2_2020q1,4.0,28,0.14728214285714286,0.14728214285714286,0.14728214285714286,20,20,0.7142857142857143,0.7142857142857143,False
us,PRGDP,real_gdp,2011,2,2014,,three_years_ahead,3.0,15,prgdp_2009q2_2020q1,5.0,28,0.04615714285714286,0.04615714285714286,0.04615714285714286,16,16,0.5714285714285714,0.5714285714285714,False
us,PRGDP,real_gdp,2011,2,2014,,three_years_ahead,3.0,15,prgdp_2009q2_2020q1,10.0,28,0.0,0.013157142857142859,,0,13,0.0,0.4642857142857143,True
us,PRGDP,real_gdp,2011,3,2011,,current_year,0.0,2,prgdp_2009q2_2020q1,3.0,35,0.05187428571428571,0.05187428571428571,0.05187428571428571,16,16,0.45714285714285713,0.45714285714285713,False
us,PRGDP,real_gdp,2011,3,2011,,current_year,0.0,2,prgdp_2009q2_2020q1,4.0,35,0.01102857142857143,0.01102857142857143,0.01102857142857143,8,8,0.22857142857142856,0.22857142857142856,False
us,PRGDP,real_gdp,2011,3,2011,,current_year,0.0,2,prgdp_2009q2_2020q1,5.0,35,0.002485714285714286,0.002485714285714286,0.002485714285714286,3,3,0.08571428571428572,0.08571428571428572,False
us,PRGDP,real_gdp,2011,3,2011,,current_year,0.0,2,prgdp_2009q2_2020q1,10.0,35,0.0,0.0006285714285714285,,0,2,0.0,0.05714285714285714,True
us,PRGDP,real_gdp,2011,3,2012,,next_year,1.0,6,prgdp_2009q2_2020q1,3.0,34,0.20651856562444795,0.20651856562444795,0.20651856562444795,30,30,0.8823529411764706,0.8823529411764706,False
us,PRGDP,real_gdp,2011,3,2012,,next_year,1.0,6,prgdp_2009q2_2020q1,4.0,34,0.06060317965023848,0.06060317965023848,0.06060317965023848,17,17,0.5,0.5,False
us,PRGDP,real_gdp,2011,3,2012,,next_year,1.0,6,prgdp_2009q2_2020q1,5.0,34,0.015848413119001356,0.015848413119001356,0.015848413119001356,8,8,0.23529411764705882,0.23529411764705882,False
us,PRGDP,real_gdp,2011,3,2012,,next_year,1.0,6,prgdp_2009q2_2020q1,10.0,34,0.0,0.004523971029853383,,0,6,0.0,0.17647058823529413,True
us,PRGDP,real_gdp,2011,3,2013,,year_after_next,2.0,10,prgdp_2009q2_2020q1,3.0,26,0.35110046876200723,0.35110046876200723,0.35110046876200723,23,23,0.8846153846153846,0.8846153846153846,False
us,PRGDP,real_gdp,2011,3,2013,,year_after_next,2.0,10,prgdp_2009q2_2020q1,4.0,26,0.11610431107354181,0.11610431107354181,0.11610431107354181,18,18,0.6923076923076923,0.6923076923076923,False
us,PRGDP,real_gdp,2011,3,2013,,year_after_next,2.0,10,prgdp_2009q2_2020q1,5.0,26,0.028967770690847612,0.028967770690847612,0.028967770690847612,11,11,0.4230769230769231,0.4230769230769231,False
us,PRGDP,real_gdp,2011,3,2013,,year_after_next,2.0,10,prgdp_2009q2_2020q1,10.0,26,0.0,0.005437962037962039,,0,6,0.0,0.23076923076923078,True
us,PRGDP,real_gdp,2011,3,2014,,three_years_ahead,3.0,14,prgdp_2009q2_2020q1,3.0,24,0.44733333333333336,0.44733333333333336,0.44733333333333336,24,24,1.0,1.0,False
us,PRGDP,real_gdp,2011,3,2014,,three_years_ahead,3.0,14,prgdp_2009q2_2020q1,4.0,24,0.15640833333333334,0.15640833333333334,0.15640833333333334,18,18,0.75,0.75,False
us,PRGDP,real_gdp,2011,3,2014,,three_years_ahead,3.0,14,prgdp_2009q2_2020q1,5.0,24,0.0476,0.0476,0.0476,11,11,0.4583333333333333,0.4583333333333333,False
us,PRGDP,real_gdp,2011,3,2014,,three_years_ahead,3.0,14,prgdp_2009q2_2020q1,10.0,24,0.0,0.014708333333333335,,0,8,0.0,0.3333333333333333,True
us,PRGDP,real_gdp,2011,4,2011,,current_year,0.0,1,prgdp_2009q2_2020q1,3.0,44,0.020272727272727276,0.020272727272727276,0.020272727272727276,12,12,0.2727272727272727,0.2727272727272727,False
us,PRGDP,real_gdp,2011,4,2011,,current_year,0.0,1,prgdp_2009q2_2020q1,4.0,44,0.0021818181818181823,0.0021818181818181823,0.0021818181818181823,5,5,0.11363636363636363,0.11363636363636363,False
us,PRGDP,real_gdp,2011,4,2011,,current_year,0.0,1,prgdp_2009q2_2020q1,5.0,44,0.00022727272727272733,0.00022727272727272733,0.00022727272727272733,1,1,0.022727272727272728,0.022727272727272728,False
us,PRGDP,real_gdp,2011,4,2011,,current_year,0.0,1,prgdp_2009q2_2020q1,10.0,44,0.0,0.00011363636363636366,,0,1,0.0,0.022727272727272728,True
us,PRGDP,real_gdp,2011,4,2012,,next_year,1.0,5,prgdp_2009q2_2020q1,3.0,44,0.20815909090909096,0.20815909090909096,0.20815909090909093,35,35,0.7954545454545454,0.7954545454545454,False
us,PRGDP,real_gdp,2011,4,2012,,next_year,1.0,5,prgdp_2009q2_2020q1,4.0,44,0.060572727272727285,0.060572727272727285,0.060572727272727285,22,22,0.5,0.5,False
us,PRGDP,real_gdp,2011,4,2012,,next_year,1.0,5,prgdp_2009q2_2020q1,5.0,44,0.013086363636363639,0.013086363636363639,0.013086363636363639,10,10,0.22727272727272727,0.22727272727272727,False
us,PRGDP,real_gdp,2011,4,2012,,next_year,1.0,5,prgdp_2009q2_2020q1,10.0,44,0.0,0.002777272727272727,,0,4,0.0,0.09090909090909091,True
us,PRGDP,real_gdp,2011,4,2013,,year_after_next,2.0,9,prgdp_2009q2_2020q1,3.0,33,0.36023030303030307,0.36023030303030307,0.360230303030303,31,31,0.9393939393939394,0.9393939393939394,False
us,PRGDP,real_gdp,2011,4,2013,,year_after_next,2.0,9,prgdp_2009q2_2020q1,4.0,33,0.12448484848484848,0.12448484848484848,0.12448484848484848,22,22,0.6666666666666666,0.6666666666666666,False
us,PRGDP,real_gdp,2011,4,2013,,year_after_next,2.0,9,prgdp_2009q2_2020q1,5.0,33,0.03384848484848486,0.03384848484848486,0.03384848484848486,14,14,0.42424242424242425,0.42424242424242425,False
us,PRGDP,real_gdp,2011,4,2013,,year_after_next,2.0,9,prgdp_2009q2_2020q1,10.0,33,0.0,0.006090909090909091,,0,6,0.0,0.18181818181818182,True
us,PRGDP,real_gdp,2011,4,2014,,three_years_ahead,3.0,13,prgdp_2009q2_2020q1,3.0,30,0.4934233333333334,0.4934233333333334,0.4934233333333334,29,29,0.9666666666666667,0.9666666666666667,False
us,PRGDP,real_gdp,2011,4,2014,,three_years_ahead,3.0,13,prgdp_2009q2_2020q1,4.0,30,0.21133666666666664,0.21133666666666664,0.21133666666666664,24,24,0.8,0.8,False
us,PRGDP,real_gdp,2011,4,2014,,three_years_ahead,3.0,13,prgdp_2009q2_2020q1,5.0,30,0.07292333333333331,0.07292333333333331,0.07292333333333331,17,17,0.5666666666666667,0.5666666666666667,False
us,PRGDP,real_gdp,2011,4,2014,,three_years_ahead,3.0,13,prgdp_2009q2_2020q1,10.0,30,0.0,0.018739999999999996,,0,10,0.0,0.3333333333333333,True
us,PRGDP,real_gdp,2012,1,2012,,current_year,0.0,4,prgdp_2009q2_2020q1,3.0,41,0.2193487804878049,0.2193487804878049,0.2193487804878049,38,38,0.926829268292683,0.926829268292683,False
us,PRGDP,real_gdp,2012,1,2012,,current_year,0.0,4,prgdp_2009q2_2020q1,4.0,41,0.05288536585365854,0.05288536585365854,0.05288536585365854,20,20,0.4878048780487805,0.4878048780487805,False
us,PRGDP,real_gdp,2012,1,2012,,current_year,0.0,4,prgdp_2009q2_2020q1,5.0,41,0.01136829268292683,0.01136829268292683,0.01136829268292683,8,8,0.1951219512195122,0.1951219512195122,False
us,PRGDP,real_gdp,2012,1,2012,,current_year,0.0,4,prgdp_2009q2_2020q1,10.0,41,0.0,0.0033926829268292684,,0,5,0.0,0.12195121951219512,True
us,PRGDP,real_gdp,2012,1,2013,,next_year,1.0,8,prgdp_2009q2_2020q1,3.0,39,0.337351282051282,0.337351282051282,0.337351282051282,38,38,0.9743589743589743,0.9743589743589743,False
us,PRGDP,real_gdp,2012,1,2013,,next_year,1.0,8,prgdp_2009q2_2020q1,4.0,39,0.11196666666666666,0.11196666666666666,0.11196666666666666,25,25,0.6410256410256411,0.6410256410256411,False
us,PRGDP,real_gdp,2012,1,2013,,next_year,1.0,8,prgdp_2009q2_2020q1,5.0,39,0.03804358974358975,0.03804358974358975,0.03804358974358975,14,14,0.358974358974359,0.358974358974359,False
us,PRGDP,real_gdp,2012,1,2013,,next_year,1.0,8,prgdp_2009q2_2020q1,10.0,39,0.0,0.010033333333333335,,0,9,0.0,0.23076923076923078,True
us,PRGDP,real_gdp,2012,1,2014,,year_after_next,2.0,12,prgdp_2009q2_2020q1,3.0,30,0.4561933333333334,0.4561933333333334,0.4561933333333334,30,30,1.0,1.0,False
us,PRGDP,real_gdp,2012,1,2014,,year_after_next,2.0,12,prgdp_2009q2_2020q1,4.0,30,0.18611999999999998,0.18611999999999998,0.18611999999999998,24,24,0.8,0.8,False
us,PRGDP,real_gdp,2012,1,2014,,year_after_next,2.0,12,prgdp_2009q2_2020q1,5.0,30,0.06280666666666668,0.06280666666666668,0.06280666666666668,19,19,0.6333333333333333,0.6333333333333333,False
us,PRGDP,real_gdp,2012,1,2014,,year_after_next,2.0,12,prgdp_2009q2_2020q1,10.0,30,0.0,0.014586666666666666,,0,9,0.0,0.3,True
us,PRGDP,real_gdp,2012,1,2015,,three_years_ahead,3.0,16,prgdp_2009q2_2020q1,3.0,27,0.4848222222222222,0.4848222222222222,0.4848222222222222,26,26,0.9629629629629629,0.9629629629629629,False
us,PRGDP,real_gdp,2012,1,2015,,three_years_ahead,3.0,16,prgdp_2009q2_2020q1,4.0,27,0.17285185185185184,0.17285185185185184,0.17285185185185184,21,21,0.7777777777777778,0.7777777777777778,False
us,PRGDP,real_gdp,2012,1,2015,,three_years_ahead,3.0,16,prgdp_2009q2_2020q1,5.0,27,0.04681481481481482,0.04681481481481482,0.04681481481481482,15,15,0.5555555555555556,0.5555555555555556,False
us,PRGDP,real_gdp,2012,1,2015,,three_years_ahead,3.0,16,prgdp_2009q2_2020q1,10.0,27,0.0,0.012585185185185187,,0,8,0.0,0.2962962962962963,True
us,PRGDP,real_gdp,2012,2,2012,,current_year,0.0,3,prgdp_2009q2_2020q1,3.0,35,0.16536857142857145,0.16536857142857145,0.16536857142857145,29,29,0.8285714285714286,0.8285714285714286,False
us,PRGDP,real_gdp,2012,2,2012,,current_year,0.0,3,prgdp_2009q2_2020q1,4.0,35,0.03037428571428571,0.03037428571428571,0.030374285714285718,13,13,0.37142857142857144,0.37142857142857144,False
us,PRGDP,real_gdp,2012,2,2012,,current_year,0.0,3,prgdp_2009q2_2020q1,5.0,35,0.006414285714285714,0.006414285714285714,0.006414285714285714,5,5,0.14285714285714285,0.14285714285714285,False
us,PRGDP,real_gdp,2012,2,2012,,current_year,0.0,3,prgdp_2009q2_2020q1,10.0,35,0.0,0.0017971428571428572,,0,4,0.0,0.11428571428571428,True
us,PRGDP,real_gdp,2012,2,2013,,next_year,1.0,7,prgdp_2009q2_2020q1,3.0,34,0.26613823529411773,0.26613823529411773,0.26613823529411773,33,33,0.9705882352941176,0.9705882352941176,False
us,PRGDP,real_gdp,2012,2,2013,,next_year,1.0,7,prgdp_2009q2_2020q1,4.0,34,0.07536764705882354,0.07536764705882354,0.07536764705882354,22,22,0.6470588235294118,0.6470588235294118,False
us,PRGDP,real_gdp,2012,2,2013,,next_year,1.0,7,prgdp_2009q2_2020q1,5.0,34,0.011097058823529413,0.011097058823529413,0.011097058823529413,8,8,0.23529411764705882,0.23529411764705882,False
us,PRGDP,real_gdp,2012,2,2013,,next_year,1.0,7,prgdp_2009q2_2020q1,10.0,34,0.0,0.003461764705882353,,0,5,0.0,0.14705882352941177,True
us,PRGDP,real_gdp,2012,2,2014,,year_after_next,2.0,11,prgdp_2009q2_2020q1,3.0,27,0.4343925925925926,0.4343925925925926,0.4343925925925926,26,26,0.9629629629629629,0.9629629629629629,False
us,PRGDP,real_gdp,2012,2,2014,,year_after_next,2.0,11,prgdp_2009q2_2020q1,4.0,27,0.1513481481481482,0.1513481481481482,0.1513481481481482,21,21,0.7777777777777778,0.7777777777777778,False
us,PRGDP,real_gdp,2012,2,2014,,year_after_next,2.0,11,prgdp_2009q2_2020q1,5.0,27,0.02227407407407407,0.02227407407407407,0.02227407407407407,14,14,0.5185185185185185,0.5185185185185185,False
us,PRGDP,real_gdp,2012,2,2014,,year_after_next,2.0,11,prgdp_2009q2_2020q1,10.0,27,0.0,0.0032444444444444443,,0,4,0.0,0.14814814814814814,True
us,PRGDP,real_gdp,2012,2,2015,,three_years_ahead,3.0,15,prgdp_2009q2_2020q1,3.0,26,0.45390769230769235,0.45390769230769235,0.45390769230769235,26,26,1.0,1.0,False
us,PRGDP,real_gdp,2012,2,2015,,three_years_ahead,3.0,15,prgdp_2009q2_2020q1,4.0,26,0.15198461538461536,0.15198461538461536,0.15198461538461536,20,20,0.7692307692307693,0.7692307692307693,False
us,PRGDP,real_gdp,2012,2,2015,,three_years_ahead,3.0,15,prgdp_2009q2_2020q1,5.0,26,0.031123076923076923,0.031123076923076923,0.031123076923076923,14,14,0.5384615384615384,0.5384615384615384,False
us,PRGDP,real_gdp,2012,2,2015,,three_years_ahead,3.0,15,prgdp_2009q2_2020q1,10.0,26,0.0,0.005630769230769231,,0,5,0.0,0.19230769230769232,True
us,PRGDP,real_gdp,2012,3,2012,,current_year,0.0,2,prgdp_2009q2_2020q1,3.0,44,0.08305,0.08305,0.08305,28,28,0.6363636363636364,0.6363636363636364,False
us,PRGDP,real_gdp,2012,3,2012,,current_year,0.0,2,prgdp_2009q2_2020q1,4.0,44,0.01600227272727273,0.01600227272727273,0.01600227272727273,8,8,0.18181818181818182,0.18181818181818182,False
us,PRGDP,real_gdp,2012,3,2012,,current_year,0.0,2,prgdp_2009q2_2020q1,5.0,44,0.005681818181818182,0.005681818181818182,0.005681818181818182,4,4,0.09090909090909091,0.09090909090909091,False
us,PRGDP,real_gdp,2012,3,2012,,current_year,0.0,2,prgdp_2009q2_2020q1,10.0,44,0.0,0.0016772727272727273,,0,4,0.0,0.09090909090909091,True
us,PRGDP,real_gdp,2012,3,2013,,next_year,1.0,6,prgdp_2009q2_2020q1,3.0,44,0.15494999999999998,0.15494999999999998,0.15494999999999998,34,34,0.7727272727272727,0.7727272727272727,False
us,PRGDP,real_gdp,2012,3,2013,,next_year,1.0,6,prgdp_2009q2_2020q1,4.0,44,0.044406818181818186,0.044406818181818186,0.044406818181818186,19,19,0.4318181818181818,0.4318181818181818,False
us,PRGDP,real_gdp,2012,3,2013,,next_year,1.0,6,prgdp_2009q2_2020q1,5.0,44,0.007727272727272728,0.007727272727272728,0.007727272727272728,8,8,0.18181818181818182,0.18181818181818182,False
us,PRGDP,real_gdp,2012,3,2013,,next_year,1.0,6,prgdp_2009q2_2020q1,10.0,44,0.0,0.002152272727272728,,0,5,0.0,0.11363636363636363,True
us,PRGDP,real_gdp,2012,3,2014,,year_after_next,2.0,10,prgdp_2009q2_2020q1,3.0,34,0.33675000000000005,0.33675000000000005,0.33675000000000005,32,32,0.9411764705882353,0.9411764705882353,False
us,PRGDP,real_gdp,2012,3,2014,,year_after_next,2.0,10,prgdp_2009q2_2020q1,4.0,34,0.11374705882352942,0.11374705882352942,0.11374705882352942,22,22,0.6470588235294118,0.6470588235294118,False
us,PRGDP,real_gdp,2012,3,2014,,year_after_next,2.0,10,prgdp_2009q2_2020q1,5.0,34,0.024073529411764705,0.024073529411764705,0.024073529411764705,14,14,0.4117647058823529,0.4117647058823529,False
us,PRGDP,real_gdp,2012,3,2014,,year_after_next,2.0,10,prgdp_2009q2_2020q1,10.0,34,0.0,0.004555882352941177,,0,6,0.0,0.17647058823529413,True
us,PRGDP,real_gdp,2012,3,2015,,three_years_ahead,3.0,14,prgdp_2009q2_2020q1,3.0,32,0.39924375,0.39924375,0.39924375,31,31,0.96875,0.96875,False
us,PRGDP,real_gdp,2012,3,2015,,three_years_ahead,3.0,14,prgdp_2009q2_2020q1,4.0,32,0.128171875,0.128171875,0.128171875,23,23,0.71875,0.71875,False
us,PRGDP,real_gdp,2012,3,2015,,three_years_ahead,3.0,14,prgdp_2009q2_2020q1,5.0,32,0.030450000000000005,0.030450000000000005,0.030450000000000005,15,15,0.46875,0.46875,False
us,PRGDP,real_gdp,2012,3,2015,,three_years_ahead,3.0,14,prgdp_2009q2_2020q1,10.0,32,0.0,0.00658125,,0,8,0.0,0.25,True
us,PRGDP,real_gdp,2012,4,2012,,current_year,0.0,1,prgdp_2009q2_2020q1,3.0,36,0.04395833333333334,0.04395833333333334,0.04395833333333334,14,14,0.3888888888888889,0.3888888888888889,False
us,PRGDP,real_gdp,2012,4,2012,,current_year,0.0,1,prgdp_2009q2_2020q1,4.0,36,0.005625000000000001,0.005625000000000001,0.005625000000000001,4,4,0.1111111111111111,0.1111111111111111,False
us,PRGDP,real_gdp,2012,4,2012,,current_year,0.0,1,prgdp_2009q2_2020q1,5.0,36,0.0006250000000000001,0.0006250000000000001,0.0006250000000000001,2,2,0.05555555555555555,0.05555555555555555,False
us,PRGDP,real_gdp,2012,4,2012,,current_year,0.0,1,prgdp_2009q2_2020q1,10.0,36,0.0,6.944444444444446e-05,,0,1,0.0,0.027777777777777776,True
us,PRGDP,real_gdp,2012,4,2013,,next_year,1.0,5,prgdp_2009q2_2020q1,3.0,37,0.14575945945945942,0.14575945945945942,0.14575945945945942,27,27,0.7297297297297297,0.7297297297297297,False
us,PRGDP,real_gdp,2012,4,2013,,next_year,1.0,5,prgdp_2009q2_2020q1,4.0,37,0.03285135135135136,0.03285135135135136,0.03285135135135136,18,18,0.4864864864864865,0.4864864864864865,False
us,PRGDP,real_gdp,2012,4,2013,,next_year,1.0,5,prgdp_2009q2_2020q1,5.0,37,0.002337837837837838,0.002337837837837838,0.002337837837837838,5,5,0.13513513513513514,0.13513513513513514,False
us,PRGDP,real_gdp,2012,4,2013,,next_year,1.0,5,prgdp_2009q2_2020q1,10.0,37,0.0,0.00018648648648648651,,0,2,0.0,0.05405405405405406,True
us,PRGDP,real_gdp,2012,4,2014,,year_after_next,2.0,9,prgdp_2009q2_2020q1,3.0,31,0.37785806451612913,0.37785806451612913,0.37785806451612913,30,30,0.967741935483871,0.967741935483871,False
us,PRGDP,real_gdp,2012,4,2014,,year_after_next,2.0,9,prgdp_2009q2_2020q1,4.0,31,0.12286451612903228,0.12286451612903228,0.12286451612903228,20,20,0.6451612903225806,0.6451612903225806,False
us,PRGDP,real_gdp,2012,4,2014,,year_after_next,2.0,9,prgdp_2009q2_2020q1,5.0,31,0.026825806451612907,0.026825806451612907,0.026825806451612907,14,14,0.45161290322580644,0.45161290322580644,False
us,PRGDP,real_gdp,2012,4,2014,,year_after_next,2.0,9,prgdp_2009q2_2020q1,10.0,31,0.0,0.0034709677419354846,,0,5,0.0,0.16129032258064516,True
us,PRGDP,real_gdp,2012,4,2015,,three_years_ahead,3.0,13,prgdp_2009q2_2020q1,3.0,28,0.41664285714285715,0.41664285714285715,0.4166428571428572,27,27,0.9642857142857143,0.9642857142857143,False
us,PRGDP,real_gdp,2012,4,2015,,three_years_ahead,3.0,13,prgdp_2009q2_2020q1,4.0,28,0.1563857142857143,0.1563857142857143,0.1563857142857143,21,21,0.75,0.75,False
us,PRGDP,real_gdp,2012,4,2015,,three_years_ahead,3.0,13,prgdp_2009q2_2020q1,5.0,28,0.03743571428571429,0.03743571428571429,0.03743571428571429,12,12,0.42857142857142855,0.42857142857142855,False
us,PRGDP,real_gdp,2012,4,2015,,three_years_ahead,3.0,13,prgdp_2009q2_2020q1,10.0,28,0.0,0.008450000000000001,,0,8,0.0,0.2857142857142857,True
us,PRGDP,real_gdp,2013,1,2013,,current_year,0.0,4,prgdp_2009q2_2020q1,3.0,40,0.1201575,0.1201575,0.1201575,32,32,0.8,0.8,False
us,PRGDP,real_gdp,2013,1,2013,,current_year,0.0,4,prgdp_2009q2_2020q1,4.0,40,0.0189525,0.0189525,0.0189525,13,13,0.325,0.325,False
us,PRGDP,real_gdp,2013,1,2013,,current_year,0.0,4,prgdp_2009q2_2020q1,5.0,40,0.0015725000000000003,0.0015725000000000003,0.0015725000000000003,4,4,0.1,0.1,False
us,PRGDP,real_gdp,2013,1,2013,,current_year,0.0,4,prgdp_2009q2_2020q1,10.0,40,0.0,0.00017250000000000002,,0,2,0.0,0.05,True
us,PRGDP,real_gdp,2013,1,2014,,next_year,1.0,8,prgdp_2009q2_2020q1,3.0,40,0.29954000000000003,0.29954000000000003,0.29954000000000003,37,37,0.925,0.925,False
us,PRGDP,real_gdp,2013,1,2014,,next_year,1.0,8,prgdp_2009q2_2020q1,4.0,40,0.07671999999999998,0.07671999999999998,0.07671999999999998,22,22,0.55,0.55,False
us,PRGDP,real_gdp,2013,1,2014,,next_year,1.0,8,prgdp_2009q2_2020q1,5.0,40,0.015885,0.015885,0.015885,12,12,0.3,0.3,False
us,PRGDP,real_gdp,2013,1,2014,,next_year,1.0,8,prgdp_2009q2_2020q1,10.0,40,0.0,0.00207,,0,4,0.0,0.1,True
us,PRGDP,real_gdp,2013,1,2015,,year_after_next,2.0,12,prgdp_2009q2_2020q1,3.0,30,0.3808533333333333,0.3808533333333333,0.3808533333333333,29,29,0.9666666666666667,0.9666666666666667,False
us,PRGDP,real_gdp,2013,1,2015,,year_after_next,2.0,12,prgdp_2009q2_2020q1,4.0,30,0.12843333333333334,0.12843333333333334,0.12843333333333334,17,17,0.5666666666666667,0.5666666666666667,False
us,PRGDP,real_gdp,2013,1,2015,,year_after_next,2.0,12,prgdp_2009q2_2020q1,5.0,30,0.034620000000000005,0.034620000000000005,0.034620000000000005,12,12,0.4,0.4,False
us,PRGDP,real_gdp,2013,1,2015,,year_after_next,2.0,12,prgdp_2009q2_2020q1,10.0,30,0.0,0.006180000000000001,,0,5,0.0,0.16666666666666666,True
us,PRGDP,real_gdp,2013,1,2016,,three_years_ahead,3.0,16,prgdp_2009q2_2020q1,3.0,26,0.3756,0.3756,0.3756,25,25,0.9615384615384616,0.9615384615384616,False
us,PRGDP,real_gdp,2013,1,2016,,three_years_ahead,3.0,16,prgdp_2009q2_2020q1,4.0,26,0.10783076923076923,0.10783076923076923,0.10783076923076923,15,15,0.5769230769230769,0.5769230769230769,False
us,PRGDP,real_gdp,2013,1,2016,,three_years_ahead,3.0,16,prgdp_2009q2_2020q1,5.0,26,0.02596923076923077,0.02596923076923077,0.02596923076923077,9,9,0.34615384615384615,0.34615384615384615,False
us,PRGDP,real_gdp,2013,1,2016,,three_years_ahead,3.0,16,prgdp_2009q2_2020q1,10.0,26,0.0,0.004461538461538461,,0,3,0.0,0.11538461538461539,True
us,PRGDP,real_gdp,2013,2,2013,,current_year,0.0,3,prgdp_2009q2_2020q1,3.0,38,0.09921578947368422,0.09921578947368422,0.09921578947368422,29,29,0.7631578947368421,0.7631578947368421,False
us,PRGDP,real_gdp,2013,2,2013,,current_year,0.0,3,prgdp_2009q2_2020q1,4.0,38,0.01733684210526316,0.01733684210526316,0.01733684210526316,12,12,0.3157894736842105,0.3157894736842105,False
us,PRGDP,real_gdp,2013,2,2013,,current_year,0.0,3,prgdp_2009q2_2020q1,5.0,38,0.0017763157894736842,0.0017763157894736842,0.0017763157894736842,5,5,0.13157894736842105,0.13157894736842105,False
us,PRGDP,real_gdp,2013,2,2013,,current_year,0.0,3,prgdp_2009q2_2020q1,10.0,38,0.0,0.0001368421052631579,,0,2,0.0,0.05263157894736842,True
us,PRGDP,real_gdp,2013,2,2014,,next_year,1.0,7,prgdp_2009q2_2020q1,3.0,37,0.301854054054054,0.301854054054054,0.301854054054054,35,35,0.9459459459459459,0.9459459459459459,False
us,PRGDP,real_gdp,2013,2,2014,,next_year,1.0,7,prgdp_2009q2_2020q1,4.0,37,0.0731135135135135,0.0731135135135135,0.0731135135135135,21,21,0.5675675675675675,0.5675675675675675,False
us,PRGDP,real_gdp,2013,2,2014,,next_year,1.0,7,prgdp_2009q2_2020q1,5.0,37,0.01501621621621622,0.01501621621621622,0.01501621621621622,10,10,0.2702702702702703,0.2702702702702703,False
us,PRGDP,real_gdp,2013,2,2014,,next_year,1.0,7,prgdp_2009q2_2020q1,10.0,37,0.0,0.0026594594594594595,,0,5,0.0,0.13513513513513514,True
us,PRGDP,real_gdp,2013,2,2015,,year_after_next,2.0,11,prgdp_2009q2_2020q1,3.0,27,0.397062962962963,0.397062962962963,0.39706296296296295,26,26,0.9629629629629629,0.9629629629629629,False
us,PRGDP,real_gdp,2013,2,2015,,year_after_next,2.0,11,prgdp_2009q2_2020q1,4.0,27,0.14186296296296297,0.14186296296296297,0.14186296296296297,18,18,0.6666666666666666,0.6666666666666666,False
us,PRGDP,real_gdp,2013,2,2015,,year_after_next,2.0,11,prgdp_2009q2_2020q1,5.0,27,0.03244814814814815,0.03244814814814815,0.03244814814814815,12,12,0.4444444444444444,0.4444444444444444,False
us,PRGDP,real_gdp,2013,2,2015,,year_after_next,2.0,11,prgdp_2009q2_2020q1,10.0,27,0.0,0.008085185185185185,,0,6,0.0,0.2222222222222222,True
us,PRGDP,real_gdp,2013,2,2016,,three_years_ahead,3.0,15,prgdp_2009q2_2020q1,3.0,24,0.37092083333333337,0.37092083333333337,0.3709208333333333,23,23,0.9583333333333334,0.9583333333333334,False
us,PRGDP,real_gdp,2013,2,2016,,three_years_ahead,3.0,15,prgdp_2009q2_2020q1,4.0,24,0.11910416666666666,0.11910416666666666,0.11910416666666666,16,16,0.6666666666666666,0.6666666666666666,False
us,PRGDP,real_gdp,2013,2,2016,,three_years_ahead,3.0,15,prgdp_2009q2_2020q1,5.0,24,0.03665416666666667,0.03665416666666667,0.03665416666666667,11,11,0.4583333333333333,0.4583333333333333,False
us,PRGDP,real_gdp,2013,2,2016,,three_years_ahead,3.0,15,prgdp_2009q2_2020q1,10.0,24,0.0,0.0060958333333333324,,0,5,0.0,0.20833333333333334,True
us,PRGDP,real_gdp,2013,3,2013,,current_year,0.0,2,prgdp_2009q2_2020q1,3.0,39,0.03980769230769231,0.03980769230769231,0.03980769230769231,19,19,0.48717948717948717,0.48717948717948717,False
us,PRGDP,real_gdp,2013,3,2013,,current_year,0.0,2,prgdp_2009q2_2020q1,4.0,39,0.007166666666666668,0.007166666666666668,0.007166666666666668,8,8,0.20512820512820512,0.20512820512820512,False
us,PRGDP,real_gdp,2013,3,2013,,current_year,0.0,2,prgdp_2009q2_2020q1,5.0,39,0.0013256410256410256,0.0013256410256410256,0.0013256410256410256,3,3,0.07692307692307693,0.07692307692307693,False
us,PRGDP,real_gdp,2013,3,2013,,current_year,0.0,2,prgdp_2009q2_2020q1,10.0,39,0.0,0.00026153846153846154,,0,2,0.0,0.05128205128205128,True
us,PRGDP,real_gdp,2013,3,2014,,next_year,1.0,6,prgdp_2009q2_2020q1,3.0,38,0.2837526315789473,0.2837526315789473,0.2837526315789473,34,34,0.8947368421052632,0.8947368421052632,False
us,PRGDP,real_gdp,2013,3,2014,,next_year,1.0,6,prgdp_2009q2_2020q1,4.0,38,0.07296842105263159,0.07296842105263159,0.07296842105263159,25,25,0.6578947368421053,0.6578947368421053,False
us,PRGDP,real_gdp,2013,3,2014,,next_year,1.0,6,prgdp_2009q2_2020q1,5.0,38,0.013063157894736842,0.013063157894736842,0.013063157894736842,12,12,0.3157894736842105,0.3157894736842105,False
us,PRGDP,real_gdp,2013,3,2014,,next_year,1.0,6,prgdp_2009q2_2020q1,10.0,38,0.0,0.0024000000000000002,,0,8,0.0,0.21052631578947367,True
us,PRGDP,real_gdp,2013,3,2015,,year_after_next,2.0,10,prgdp_2009q2_2020q1,3.0,29,0.3971137931034483,0.3971137931034483,0.3971137931034483,27,27,0.9310344827586207,0.9310344827586207,False
us,PRGDP,real_gdp,2013,3,2015,,year_after_next,2.0,10,prgdp_2009q2_2020q1,4.0,29,0.14721724137931033,0.14721724137931033,0.14721724137931033,22,22,0.7586206896551724,0.7586206896551724,False
us,PRGDP,real_gdp,2013,3,2015,,year_after_next,2.0,10,prgdp_2009q2_2020q1,5.0,29,0.03768620689655173,0.03768620689655173,0.03768620689655173,15,15,0.5172413793103449,0.5172413793103449,False
us,PRGDP,real_gdp,2013,3,2015,,year_after_next,2.0,10,prgdp_2009q2_2020q1,10.0,29,0.0,0.008968965517241379,,0,8,0.0,0.27586206896551724,True
us,PRGDP,real_gdp,2013,3,2016,,three_years_ahead,3.0,14,prgdp_2009q2_2020q1,3.0,26,0.3859,0.3859,0.3859,24,24,0.9230769230769231,0.9230769230769231,False
us,PRGDP,real_gdp,2013,3,2016,,three_years_ahead,3.0,14,prgdp_2009q2_2020q1,4.0,26,0.13092307692307692,0.13092307692307692,0.13092307692307692,20,20,0.7692307692307693,0.7692307692307693,False
us,PRGDP,real_gdp,2013,3,2016,,three_years_ahead,3.0,14,prgdp_2009q2_2020q1,5.0,26,0.03375000000000001,0.03375000000000001,0.03375000000000001,12,12,0.46153846153846156,0.46153846153846156,False
us,PRGDP,real_gdp,2013,3,2016,,three_years_ahead,3.0,14,prgdp_2009q2_2020q1,10.0,26,0.0,0.008388461538461539,,0,8,0.0,0.3076923076923077,True
us,PRGDP,real_gdp,2013,4,2013,,current_year,0.0,1,prgdp_2009q2_2020q1,3.0,40,0.03275,0.03275,0.03275,13,13,0.325,0.325,False
us,PRGDP,real_gdp,2013,4,2013,,current_year,0.0,1,prgdp_2009q2_2020q1,4.0,40,0.0032500000000000003,0.0032500000000000003,0.0032500000000000003,6,6,0.15,0.15,False
us,PRGDP,real_gdp,2013,4,2013,,current_year,0.0,1,prgdp_2009q2_2020q1,5.0,40,0.00025,0.00025,0.00025,1,1,0.025,0.025,False
us,PRGDP,real_gdp,2013,4,2013,,current_year,0.0,1,prgdp_2009q2_2020q1,10.0,40,0.0,0.0,,0,0,0.0,0.0,True
us,PRGDP,real_gdp,2013,4,2014,,next_year,1.0,5,prgdp_2009q2_2020q1,3.0,40,0.248245,0.248245,0.248245,37,37,0.925,0.925,False
us,PRGDP,real_gdp,2013,4,2014,,next_year,1.0,5,prgdp_2009q2_2020q1,4.0,40,0.05569500000000001,0.05569500000000001,0.05569500000000001,21,21,0.525,0.525,False
us,PRGDP,real_gdp,2013,4,2014,,next_year,1.0,5,prgdp_2009q2_2020q1,5.0,40,0.013085,0.013085,0.013085,11,11,0.275,0.275,False
us,PRGDP,real_gdp,2013,4,2014,,next_year,1.0,5,prgdp_2009q2_2020q1,10.0,40,0.0,0.00255,,0,6,0.0,0.15,True
us,PRGDP,real_gdp,2013,4,2015,,year_after_next,2.0,9,prgdp_2009q2_2020q1,3.0,33,0.3696515151515152,0.3696515151515152,0.3696515151515152,32,32,0.9696969696969697,0.9696969696969697,False
us,PRGDP,real_gdp,2013,4,2015,,year_after_next,2.0,9,prgdp_2009q2_2020q1,4.0,33,0.11176060606060607,0.11176060606060607,0.11176060606060607,20,20,0.6060606060606061,0.6060606060606061,False
us,PRGDP,real_gdp,2013,4,2015,,year_after_next,2.0,9,prgdp_2009q2_2020q1,5.0,33,0.025857575757575763,0.025857575757575763,0.025857575757575763,14,14,0.42424242424242425,0.42424242424242425,False
us,PRGDP,real_gdp,2013,4,2015,,year_after_next,2.0,9,prgdp_2009q2_2020q1,10.0,33,0.0,0.005227272727272728,,0,6,0.0,0.18181818181818182,True
us,PRGDP,real_gdp,2013,4,2016,,three_years_ahead,3.0,13,prgdp_2009q2_2020q1,3.0,28,0.3886392857142857,0.3886392857142857,0.3886392857142857,27,27,0.9642857142857143,0.9642857142857143,False
us,PRGDP,real_gdp,2013,4,2016,,three_years_ahead,3.0,13,prgdp_2009q2_2020q1,4.0,28,0.12141071428571427,0.12141071428571427,0.12141071428571427,19,19,0.6785714285714286,0.6785714285714286,False
us,PRGDP,real_gdp,2013,4,2016,,three_years_ahead,3.0,13,prgdp_2009q2_2020q1,5.0,28,0.032910714285714286,0.032910714285714286,0.032910714285714286,13,13,0.4642857142857143,0.4642857142857143,False
us,PRGDP,real_gdp,2013,4,2016,,three_years_ahead,3.0,13,prgdp_2009q2_2020q1,10.0,28,0.0,0.006546428571428571,,0,6,0.0,0.21428571428571427,True
us,PRGDP,real_gdp,2014,1,2014,,current_year,0.0,4,prgdp_2009q2_2020q1,3.0,42,0.3806466811966812,0.3806466811966812,0.3806466811966812,40,40,0.9523809523809523,0.9523809523809523,False
us,PRGDP,real_gdp,2014,1,2014,,current_year,0.0,4,prgdp_2009q2_2020q1,4.0,42,0.0734007452745548,0.0734007452745548,0.0734007452745548,26,26,0.6190476190476191,0.6190476190476191,False
us,PRGDP,real_gdp,2014,1,2014,,current_year,0.0,4,prgdp_2009q2_2020q1,5.0,42,0.014778978414692698,0.014778978414692698,0.014778978414692698,14,14,0.3333333333333333,0.3333333333333333,False
us,PRGDP,real_gdp,2014,1,2014,,current_year,0.0,4,prgdp_2009q2_2020q1,10.0,42,0.0,0.0017715004048337382,,0,5,0.0,0.11904761904761904,True
us,PRGDP,real_gdp,2014,1,2015,,next_year,1.0,8,prgdp_2009q2_2020q1,3.0,41,0.44395507317073163,0.44395507317073163,0.44395507317073163,41,41,1.0,1.0,False
us,PRGDP,real_gdp,2014,1,2015,,next_year,1.0,8,prgdp_2009q2_2020q1,4.0,41,0.11998392682926827,0.11998392682926827,0.1199839268292683,29,29,0.7073170731707317,0.7073170731707317,False
us,PRGDP,real_gdp,2014,1,2015,,next_year,1.0,8,prgdp_2009q2_2020q1,5.0,41,0.030608658536585367,0.030608658536585367,0.030608658536585367,18,18,0.43902439024390244,0.43902439024390244,False
us,PRGDP,real_gdp,2014,1,2015,,next_year,1.0,8,prgdp_2009q2_2020q1,10.0,41,0.0,0.006894878048780488,,0,9,0.0,0.21951219512195122,True
us,PRGDP,real_gdp,2014,1,2016,,year_after_next,2.0,12,prgdp_2009q2_2020q1,3.0,31,0.4337500520145681,0.4337500520145681,0.4337500520145681,31,31,1.0,1.0,False
us,PRGDP,real_gdp,2014,1,2016,,year_after_next,2.0,12,prgdp_2009q2_2020q1,4.0,31,0.13832091572736732,0.13832091572736732,0.13832091572736732,26,26,0.8387096774193549,0.8387096774193549,False
us,PRGDP,real_gdp,2014,1,2016,,year_after_next,2.0,12,prgdp_2009q2_2020q1,5.0,31,0.03495107082849018,0.03495107082849018,0.03495107082849018,14,14,0.45161290322580644,0.45161290322580644,False
us,PRGDP,real_gdp,2014,1,2016,,year_after_next,2.0,12,prgdp_2009q2_2020q1,10.0,31,0.0,0.008837550856905695,,0,7,0.0,0.22580645161290322,True
us,PRGDP,real_gdp,2014,1,2017,,three_years_ahead,3.0,16,prgdp_2009q2_2020q1,3.0,29,0.39457534482758616,0.39457534482758616,0.39457534482758616,29,29,1.0,1.0,False
us,PRGDP,real_gdp,2014,1,2017,,three_years_ahead,3.0,16,prgdp_2009q2_2020q1,4.0,29,0.11653841379310347,0.11653841379310347,0.11653841379310347,23,23,0.7931034482758621,0.7931034482758621,False
us,PRGDP,real_gdp,2014,1,2017,,three_years_ahead,3.0,16,prgdp_2009q2_2020q1,5.0,29,0.031100586206896555,0.031100586206896555,0.031100586206896555,12,12,0.41379310344827586,0.41379310344827586,False
us,PRGDP,real_gdp,2014,1,2017,,three_years_ahead,3.0,16,prgdp_2009q2_2020q1,10.0,29,0.0,0.009611103448275864,,0,6,0.0,0.20689655172413793,True
us,PRGDP,real_gdp,2014,2,2014,,current_year,0.0,3,prgdp_2009q2_2020q1,3.0,40,0.2682,0.2682,0.2682,39,39,0.975,0.975,False
us,PRGDP,real_gdp,2014,2,2014,,current_year,0.0,3,prgdp_2009q2_2020q1,4.0,40,0.044955,0.044955,0.044955,20,20,0.5,0.5,False
us,PRGDP,real_gdp,2014,2,2014,,current_year,0.0,3,prgdp_2009q2_2020q1,5.0,40,0.010035000000000002,0.010035000000000002,0.010035000000000002,12,12,0.3,0.3,False
us,PRGDP,real_gdp,2014,2,2014,,current_year,0.0,3,prgdp_2009q2_2020q1,10.0,40,0.0,0.0014000000000000002,,0,3,0.0,0.075,True
us,PRGDP,real_gdp,2014,2,2015,,next_year,1.0,7,prgdp_2009q2_2020q1,3.0,38,0.4331421052631579,0.4331421052631579,0.4331421052631579,38,38,1.0,1.0,False
us,PRGDP,real_gdp,2014,2,2015,,next_year,1.0,7,prgdp_2009q2_2020q1,4.0,38,0.12358421052631577,0.12358421052631577,0.12358421052631577,25,25,0.6578947368421053,0.6578947368421053,False
us,PRGDP,real_gdp,2014,2,2015,,next_year,1.0,7,prgdp_2009q2_2020q1,5.0,38,0.02933157894736842,0.02933157894736842,0.02933157894736842,13,13,0.34210526315789475,0.34210526315789475,False
us,PRGDP,real_gdp,2014,2,2015,,next_year,1.0,7,prgdp_2009q2_2020q1,10.0,38,0.0,0.006505263157894737,,0,6,0.0,0.15789473684210525,True
us,PRGDP,real_gdp,2014,2,2016,,year_after_next,2.0,11,prgdp_2009q2_2020q1,3.0,30,0.4073566666666666,0.4073566666666666,0.4073566666666666,29,29,0.9666666666666667,0.9666666666666667,False
us,PRGDP,real_gdp,2014,2,2016,,year_after_next,2.0,11,prgdp_2009q2_2020q1,4.0,30,0.14551666666666666,0.14551666666666666,0.14551666666666666,24,24,0.8,0.8,False
us,PRGDP,real_gdp,2014,2,2016,,year_after_next,2.0,11,prgdp_2009q2_2020q1,5.0,30,0.03547666666666667,0.03547666666666667,0.03547666666666667,14,14,0.4666666666666667,0.4666666666666667,False
us,PRGDP,real_gdp,2014,2,2016,,year_after_next,2.0,11,prgdp_2009q2_2020q1,10.0,30,0.0,0.00795,,0,6,0.0,0.2,True
us,PRGDP,real_gdp,2014,2,2017,,three_years_ahead,3.0,15,prgdp_2009q2_2020q1,3.0,29,0.3653034482758621,0.3653034482758621,0.3653034482758621,27,27,0.9310344827586207,0.9310344827586207,False
us,PRGDP,real_gdp,2014,2,2017,,three_years_ahead,3.0,15,prgdp_2009q2_2020q1,4.0,29,0.12666896551724138,0.12666896551724138,0.12666896551724138,23,23,0.7931034482758621,0.7931034482758621,False
us,PRGDP,real_gdp,2014,2,2017,,three_years_ahead,3.0,15,prgdp_2009q2_2020q1,5.0,29,0.03650344827586207,0.03650344827586207,0.03650344827586207,14,14,0.4827586206896552,0.4827586206896552,False
us,PRGDP,real_gdp,2014,2,2017,,three_years_ahead,3.0,15,prgdp_2009q2_2020q1,10.0,29,0.0,0.010758620689655173,,0,5,0.0,0.1724137931034483,True
us,PRGDP,real_gdp,2014,3,2014,,current_year,0.0,2,prgdp_2009q2_2020q1,3.0,41,0.13165365853658534,0.13165365853658534,0.13165365853658534,28,28,0.6829268292682927,0.6829268292682927,False
us,PRGDP,real_gdp,2014,3,2014,,current_year,0.0,2,prgdp_2009q2_2020q1,4.0,41,0.02578292682926829,0.02578292682926829,0.02578292682926829,11,11,0.2682926829268293,0.2682926829268293,False
us,PRGDP,real_gdp,2014,3,2014,,current_year,0.0,2,prgdp_2009q2_2020q1,5.0,41,0.006734146341463415,0.006734146341463415,0.006734146341463415,9,9,0.21951219512195122,0.21951219512195122,False
us,PRGDP,real_gdp,2014,3,2014,,current_year,0.0,2,prgdp_2009q2_2020q1,10.0,41,0.0,0.0007317073170731707,,0,2,0.0,0.04878048780487805,True
us,PRGDP,real_gdp,2014,3,2015,,next_year,1.0,6,prgdp_2009q2_2020q1,3.0,41,0.40195121951219515,0.40195121951219515,0.40195121951219515,40,40,0.975609756097561,0.975609756097561,False
us,PRGDP,real_gdp,2014,3,2015,,next_year,1.0,6,prgdp_2009q2_2020q1,4.0,41,0.10132195121951221,0.10132195121951221,0.10132195121951221,24,24,0.5853658536585366,0.5853658536585366,False
us,PRGDP,real_gdp,2014,3,2015,,next_year,1.0,6,prgdp_2009q2_2020q1,5.0,41,0.025695121951219514,0.025695121951219514,0.025695121951219514,16,16,0.3902439024390244,0.3902439024390244,False
us,PRGDP,real_gdp,2014,3,2015,,next_year,1.0,6,prgdp_2009q2_2020q1,10.0,41,0.0,0.003897560975609756,,0,6,0.0,0.14634146341463414,True
us,PRGDP,real_gdp,2014,3,2016,,year_after_next,2.0,10,prgdp_2009q2_2020q1,3.0,31,0.38338612903225805,0.38338612903225805,0.38338612903225805,30,30,0.967741935483871,0.967741935483871,False
us,PRGDP,real_gdp,2014,3,2016,,year_after_next,2.0,10,prgdp_2009q2_2020q1,4.0,31,0.11733129032258066,0.11733129032258066,0.11733129032258066,22,22,0.7096774193548387,0.7096774193548387,False
us,PRGDP,real_gdp,2014,3,2016,,year_after_next,2.0,10,prgdp_2009q2_2020q1,5.0,31,0.033082903225806454,0.033082903225806454,0.033082903225806454,14,14,0.45161290322580644,0.45161290322580644,False
us,PRGDP,real_gdp,2014,3,2016,,year_after_next,2.0,10,prgdp_2009q2_2020q1,10.0,31,0.0,0.004882903225806452,,0,5,0.0,0.16129032258064516,True
us,PRGDP,real_gdp,2014,3,2017,,three_years_ahead,3.0,14,prgdp_2009q2_2020q1,3.0,27,0.35562222222222223,0.35562222222222223,0.35562222222222223,26,26,0.9629629629629629,0.9629629629629629,False
us,PRGDP,real_gdp,2014,3,2017,,three_years_ahead,3.0,14,prgdp_2009q2_2020q1,4.0,27,0.11393333333333332,0.11393333333333332,0.11393333333333333,21,21,0.7777777777777778,0.7777777777777778,False
us,PRGDP,real_gdp,2014,3,2017,,three_years_ahead,3.0,14,prgdp_2009q2_2020q1,5.0,27,0.02970740740740741,0.02970740740740741,0.02970740740740741,13,13,0.48148148148148145,0.48148148148148145,False
us,PRGDP,real_gdp,2014,3,2017,,three_years_ahead,3.0,14,prgdp_2009q2_2020q1,10.0,27,0.0,0.004159259259259259,,0,4,0.0,0.14814814814814814,True
us,PRGDP,real_gdp,2014,4,2014,,current_year,0.0,1,prgdp_2009q2_2020q1,3.0,38,0.09121052631578948,0.09121052631578948,0.09121052631578948,21,21,0.5526315789473685,0.5526315789473685,False
us,PRGDP,real_gdp,2014,4,2014,,current_year,0.0,1,prgdp_2009q2_2020q1,4.0,38,0.017657894736842105,0.017657894736842105,0.017657894736842105,6,6,0.15789473684210525,0.15789473684210525,False
us,PRGDP,real_gdp,2014,4,2014,,current_year,0.0,1,prgdp_2009q2_2020q1,5.0,38,0.004789473684210527,0.004789473684210527,0.004789473684210527,4,4,0.10526315789473684,0.10526315789473684,False
us,PRGDP,real_gdp,2014,4,2014,,current_year,0.0,1,prgdp_2009q2_2020q1,10.0,38,0.0,0.0005789473684210526,,0,2,0.0,0.05263157894736842,True
us,PRGDP,real_gdp,2014,4,2015,,next_year,1.0,5,prgdp_2009q2_2020q1,3.0,38,0.41664210526315787,0.41664210526315787,0.41664210526315787,38,38,1.0,1.0,False
us,PRGDP,real_gdp,2014,4,2015,,next_year,1.0,5,prgdp_2009q2_2020q1,4.0,38,0.09703157894736841,0.09703157894736841,0.09703157894736841,23,23,0.6052631578947368,0.6052631578947368,False
us,PRGDP,real_gdp,2014,4,2015,,next_year,1.0,5,prgdp_2009q2_2020q1,5.0,38,0.024394736842105264,0.024394736842105264,0.024394736842105264,14,14,0.3684210526315789,0.3684210526315789,False
us,PRGDP,real_gdp,2014,4,2015,,next_year,1.0,5,prgdp_2009q2_2020q1,10.0,38,0.0,0.0038210526315789473,,0,5,0.0,0.13157894736842105,True
us,PRGDP,real_gdp,2014,4,2016,,year_after_next,2.0,9,prgdp_2009q2_2020q1,3.0,33,0.38037878787878787,0.38037878787878787,0.38037878787878787,32,32,0.9696969696969697,0.9696969696969697,False
us,PRGDP,real_gdp,2014,4,2016,,year_after_next,2.0,9,prgdp_2009q2_2020q1,4.0,33,0.10426969696969697,0.10426969696969697,0.10426969696969697,24,24,0.7272727272727273,0.7272727272727273,False
us,PRGDP,real_gdp,2014,4,2016,,year_after_next,2.0,9,prgdp_2009q2_2020q1,5.0,33,0.022493939393939396,0.022493939393939396,0.022493939393939396,13,13,0.3939393939393939,0.3939393939393939,False
us,PRGDP,real_gdp,2014,4,2016,,year_after_next,2.0,9,prgdp_2009q2_2020q1,10.0,33,0.0,0.0025303030303030307,,0,5,0.0,0.15151515151515152,True
us,PRGDP,real_gdp,2014,4,2017,,three_years_ahead,3.0,13,prgdp_2009q2_2020q1,3.0,28,0.34591428571428573,0.34591428571428573,0.34591428571428573,27,27,0.9642857142857143,0.9642857142857143,False
us,PRGDP,real_gdp,2014,4,2017,,three_years_ahead,3.0,13,prgdp_2009q2_2020q1,4.0,28,0.09614285714285715,0.09614285714285715,0.09614285714285715,21,21,0.75,0.75,False
us,PRGDP,real_gdp,2014,4,2017,,three_years_ahead,3.0,13,prgdp_2009q2_2020q1,5.0,28,0.019378571428571433,0.019378571428571433,0.019378571428571433,10,10,0.35714285714285715,0.35714285714285715,False
us,PRGDP,real_gdp,2014,4,2017,,three_years_ahead,3.0,13,prgdp_2009q2_2020q1,10.0,28,0.0,0.0038785714285714287,,0,4,0.0,0.14285714285714285,True
us,PRGDP,real_gdp,2015,1,2015,,current_year,0.0,4,prgdp_2009q2_2020q1,3.0,34,0.4816235294117647,0.4816235294117647,0.4816235294117647,34,34,1.0,1.0,False
us,PRGDP,real_gdp,2015,1,2015,,current_year,0.0,4,prgdp_2009q2_2020q1,4.0,34,0.11537058823529411,0.11537058823529411,0.11537058823529411,25,25,0.7352941176470589,0.7352941176470589,False
us,PRGDP,real_gdp,2015,1,2015,,current_year,0.0,4,prgdp_2009q2_2020q1,5.0,34,0.024858823529411763,0.024858823529411763,0.024858823529411763,14,14,0.4117647058823529,0.4117647058823529,False
us,PRGDP,real_gdp,2015,1,2015,,current_year,0.0,4,prgdp_2009q2_2020q1,10.0,34,0.0,0.006417647058823529,,0,5,0.0,0.14705882352941177,True
us,PRGDP,real_gdp,2015,1,2016,,next_year,1.0,8,prgdp_2009q2_2020q1,3.0,34,0.37883235294117645,0.37883235294117645,0.37883235294117645,34,34,1.0,1.0,False
us,PRGDP,real_gdp,2015,1,2016,,next_year,1.0,8,prgdp_2009q2_2020q1,4.0,34,0.11253235294117647,0.11253235294117647,0.11253235294117647,25,25,0.7352941176470589,0.7352941176470589,False
us,PRGDP,real_gdp,2015,1,2016,,next_year,1.0,8,prgdp_2009q2_2020q1,5.0,34,0.024155882352941176,0.024155882352941176,0.024155882352941176,13,13,0.38235294117647056,0.38235294117647056,False
us,PRGDP,real_gdp,2015,1,2016,,next_year,1.0,8,prgdp_2009q2_2020q1,10.0,34,0.0,0.00715,,0,5,0.0,0.14705882352941177,True
us,PRGDP,real_gdp,2015,1,2017,,year_after_next,2.0,12,prgdp_2009q2_2020q1,3.0,25,0.34862399999999993,0.34862399999999993,0.34862399999999993,25,25,1.0,1.0,False
us,PRGDP,real_gdp,2015,1,2017,,year_after_next,2.0,12,prgdp_2009q2_2020q1,4.0,25,0.10484,0.10484,0.10484,18,18,0.72,0.72,False
us,PRGDP,real_gdp,2015,1,2017,,year_after_next,2.0,12,prgdp_2009q2_2020q1,5.0,25,0.021528000000000002,0.021528000000000002,0.021528000000000002,9,9,0.36,0.36,False
us,PRGDP,real_gdp,2015,1,2017,,year_after_next,2.0,12,prgdp_2009q2_2020q1,10.0,25,0.0,0.005336,,0,5,0.0,0.2,True
us,PRGDP,real_gdp,2015,1,2018,,three_years_ahead,3.0,16,prgdp_2009q2_2020q1,3.0,23,0.3333826086956522,0.3333826086956522,0.3333826086956522,23,23,1.0,1.0,False
us,PRGDP,real_gdp,2015,1,2018,,three_years_ahead,3.0,16,prgdp_2009q2_2020q1,4.0,23,0.0953391304347826,0.0953391304347826,0.0953391304347826,16,16,0.6956521739130435,0.6956521739130435,False
us,PRGDP,real_gdp,2015,1,2018,,three_years_ahead,3.0,16,prgdp_2009q2_2020q1,5.0,23,0.023565217391304353,0.023565217391304353,0.023565217391304353,9,9,0.391304347826087,0.391304347826087,False
us,PRGDP,real_gdp,2015,1,2018,,three_years_ahead,3.0,16,prgdp_2009q2_2020q1,10.0,23,0.0,0.004973913043478261,,0,4,0.0,0.17391304347826086,True
us,PRGDP,real_gdp,2015,2,2015,,current_year,0.0,3,prgdp_2009q2_2020q1,3.0,39,0.20768815384615388,0.20768815384615388,0.20768815384615388,34,34,0.8717948717948718,0.8717948717948718,False
us,PRGDP,real_gdp,2015,2,2015,,current_year,0.0,3,prgdp_2009q2_2020q1,4.0,39,0.048624999999999995,0.048624999999999995,0.048624999999999995,18,18,0.46153846153846156,0.46153846153846156,False
us,PRGDP,real_gdp,2015,2,2015,,current_year,0.0,3,prgdp_2009q2_2020q1,5.0,39,0.010405897435897437,0.010405897435897437,0.010405897435897437,13,13,0.3333333333333333,0.3333333333333333,False
us,PRGDP,real_gdp,2015,2,2015,,current_year,0.0,3,prgdp_2009q2_2020q1,10.0,39,0.0,0.001624923076923077,,0,2,0.0,0.05128205128205128,True
us,PRGDP,real_gdp,2015,2,2016,,next_year,1.0,7,prgdp_2009q2_2020q1,3.0,39,0.2988486666666667,0.2988486666666667,0.2988486666666667,38,38,0.9743589743589743,0.9743589743589743,False
us,PRGDP,real_gdp,2015,2,2016,,next_year,1.0,7,prgdp_2009q2_2020q1,4.0,39,0.07662810256410257,0.07662810256410257,0.07662810256410257,21,21,0.5384615384615384,0.5384615384615384,False
us,PRGDP,real_gdp,2015,2,2016,,next_year,1.0,7,prgdp_2009q2_2020q1,5.0,39,0.019897307692307693,0.019897307692307693,0.019897307692307693,15,15,0.38461538461538464,0.38461538461538464,False
us,PRGDP,real_gdp,2015,2,2016,,next_year,1.0,7,prgdp_2009q2_2020q1,10.0,39,0.0,0.004647307692307693,,0,7,0.0,0.1794871794871795,True
us,PRGDP,real_gdp,2015,2,2017,,year_after_next,2.0,11,prgdp_2009q2_2020q1,3.0,29,0.2880623448275862,0.2880623448275862,0.2880623448275862,27,27,0.9310344827586207,0.9310344827586207,False
us,PRGDP,real_gdp,2015,2,2017,,year_after_next,2.0,11,prgdp_2009q2_2020q1,4.0,29,0.09122731034482758,0.09122731034482758,0.09122731034482758,16,16,0.5517241379310345,0.5517241379310345,False
us,PRGDP,real_gdp,2015,2,2017,,year_after_next,2.0,11,prgdp_2009q2_2020q1,5.0,29,0.03418831034482759,0.03418831034482759,0.03418831034482759,11,11,0.3793103448275862,0.3793103448275862,False
us,PRGDP,real_gdp,2015,2,2017,,year_after_next,2.0,11,prgdp_2009q2_2020q1,10.0,29,0.0,0.013601689655172415,,0,6,0.0,0.20689655172413793,True
us,PRGDP,real_gdp,2015,2,2018,,three_years_ahead,3.0,15,prgdp_2009q2_2020q1,3.0,26,0.27051278420509195,0.27051278420509195,0.27051278420509195,23,23,0.8846153846153846,0.8846153846153846,False
us,PRGDP,real_gdp,2015,2,2018,,three_years_ahead,3.0,15,prgdp_2009q2_2020q1,4.0,26,0.0938013946013946,0.0938013946013946,0.0938013946013946,15,15,0.5769230769230769,0.5769230769230769,False
us,PRGDP,real_gdp,2015,2,2018,,three_years_ahead,3.0,15,prgdp_2009q2_2020q1,5.0,26,0.03685689061073676,0.03685689061073676,0.03685689061073676,10,10,0.38461538461538464,0.38461538461538464,False
us,PRGDP,real_gdp,2015,2,2018,,three_years_ahead,3.0,15,prgdp_2009q2_2020q1,10.0,26,0.0,0.01690281049511819,,0,5,0.0,0.19230769230769232,True
us,PRGDP,real_gdp,2015,3,2015,,current_year,0.0,2,prgdp_2009q2_2020q1,3.0,38,0.14929544283087298,0.14929544283087298,0.14929544283087298,30,30,0.7894736842105263,0.7894736842105263,False
us,PRGDP,real_gdp,2015,3,2015,,current_year,0.0,2,prgdp_2009q2_2020q1,4.0,38,0.02737649989981589,0.02737649989981589,0.02737649989981589,16,16,0.42105263157894735,0.42105263157894735,False
us,PRGDP,real_gdp,2015,3,2015,,current_year,0.0,2,prgdp_2009q2_2020q1,5.0,38,0.005355421052473684,0.005355421052473684,0.005355421052473684,8,8,0.21052631578947367,0.21052631578947367,False
us,PRGDP,real_gdp,2015,3,2015,,current_year,0.0,2,prgdp_2009q2_2020q1,10.0,38,0.0,0.0005526315789473685,,0,2,0.0,0.05263157894736842,True
us,PRGDP,real_gdp,2015,3,2016,,next_year,1.0,6,prgdp_2009q2_2020q1,3.0,38,0.2615155162607995,0.2615155162607995,0.2615155162607995,36,36,0.9473684210526315,0.9473684210526315,False
us,PRGDP,real_gdp,2015,3,2016,,next_year,1.0,6,prgdp_2009q2_2020q1,4.0,38,0.0690176826165279,0.0690176826165279,0.0690176826165279,22,22,0.5789473684210527,0.5789473684210527,False
us,PRGDP,real_gdp,2015,3,2016,,next_year,1.0,6,prgdp_2009q2_2020q1,5.0,38,0.015456736774842173,0.015456736774842173,0.015456736774842173,14,14,0.3684210526315789,0.3684210526315789,False
us,PRGDP,real_gdp,2015,3,2016,,next_year,1.0,6,prgdp_2009q2_2020q1,10.0,38,0.0,0.002432263157210527,,0,7,0.0,0.18421052631578946,True
us,PRGDP,real_gdp,2015,3,2017,,year_after_next,2.0,10,prgdp_2009q2_2020q1,3.0,29,0.2776370985224729,0.2776370985224729,0.2776370985224729,28,28,0.9655172413793104,0.9655172413793104,False
us,PRGDP,real_gdp,2015,3,2017,,year_after_next,2.0,10,prgdp_2009q2_2020q1,4.0,29,0.08218273234477501,0.08218273234477501,0.08218273234477501,18,18,0.6206896551724138,0.6206896551724138,False
us,PRGDP,real_gdp,2015,3,2017,,year_after_next,2.0,10,prgdp_2009q2_2020q1,5.0,29,0.023638897560553745,0.023638897560553745,0.023638897560553745,12,12,0.41379310344827586,0.41379310344827586,False
us,PRGDP,real_gdp,2015,3,2017,,year_after_next,2.0,10,prgdp_2009q2_2020q1,10.0,29,0.0,0.006677103499034584,,0,7,0.0,0.2413793103448276,True
us,PRGDP,real_gdp,2015,3,2018,,three_years_ahead,3.0,14,prgdp_2009q2_2020q1,3.0,27,0.28220153789846214,0.28220153789846214,0.28220153789846214,27,27,1.0,1.0,False
us,PRGDP,real_gdp,2015,3,2018,,three_years_ahead,3.0,14,prgdp_2009q2_2020q1,4.0,27,0.0771994745820069,0.0771994745820069,0.07719947458200689,16,16,0.5925925925925926,0.5925925925925926,False
us,PRGDP,real_gdp,2015,3,2018,,three_years_ahead,3.0,14,prgdp_2009q2_2020q1,5.0,27,0.0207986651013349,0.0207986651013349,0.0207986651013349,11,11,0.4074074074074074,0.4074074074074074,False
us,PRGDP,real_gdp,2015,3,2018,,three_years_ahead,3.0,14,prgdp_2009q2_2020q1,10.0,27,0.0,0.005746629434852046,,0,6,0.0,0.2222222222222222,True
us,PRGDP,real_gdp,2015,4,2015,,current_year,0.0,1,prgdp_2009q2_2020q1,3.0,38,0.10075789473684207,0.10075789473684207,0.10075789473684207,27,27,0.7105263157894737,0.7105263157894737,False
us,PRGDP,real_gdp,2015,4,2015,,current_year,0.0,1,prgdp_2009q2_2020q1,4.0,38,0.019376315789473686,0.019376315789473686,0.019376315789473686,10,10,0.2631578947368421,0.2631578947368421,False
us,PRGDP,real_gdp,2015,4,2015,,current_year,0.0,1,prgdp_2009q2_2020q1,5.0,38,0.002118421052631579,0.002118421052631579,0.002118421052631579,6,6,0.15789473684210525,0.15789473684210525,False
us,PRGDP,real_gdp,2015,4,2015,,current_year,0.0,1,prgdp_2009q2_2020q1,10.0,38,0.0,0.0002289473684210526,,0,2,0.0,0.05263157894736842,True
us,PRGDP,real_gdp,2015,4,2016,,next_year,1.0,5,prgdp_2009q2_2020q1,3.0,39,0.2303897435897436,0.2303897435897436,0.2303897435897436,36,36,0.9230769230769231,0.9230769230769231,False
us,PRGDP,real_gdp,2015,4,2016,,next_year,1.0,5,prgdp_2009q2_2020q1,4.0,39,0.06116410256410257,0.06116410256410257,0.06116410256410257,21,21,0.5384615384615384,0.5384615384615384,False
us,PRGDP,real_gdp,2015,4,2016,,next_year,1.0,5,prgdp_2009q2_2020q1,5.0,39,0.010446153846153846,0.010446153846153846,0.010446153846153846,14,14,0.358974358974359,0.358974358974359,False
us,PRGDP,real_gdp,2015,4,2016,,next_year,1.0,5,prgdp_2009q2_2020q1,10.0,39,0.0,0.0018974358974358973,,0,7,0.0,0.1794871794871795,True
us,PRGDP,real_gdp,2015,4,2017,,year_after_next,2.0,9,prgdp_2009q2_2020q1,3.0,33,0.254039393939394,0.254039393939394,0.254039393939394,31,31,0.9393939393939394,0.9393939393939394,False
us,PRGDP,real_gdp,2015,4,2017,,year_after_next,2.0,9,prgdp_2009q2_2020q1,4.0,33,0.07215151515151516,0.07215151515151516,0.07215151515151516,17,17,0.5151515151515151,0.5151515151515151,False
us,PRGDP,real_gdp,2015,4,2017,,year_after_next,2.0,9,prgdp_2009q2_2020q1,5.0,33,0.01596060606060606,0.01596060606060606,0.01596060606060606,12,12,0.36363636363636365,0.36363636363636365,False
us,PRGDP,real_gdp,2015,4,2017,,year_after_next,2.0,9,prgdp_2009q2_2020q1,10.0,33,0.0,0.004021212121212122,,0,8,0.0,0.24242424242424243,True
us,PRGDP,real_gdp,2015,4,2018,,three_years_ahead,3.0,13,prgdp_2009q2_2020q1,3.0,29,0.24423103448275862,0.24423103448275862,0.24423103448275862,25,25,0.8620689655172413,0.8620689655172413,False
us,PRGDP,real_gdp,2015,4,2018,,three_years_ahead,3.0,13,prgdp_2009q2_2020q1,4.0,29,0.07041034482758621,0.07041034482758621,0.07041034482758621,16,16,0.5517241379310345,0.5517241379310345,False
us,PRGDP,real_gdp,2015,4,2018,,three_years_ahead,3.0,13,prgdp_2009q2_2020q1,5.0,29,0.018317241379310345,0.018317241379310345,0.018317241379310345,11,11,0.3793103448275862,0.3793103448275862,False
us,PRGDP,real_gdp,2015,4,2018,,three_years_ahead,3.0,13,prgdp_2009q2_2020q1,10.0,29,0.0,0.0047931034482758626,,0,7,0.0,0.2413793103448276,True
us,PRGDP,real_gdp,2016,1,2016,,current_year,0.0,4,prgdp_2009q2_2020q1,3.0,37,0.0995027027027027,0.0995027027027027,0.0995027027027027,24,24,0.6486486486486487,0.6486486486486487,False
us,PRGDP,real_gdp,2016,1,2016,,current_year,0.0,4,prgdp_2009q2_2020q1,4.0,37,0.015899999999999997,0.015899999999999997,0.015899999999999997,12,12,0.32432432432432434,0.32432432432432434,False
us,PRGDP,real_gdp,2016,1,2016,,current_year,0.0,4,prgdp_2009q2_2020q1,5.0,37,0.0028918918918918917,0.0028918918918918917,0.0028918918918918917,8,8,0.21621621621621623,0.21621621621621623,False
us,PRGDP,real_gdp,2016,1,2016,,current_year,0.0,4,prgdp_2009q2_2020q1,10.0,37,0.0,0.0006324324324324324,,0,4,0.0,0.10810810810810811,True
us,PRGDP,real_gdp,2016,1,2017,,next_year,1.0,8,prgdp_2009q2_2020q1,3.0,36,0.14644444444444443,0.14644444444444443,0.14644444444444443,29,29,0.8055555555555556,0.8055555555555556,False
us,PRGDP,real_gdp,2016,1,2017,,next_year,1.0,8,prgdp_2009q2_2020q1,4.0,36,0.035577777777777785,0.035577777777777785,0.035577777777777785,15,15,0.4166666666666667,0.4166666666666667,False
us,PRGDP,real_gdp,2016,1,2017,,next_year,1.0,8,prgdp_2009q2_2020q1,5.0,36,0.00703611111111111,0.00703611111111111,0.00703611111111111,10,10,0.2777777777777778,0.2777777777777778,False
us,PRGDP,real_gdp,2016,1,2017,,next_year,1.0,8,prgdp_2009q2_2020q1,10.0,36,0.0,0.0015777777777777778,,0,5,0.0,0.1388888888888889,True
us,PRGDP,real_gdp,2016,1,2018,,year_after_next,2.0,12,prgdp_2009q2_2020q1,3.0,29,0.17539655172413796,0.17539655172413796,0.17539655172413796,25,25,0.8620689655172413,0.8620689655172413,False
us,PRGDP,real_gdp,2016,1,2018,,year_after_next,2.0,12,prgdp_2009q2_2020q1,4.0,29,0.04775862068965518,0.04775862068965518,0.04775862068965518,13,13,0.4482758620689655,0.4482758620689655,False
us,PRGDP,real_gdp,2016,1,2018,,year_after_next,2.0,12,prgdp_2009q2_2020q1,5.0,29,0.012448275862068968,0.012448275862068968,0.012448275862068968,11,11,0.3793103448275862,0.3793103448275862,False
us,PRGDP,real_gdp,2016,1,2018,,year_after_next,2.0,12,prgdp_2009q2_2020q1,10.0,29,0.0,0.0030551724137931027,,0,6,0.0,0.20689655172413793,True
us,PRGDP,real_gdp,2016,1,2019,,three_years_ahead,3.0,16,prgdp_2009q2_2020q1,3.0,25,0.17093200000000003,0.17093200000000003,0.17093200000000003,22,22,0.88,0.88,False
us,PRGDP,real_gdp,2016,1,2019,,three_years_ahead,3.0,16,prgdp_2009q2_2020q1,4.0,25,0.04906,0.04906,0.04906,11,11,0.44,0.44,False
us,PRGDP,real_gdp,2016,1,2019,,three_years_ahead,3.0,16,prgdp_2009q2_2020q1,5.0,25,0.014571999999999998,0.014571999999999998,0.014571999999999998,9,9,0.36,0.36,False
us,PRGDP,real_gdp,2016,1,2019,,three_years_ahead,3.0,16,prgdp_2009q2_2020q1,10.0,25,0.0,0.004699999999999999,,0,6,0.0,0.24,True
us,PRGDP,real_gdp,2016,2,2016,,current_year,0.0,3,prgdp_2009q2_2020q1,3.0,38,0.06474210526315788,0.06474210526315788,0.06474210526315788,24,24,0.631578947368421,0.631578947368421,False
us,PRGDP,real_gdp,2016,2,2016,,current_year,0.0,3,prgdp_2009q2_2020q1,4.0,38,0.008923684210526315,0.008923684210526315,0.008923684210526315,11,11,0.2894736842105263,0.2894736842105263,False
us,PRGDP,real_gdp,2016,2,2016,,current_year,0.0,3,prgdp_2009q2_2020q1,5.0,38,0.002221052631578947,0.002221052631578947,0.002221052631578947,6,6,0.15789473684210525,0.15789473684210525,False
us,PRGDP,real_gdp,2016,2,2016,,current_year,0.0,3,prgdp_2009q2_2020q1,10.0,38,0.0,0.0006368421052631579,,0,3,0.0,0.07894736842105263,True
us,PRGDP,real_gdp,2016,2,2017,,next_year,1.0,7,prgdp_2009q2_2020q1,3.0,38,0.14786842105263157,0.14786842105263157,0.14786842105263157,29,29,0.7631578947368421,0.7631578947368421,False
us,PRGDP,real_gdp,2016,2,2017,,next_year,1.0,7,prgdp_2009q2_2020q1,4.0,38,0.041642105263157904,0.041642105263157904,0.041642105263157904,20,20,0.5263157894736842,0.5263157894736842,False
us,PRGDP,real_gdp,2016,2,2017,,next_year,1.0,7,prgdp_2009q2_2020q1,5.0,38,0.007115789473684212,0.007115789473684212,0.007115789473684212,12,12,0.3157894736842105,0.3157894736842105,False
us,PRGDP,real_gdp,2016,2,2017,,next_year,1.0,7,prgdp_2009q2_2020q1,10.0,38,0.0,0.0015894736842105264,,0,5,0.0,0.13157894736842105,True
us,PRGDP,real_gdp,2016,2,2018,,year_after_next,2.0,11,prgdp_2009q2_2020q1,3.0,30,0.18930999999999998,0.18930999999999998,0.18930999999999998,25,25,0.8333333333333334,0.8333333333333334,False
us,PRGDP,real_gdp,2016,2,2018,,year_after_next,2.0,11,prgdp_2009q2_2020q1,4.0,30,0.05583666666666667,0.05583666666666667,0.05583666666666667,17,17,0.5666666666666667,0.5666666666666667,False
us,PRGDP,real_gdp,2016,2,2018,,year_after_next,2.0,11,prgdp_2009q2_2020q1,5.0,30,0.014323333333333334,0.014323333333333334,0.014323333333333334,13,13,0.43333333333333335,0.43333333333333335,False
us,PRGDP,real_gdp,2016,2,2018,,year_after_next,2.0,11,prgdp_2009q2_2020q1,10.0,30,0.0,0.0036133333333333334,,0,7,0.0,0.23333333333333334,True
us,PRGDP,real_gdp,2016,2,2019,,three_years_ahead,3.0,15,prgdp_2009q2_2020q1,3.0,27,0.19094444444444444,0.19094444444444444,0.19094444444444444,25,25,0.9259259259259259,0.9259259259259259,False
us,PRGDP,real_gdp,2016,2,2019,,three_years_ahead,3.0,15,prgdp_2009q2_2020q1,4.0,27,0.056388888888888884,0.056388888888888884,0.056388888888888884,15,15,0.5555555555555556,0.5555555555555556,False
us,PRGDP,real_gdp,2016,2,2019,,three_years_ahead,3.0,15,prgdp_2009q2_2020q1,5.0,27,0.01480740740740741,0.01480740740740741,0.01480740740740741,12,12,0.4444444444444444,0.4444444444444444,False
us,PRGDP,real_gdp,2016,2,2019,,three_years_ahead,3.0,15,prgdp_2009q2_2020q1,10.0,27,0.0,0.004137037037037037,,0,6,0.0,0.2222222222222222,True
us,PRGDP,real_gdp,2016,3,2016,,current_year,0.0,2,prgdp_2009q2_2020q1,3.0,34,0.03125882352941176,0.03125882352941176,0.03125882352941176,15,15,0.4411764705882353,0.4411764705882353,False
us,PRGDP,real_gdp,2016,3,2016,,current_year,0.0,2,prgdp_2009q2_2020q1,4.0,34,0.005352941176470589,0.005352941176470589,0.005352941176470589,7,7,0.20588235294117646,0.20588235294117646,False
us,PRGDP,real_gdp,2016,3,2016,,current_year,0.0,2,prgdp_2009q2_2020q1,5.0,34,0.0005,0.0005,0.0005,2,2,0.058823529411764705,0.058823529411764705,False
us,PRGDP,real_gdp,2016,3,2016,,current_year,0.0,2,prgdp_2009q2_2020q1,10.0,34,0.0,5.882352941176471e-05,,0,1,0.0,0.029411764705882353,True
us,PRGDP,real_gdp,2016,3,2017,,next_year,1.0,6,prgdp_2009q2_2020q1,3.0,36,0.1293888888888889,0.1293888888888889,0.1293888888888889,26,26,0.7222222222222222,0.7222222222222222,False
us,PRGDP,real_gdp,2016,3,2017,,next_year,1.0,6,prgdp_2009q2_2020q1,4.0,36,0.03195,0.03195,0.03195,18,18,0.5,0.5,False
us,PRGDP,real_gdp,2016,3,2017,,next_year,1.0,6,prgdp_2009q2_2020q1,5.0,36,0.004566666666666667,0.004566666666666667,0.004566666666666667,10,10,0.2777777777777778,0.2777777777777778,False
us,PRGDP,real_gdp,2016,3,2017,,next_year,1.0,6,prgdp_2009q2_2020q1,10.0,36,0.0,0.0011055555555555558,,0,5,0.0,0.1388888888888889,True
us,PRGDP,real_gdp,2016,3,2018,,year_after_next,2.0,10,prgdp_2009q2_2020q1,3.0,30,0.17606333333333335,0.17606333333333335,0.17606333333333335,27,27,0.9,0.9,False
us,PRGDP,real_gdp,2016,3,2018,,year_after_next,2.0,10,prgdp_2009q2_2020q1,4.0,30,0.04878,0.04878,0.04878,15,15,0.5,0.5,False
us,PRGDP,real_gdp,2016,3,2018,,year_after_next,2.0,10,prgdp_2009q2_2020q1,5.0,30,0.012146666666666667,0.012146666666666667,0.012146666666666667,12,12,0.4,0.4,False
us,PRGDP,real_gdp,2016,3,2018,,year_after_next,2.0,10,prgdp_2009q2_2020q1,10.0,30,0.0,0.0027233333333333332,,0,7,0.0,0.23333333333333334,True
us,PRGDP,real_gdp,2016,3,2019,,three_years_ahead,3.0,14,prgdp_2009q2_2020q1,3.0,26,0.19803076923076926,0.19803076923076926,0.19803076923076926,24,24,0.9230769230769231,0.9230769230769231,False
us,PRGDP,real_gdp,2016,3,2019,,three_years_ahead,3.0,14,prgdp_2009q2_2020q1,4.0,26,0.057169230769230764,0.057169230769230764,0.057169230769230764,15,15,0.5769230769230769,0.5769230769230769,False
us,PRGDP,real_gdp,2016,3,2019,,three_years_ahead,3.0,14,prgdp_2009q2_2020q1,5.0,26,0.013884615384615384,0.013884615384615384,0.013884615384615384,11,11,0.4230769230769231,0.4230769230769231,False
us,PRGDP,real_gdp,2016,3,2019,,three_years_ahead,3.0,14,prgdp_2009q2_2020q1,10.0,26,0.0,0.0028769230769230773,,0,6,0.0,0.23076923076923078,True
us,PRGDP,real_gdp,2016,4,2016,,current_year,0.0,1,prgdp_2009q2_2020q1,3.0,37,0.02890540540540541,0.02890540540540541,0.02890540540540541,9,9,0.24324324324324326,0.24324324324324326,False
us,PRGDP,real_gdp,2016,4,2016,,current_year,0.0,1,prgdp_2009q2_2020q1,4.0,37,0.008905405405405407,0.008905405405405407,0.008905405405405405,6,6,0.16216216216216217,0.16216216216216217,False
us,PRGDP,real_gdp,2016,4,2016,,current_year,0.0,1,prgdp_2009q2_2020q1,5.0,37,0.0030135135135135136,0.0030135135135135136,0.0030135135135135136,3,3,0.08108108108108109,0.08108108108108109,False
us,PRGDP,real_gdp,2016,4,2016,,current_year,0.0,1,prgdp_2009q2_2020q1,10.0,37,0.0,0.0005540540540540541,,0,2,0.0,0.05405405405405406,True
us,PRGDP,real_gdp,2016,4,2017,,next_year,1.0,5,prgdp_2009q2_2020q1,3.0,37,0.1288864864864865,0.1288864864864865,0.1288864864864865,26,26,0.7027027027027027,0.7027027027027027,False
us,PRGDP,real_gdp,2016,4,2017,,next_year,1.0,5,prgdp_2009q2_2020q1,4.0,37,0.03223783783783783,0.03223783783783783,0.03223783783783783,17,17,0.4594594594594595,0.4594594594594595,False
us,PRGDP,real_gdp,2016,4,2017,,next_year,1.0,5,prgdp_2009q2_2020q1,5.0,37,0.006291891891891891,0.006291891891891891,0.006291891891891891,11,11,0.2972972972972973,0.2972972972972973,False
us,PRGDP,real_gdp,2016,4,2017,,next_year,1.0,5,prgdp_2009q2_2020q1,10.0,37,0.0,0.0007405405405405406,,0,5,0.0,0.13513513513513514,True
us,PRGDP,real_gdp,2016,4,2018,,year_after_next,2.0,9,prgdp_2009q2_2020q1,3.0,30,0.16469666666666666,0.16469666666666666,0.16469666666666666,26,26,0.8666666666666667,0.8666666666666667,False
us,PRGDP,real_gdp,2016,4,2018,,year_after_next,2.0,9,prgdp_2009q2_2020q1,4.0,30,0.04146666666666666,0.04146666666666666,0.04146666666666666,15,15,0.5,0.5,False
us,PRGDP,real_gdp,2016,4,2018,,year_after_next,2.0,9,prgdp_2009q2_2020q1,5.0,30,0.008573333333333334,0.008573333333333334,0.008573333333333334,11,11,0.36666666666666664,0.36666666666666664,False
us,PRGDP,real_gdp,2016,4,2018,,year_after_next,2.0,9,prgdp_2009q2_2020q1,10.0,30,0.0,0.0013033333333333332,,0,6,0.0,0.2,True
us,PRGDP,real_gdp,2016,4,2019,,three_years_ahead,3.0,13,prgdp_2009q2_2020q1,3.0,27,0.17740740740740743,0.17740740740740743,0.17740740740740743,25,25,0.9259259259259259,0.9259259259259259,False
us,PRGDP,real_gdp,2016,4,2019,,three_years_ahead,3.0,13,prgdp_2009q2_2020q1,4.0,27,0.04713333333333334,0.04713333333333334,0.04713333333333334,14,14,0.5185185185185185,0.5185185185185185,False
us,PRGDP,real_gdp,2016,4,2019,,three_years_ahead,3.0,13,prgdp_2009q2_2020q1,5.0,27,0.013185185185185185,0.013185185185185185,0.013185185185185185,10,10,0.37037037037037035,0.37037037037037035,False
us,PRGDP,real_gdp,2016,4,2019,,three_years_ahead,3.0,13,prgdp_2009q2_2020q1,10.0,27,0.0,0.0014888888888888888,,0,5,0.0,0.18518518518518517,True
us,PRGDP,real_gdp,2017,1,2017,,current_year,0.0,4,prgdp_2009q2_2020q1,3.0,37,0.18058378378378376,0.18058378378378376,0.18058378378378376,34,34,0.918918918918919,0.918918918918919,False
us,PRGDP,real_gdp,2017,1,2017,,current_year,0.0,4,prgdp_2009q2_2020q1,4.0,37,0.0368027027027027,0.0368027027027027,0.0368027027027027,20,20,0.5405405405405406,0.5405405405405406,False
us,PRGDP,real_gdp,2017,1,2017,,current_year,0.0,4,prgdp_2009q2_2020q1,5.0,37,0.006956756756756758,0.006956756756756758,0.006956756756756758,8,8,0.21621621621621623,0.21621621621621623,False
us,PRGDP,real_gdp,2017,1,2017,,current_year,0.0,4,prgdp_2009q2_2020q1,10.0,37,0.0,0.0023216216216216216,,0,4,0.0,0.10810810810810811,True
us,PRGDP,real_gdp,2017,1,2018,,next_year,1.0,8,prgdp_2009q2_2020q1,3.0,37,0.22952432432432432,0.22952432432432432,0.22952432432432432,34,34,0.918918918918919,0.918918918918919,False
us,PRGDP,real_gdp,2017,1,2018,,next_year,1.0,8,prgdp_2009q2_2020q1,4.0,37,0.046972972972972975,0.046972972972972975,0.046972972972972975,21,21,0.5675675675675675,0.5675675675675675,False
us,PRGDP,real_gdp,2017,1,2018,,next_year,1.0,8,prgdp_2009q2_2020q1,5.0,37,0.009843243243243243,0.009843243243243243,0.009843243243243243,10,10,0.2702702702702703,0.2702702702702703,False
us,PRGDP,real_gdp,2017,1,2018,,next_year,1.0,8,prgdp_2009q2_2020q1,10.0,37,0.0,0.0030621621621621624,,0,4,0.0,0.10810810810810811,True
us,PRGDP,real_gdp,2017,1,2019,,year_after_next,2.0,12,prgdp_2009q2_2020q1,3.0,28,0.22998928571428573,0.22998928571428573,0.22998928571428573,27,27,0.9642857142857143,0.9642857142857143,False
us,PRGDP,real_gdp,2017,1,2019,,year_after_next,2.0,12,prgdp_2009q2_2020q1,4.0,28,0.06066785714285714,0.06066785714285714,0.06066785714285714,18,18,0.6428571428571429,0.6428571428571429,False
us,PRGDP,real_gdp,2017,1,2019,,year_after_next,2.0,12,prgdp_2009q2_2020q1,5.0,28,0.016835714285714287,0.016835714285714287,0.016835714285714287,9,9,0.32142857142857145,0.32142857142857145,False
us,PRGDP,real_gdp,2017,1,2019,,year_after_next,2.0,12,prgdp_2009q2_2020q1,10.0,28,0.0,0.004092857142857143,,0,3,0.0,0.10714285714285714,True
us,PRGDP,real_gdp,2017,1,2020,,three_years_ahead,3.0,16,prgdp_2009q2_2020q1,3.0,22,0.22771818181818188,0.22771818181818188,0.22771818181818182,20,20,0.9090909090909091,0.9090909090909091,False
us,PRGDP,real_gdp,2017,1,2020,,three_years_ahead,3.0,16,prgdp_2009q2_2020q1,4.0,22,0.06609999999999999,0.06609999999999999,0.06609999999999999,13,13,0.5909090909090909,0.5909090909090909,False
us,PRGDP,real_gdp,2017,1,2020,,three_years_ahead,3.0,16,prgdp_2009q2_2020q1,5.0,22,0.020872727272727272,0.020872727272727272,0.020872727272727272,7,7,0.3181818181818182,0.3181818181818182,False
us,PRGDP,real_gdp,2017,1,2020,,three_years_ahead,3.0,16,prgdp_2009q2_2020q1,10.0,22,0.0,0.006377272727272728,,0,3,0.0,0.13636363636363635,True
us,PRGDP,real_gdp,2017,2,2017,,current_year,0.0,3,prgdp_2009q2_2020q1,3.0,31,0.10056129032258064,0.10056129032258064,0.10056129032258064,23,23,0.7419354838709677,0.7419354838709677,False
us,PRGDP,real_gdp,2017,2,2017,,current_year,0.0,3,prgdp_2009q2_2020q1,4.0,31,0.012967741935483872,0.012967741935483872,0.012967741935483872,11,11,0.3548387096774194,0.3548387096774194,False
us,PRGDP,real_gdp,2017,2,2017,,current_year,0.0,3,prgdp_2009q2_2020q1,5.0,31,0.0016129032258064516,0.0016129032258064516,0.0016129032258064516,3,3,0.0967741935483871,0.0967741935483871,False
us,PRGDP,real_gdp,2017,2,2017,,current_year,0.0,3,prgdp_2009q2_2020q1,10.0,31,0.0,0.0003225806451612903,,0,1,0.0,0.03225806451612903,True
us,PRGDP,real_gdp,2017,2,2018,,next_year,1.0,7,prgdp_2009q2_2020q1,3.0,31,0.2235483870967742,0.2235483870967742,0.2235483870967742,26,26,0.8387096774193549,0.8387096774193549,False
us,PRGDP,real_gdp,2017,2,2018,,next_year,1.0,7,prgdp_2009q2_2020q1,4.0,31,0.042464516129032265,0.042464516129032265,0.042464516129032265,17,17,0.5483870967741935,0.5483870967741935,False
us,PRGDP,real_gdp,2017,2,2018,,next_year,1.0,7,prgdp_2009q2_2020q1,5.0,31,0.0063419354838709675,0.0063419354838709675,0.0063419354838709675,10,10,0.3225806451612903,0.3225806451612903,False
us,PRGDP,real_gdp,2017,2,2018,,next_year,1.0,7,prgdp_2009q2_2020q1,10.0,31,0.0,0.0007612903225806452,,0,2,0.0,0.06451612903225806,True
us,PRGDP,real_gdp,2017,2,2019,,year_after_next,2.0,11,prgdp_2009q2_2020q1,3.0,24,0.25229166666666664,0.25229166666666664,0.25229166666666664,22,22,0.9166666666666666,0.9166666666666666,False
us,PRGDP,real_gdp,2017,2,2019,,year_after_next,2.0,11,prgdp_2009q2_2020q1,4.0,24,0.05250833333333333,0.05250833333333333,0.05250833333333333,14,14,0.5833333333333334,0.5833333333333334,False
us,PRGDP,real_gdp,2017,2,2019,,year_after_next,2.0,11,prgdp_2009q2_2020q1,5.0,24,0.009533333333333333,0.009533333333333333,0.009533333333333333,8,8,0.3333333333333333,0.3333333333333333,False
us,PRGDP,real_gdp,2017,2,2019,,year_after_next,2.0,11,prgdp_2009q2_2020q1,10.0,24,0.0,0.0013000000000000002,,0,1,0.0,0.041666666666666664,True
us,PRGDP,real_gdp,2017,2,2020,,three_years_ahead,3.0,15,prgdp_2009q2_2020q1,3.0,22,0.21522727272727274,0.21522727272727274,0.21522727272727274,19,19,0.8636363636363636,0.8636363636363636,False
us,PRGDP,real_gdp,2017,2,2020,,three_years_ahead,3.0,15,prgdp_2009q2_2020q1,4.0,22,0.05938181818181818,0.05938181818181818,0.05938181818181818,13,13,0.5909090909090909,0.5909090909090909,False
us,PRGDP,real_gdp,2017,2,2020,,three_years_ahead,3.0,15,prgdp_2009q2_2020q1,5.0,22,0.014300000000000002,0.014300000000000002,0.014300000000000002,8,8,0.36363636363636365,0.36363636363636365,False
us,PRGDP,real_gdp,2017,2,2020,,three_years_ahead,3.0,15,prgdp_2009q2_2020q1,10.0,22,0.0,0.0019636363636363636,,0,2,0.0,0.09090909090909091,True
us,PRGDP,real_gdp,2017,3,2017,,current_year,0.0,2,prgdp_2009q2_2020q1,3.0,36,0.052466666666666675,0.052466666666666675,0.052466666666666675,22,22,0.6111111111111112,0.6111111111111112,False
us,PRGDP,real_gdp,2017,3,2017,,current_year,0.0,2,prgdp_2009q2_2020q1,4.0,36,0.00401111111111111,0.00401111111111111,0.00401111111111111,6,6,0.16666666666666666,0.16666666666666666,False
us,PRGDP,real_gdp,2017,3,2017,,current_year,0.0,2,prgdp_2009q2_2020q1,5.0,36,0.00039999999999999996,0.00039999999999999996,0.00039999999999999996,2,2,0.05555555555555555,0.05555555555555555,False
us,PRGDP,real_gdp,2017,3,2017,,current_year,0.0,2,prgdp_2009q2_2020q1,10.0,36,0.0,3.88888888888889e-05,,0,1,0.0,0.027777777777777776,True
us,PRGDP,real_gdp,2017,3,2018,,next_year,1.0,6,prgdp_2009q2_2020q1,3.0,36,0.1870361111111111,0.1870361111111111,0.1870361111111111,27,27,0.75,0.75,False
us,PRGDP,real_gdp,2017,3,2018,,next_year,1.0,6,prgdp_2009q2_2020q1,4.0,36,0.04140277777777778,0.04140277777777778,0.04140277777777778,18,18,0.5,0.5,False
us,PRGDP,real_gdp,2017,3,2018,,next_year,1.0,6,prgdp_2009q2_2020q1,5.0,36,0.009097222222222222,0.009097222222222222,0.009097222222222222,8,8,0.2222222222222222,0.2222222222222222,False
us,PRGDP,real_gdp,2017,3,2018,,next_year,1.0,6,prgdp_2009q2_2020q1,10.0,36,0.0,0.002716666666666667,,0,4,0.0,0.1111111111111111,True
us,PRGDP,real_gdp,2017,3,2019,,year_after_next,2.0,10,prgdp_2009q2_2020q1,3.0,29,0.2046206896551724,0.2046206896551724,0.2046206896551724,24,24,0.8275862068965517,0.8275862068965517,False
us,PRGDP,real_gdp,2017,3,2019,,year_after_next,2.0,10,prgdp_2009q2_2020q1,4.0,29,0.05827586206896553,0.05827586206896553,0.05827586206896553,17,17,0.5862068965517241,0.5862068965517241,False
us,PRGDP,real_gdp,2017,3,2019,,year_after_next,2.0,10,prgdp_2009q2_2020q1,5.0,29,0.013972413793103449,0.013972413793103449,0.013972413793103449,11,11,0.3793103448275862,0.3793103448275862,False
us,PRGDP,real_gdp,2017,3,2019,,year_after_next,2.0,10,prgdp_2009q2_2020q1,10.0,29,0.0,0.004344827586206896,,0,5,0.0,0.1724137931034483,True
us,PRGDP,real_gdp,2017,3,2020,,three_years_ahead,3.0,14,prgdp_2009q2_2020q1,3.0,25,0.204672,0.204672,0.20467200000000002,21,21,0.84,0.84,False
us,PRGDP,real_gdp,2017,3,2020,,three_years_ahead,3.0,14,prgdp_2009q2_2020q1,4.0,25,0.066528,0.066528,0.066528,16,16,0.64,0.64,False
us,PRGDP,real_gdp,2017,3,2020,,three_years_ahead,3.0,14,prgdp_2009q2_2020q1,5.0,25,0.01836,0.01836,0.01836,9,9,0.36,0.36,False
us,PRGDP,real_gdp,2017,3,2020,,three_years_ahead,3.0,14,prgdp_2009q2_2020q1,10.0,25,0.0,0.00524,,0,4,0.0,0.16,True
us,PRGDP,real_gdp,2017,4,2017,,current_year,0.0,1,prgdp_2009q2_2020q1,3.0,34,0.05108823529411765,0.05108823529411765,0.05108823529411765,13,13,0.38235294117647056,0.38235294117647056,False
us,PRGDP,real_gdp,2017,4,2017,,current_year,0.0,1,prgdp_2009q2_2020q1,4.0,34,0.006088235294117648,0.006088235294117648,0.006088235294117648,6,6,0.17647058823529413,0.17647058823529413,False
us,PRGDP,real_gdp,2017,4,2017,,current_year,0.0,1,prgdp_2009q2_2020q1,5.0,34,0.0009117647058823529,0.0009117647058823529,0.0009117647058823529,3,3,0.08823529411764706,0.08823529411764706,False
us,PRGDP,real_gdp,2017,4,2017,,current_year,0.0,1,prgdp_2009q2_2020q1,10.0,34,0.0,0.00030588235294117644,,0,2,0.0,0.058823529411764705,True
us,PRGDP,real_gdp,2017,4,2018,,next_year,1.0,5,prgdp_2009q2_2020q1,3.0,34,0.23648823529411764,0.23648823529411764,0.23648823529411764,33,33,0.9705882352941176,0.9705882352941176,False
us,PRGDP,real_gdp,2017,4,2018,,next_year,1.0,5,prgdp_2009q2_2020q1,4.0,34,0.03808823529411765,0.03808823529411765,0.03808823529411765,16,16,0.47058823529411764,0.47058823529411764,False
us,PRGDP,real_gdp,2017,4,2018,,next_year,1.0,5,prgdp_2009q2_2020q1,5.0,34,0.010182352941176472,0.010182352941176472,0.010182352941176472,11,11,0.3235294117647059,0.3235294117647059,False
us,PRGDP,real_gdp,2017,4,2018,,next_year,1.0,5,prgdp_2009q2_2020q1,10.0,34,0.0,0.0026411764705882358,,0,5,0.0,0.14705882352941177,True
us,PRGDP,real_gdp,2017,4,2019,,year_after_next,2.0,9,prgdp_2009q2_2020q1,3.0,28,0.22402857142857138,0.22402857142857138,0.22402857142857138,26,26,0.9285714285714286,0.9285714285714286,False
us,PRGDP,real_gdp,2017,4,2019,,year_after_next,2.0,9,prgdp_2009q2_2020q1,4.0,28,0.05149285714285714,0.05149285714285714,0.05149285714285714,18,18,0.6428571428571429,0.6428571428571429,False
us,PRGDP,real_gdp,2017,4,2019,,year_after_next,2.0,9,prgdp_2009q2_2020q1,5.0,28,0.012114285714285713,0.012114285714285713,0.012114285714285713,12,12,0.42857142857142855,0.42857142857142855,False
us,PRGDP,real_gdp,2017,4,2019,,year_after_next,2.0,9,prgdp_2009q2_2020q1,10.0,28,0.0,0.003378571428571428,,0,4,0.0,0.14285714285714285,True
us,PRGDP,real_gdp,2017,4,2020,,three_years_ahead,3.0,13,prgdp_2009q2_2020q1,3.0,22,0.21629999999999996,0.21629999999999996,0.21629999999999996,19,19,0.8636363636363636,0.8636363636363636,False
us,PRGDP,real_gdp,2017,4,2020,,three_years_ahead,3.0,13,prgdp_2009q2_2020q1,4.0,22,0.05841818181818182,0.05841818181818182,0.05841818181818182,14,14,0.6363636363636364,0.6363636363636364,False
us,PRGDP,real_gdp,2017,4,2020,,three_years_ahead,3.0,13,prgdp_2009q2_2020q1,5.0,22,0.014618181818181818,0.014618181818181818,0.014618181818181818,9,9,0.4090909090909091,0.4090909090909091,False
us,PRGDP,real_gdp,2017,4,2020,,three_years_ahead,3.0,13,prgdp_2009q2_2020q1,10.0,22,0.0,0.003172727272727273,,0,4,0.0,0.18181818181818182,True
us,PRGDP,real_gdp,2018,1,2018,,current_year,0.0,4,prgdp_2009q2_2020q1,3.0,30,0.32686333333333334,0.32686333333333334,0.32686333333333334,29,29,0.9666666666666667,0.9666666666666667,False
us,PRGDP,real_gdp,2018,1,2018,,current_year,0.0,4,prgdp_2009q2_2020q1,4.0,30,0.05419,0.05419,0.05419,17,17,0.5666666666666667,0.5666666666666667,False
us,PRGDP,real_gdp,2018,1,2018,,current_year,0.0,4,prgdp_2009q2_2020q1,5.0,30,0.00477,0.00477,0.00477,6,6,0.2,0.2,False
us,PRGDP,real_gdp,2018,1,2018,,current_year,0.0,4,prgdp_2009q2_2020q1,10.0,30,0.0,0.0009366666666666667,,0,5,0.0,0.16666666666666666,True
us,PRGDP,real_gdp,2018,1,2019,,next_year,1.0,8,prgdp_2009q2_2020q1,3.0,31,0.24675161290322578,0.24675161290322578,0.24675161290322578,30,30,0.967741935483871,0.967741935483871,False
us,PRGDP,real_gdp,2018,1,2019,,next_year,1.0,8,prgdp_2009q2_2020q1,4.0,31,0.055996774193548385,0.055996774193548385,0.055996774193548385,17,17,0.5483870967741935,0.5483870967741935,False
us,PRGDP,real_gdp,2018,1,2019,,next_year,1.0,8,prgdp_2009q2_2020q1,5.0,31,0.010487096774193547,0.010487096774193547,0.010487096774193547,12,12,0.3870967741935484,0.3870967741935484,False
us,PRGDP,real_gdp,2018,1,2019,,next_year,1.0,8,prgdp_2009q2_2020q1,10.0,31,0.0,0.0017516129032258065,,0,5,0.0,0.16129032258064516,True
us,PRGDP,real_gdp,2018,1,2020,,year_after_next,2.0,12,prgdp_2009q2_2020q1,3.0,24,0.16160416666666666,0.16160416666666666,0.16160416666666666,22,22,0.9166666666666666,0.9166666666666666,False
us,PRGDP,real_gdp,2018,1,2020,,year_after_next,2.0,12,prgdp_2009q2_2020q1,4.0,24,0.042604166666666665,0.042604166666666665,0.042604166666666665,13,13,0.5416666666666666,0.5416666666666666,False
us,PRGDP,real_gdp,2018,1,2020,,year_after_next,2.0,12,prgdp_2009q2_2020q1,5.0,24,0.009904166666666667,0.009904166666666667,0.009904166666666667,9,9,0.375,0.375,False
us,PRGDP,real_gdp,2018,1,2020,,year_after_next,2.0,12,prgdp_2009q2_2020q1,10.0,24,0.0,0.0014875,,0,4,0.0,0.16666666666666666,True
us,PRGDP,real_gdp,2018,1,2021,,three_years_ahead,3.0,16,prgdp_2009q2_2020q1,3.0,19,0.1526631578947369,0.1526631578947369,0.1526631578947369,16,16,0.8421052631578947,0.8421052631578947,False
us,PRGDP,real_gdp,2018,1,2021,,three_years_ahead,3.0,16,prgdp_2009q2_2020q1,4.0,19,0.04293684210526316,0.04293684210526316,0.04293684210526316,9,9,0.47368421052631576,0.47368421052631576,False
us,PRGDP,real_gdp,2018,1,2021,,three_years_ahead,3.0,16,prgdp_2009q2_2020q1,5.0,19,0.012242105263157894,0.012242105263157894,0.012242105263157894,6,6,0.3157894736842105,0.3157894736842105,False
us,PRGDP,real_gdp,2018,1,2021,,three_years_ahead,3.0,16,prgdp_2009q2_2020q1,10.0,19,0.0,0.0025736842105263157,,0,3,0.0,0.15789473684210525,True
us,PRGDP,real_gdp,2018,2,2018,,current_year,0.0,3,prgdp_2009q2_2020q1,3.0,30,0.3336866666666667,0.3336866666666667,0.3336866666666667,29,29,0.9666666666666667,0.9666666666666667,False
us,PRGDP,real_gdp,2018,2,2018,,current_year,0.0,3,prgdp_2009q2_2020q1,4.0,30,0.046306666666666677,0.046306666666666677,0.046306666666666677,15,15,0.5,0.5,False
us,PRGDP,real_gdp,2018,2,2018,,current_year,0.0,3,prgdp_2009q2_2020q1,5.0,30,0.00304,0.00304,0.00304,7,7,0.23333333333333334,0.23333333333333334,False
us,PRGDP,real_gdp,2018,2,2018,,current_year,0.0,3,prgdp_2009q2_2020q1,10.0,30,0.0,0.0001,,0,1,0.0,0.03333333333333333,True
us,PRGDP,real_gdp,2018,2,2019,,next_year,1.0,7,prgdp_2009q2_2020q1,3.0,29,0.26577241379310346,0.26577241379310346,0.26577241379310346,28,28,0.9655172413793104,0.9655172413793104,False
us,PRGDP,real_gdp,2018,2,2019,,next_year,1.0,7,prgdp_2009q2_2020q1,4.0,29,0.057034482758620705,0.057034482758620705,0.057034482758620705,16,16,0.5517241379310345,0.5517241379310345,False
us,PRGDP,real_gdp,2018,2,2019,,next_year,1.0,7,prgdp_2009q2_2020q1,5.0,29,0.01140689655172414,0.01140689655172414,0.01140689655172414,8,8,0.27586206896551724,0.27586206896551724,False
us,PRGDP,real_gdp,2018,2,2019,,next_year,1.0,7,prgdp_2009q2_2020q1,10.0,29,0.0,0.003151724137931035,,0,3,0.0,0.10344827586206896,True
us,PRGDP,real_gdp,2018,2,2020,,year_after_next,2.0,11,prgdp_2009q2_2020q1,3.0,23,0.15675652173913046,0.15675652173913046,0.15675652173913046,18,18,0.782608695652174,0.782608695652174,False
us,PRGDP,real_gdp,2018,2,2020,,year_after_next,2.0,11,prgdp_2009q2_2020q1,4.0,23,0.04718260869565218,0.04718260869565218,0.04718260869565218,12,12,0.5217391304347826,0.5217391304347826,False
us,PRGDP,real_gdp,2018,2,2020,,year_after_next,2.0,11,prgdp_2009q2_2020q1,5.0,23,0.012156521739130436,0.012156521739130436,0.012156521739130436,6,6,0.2608695652173913,0.2608695652173913,False
us,PRGDP,real_gdp,2018,2,2020,,year_after_next,2.0,11,prgdp_2009q2_2020q1,10.0,23,0.0,0.003130434782608696,,0,2,0.0,0.08695652173913043,True
us,PRGDP,real_gdp,2018,2,2021,,three_years_ahead,3.0,15,prgdp_2009q2_2020q1,3.0,19,0.14657894736842106,0.14657894736842106,0.14657894736842106,14,14,0.7368421052631579,0.7368421052631579,False
us,PRGDP,real_gdp,2018,2,2021,,three_years_ahead,3.0,15,prgdp_2009q2_2020q1,4.0,19,0.049231578947368425,0.049231578947368425,0.049231578947368425,9,9,0.47368421052631576,0.47368421052631576,False
us,PRGDP,real_gdp,2018,2,2021,,three_years_ahead,3.0,15,prgdp_2009q2_2020q1,5.0,19,0.013357894736842103,0.013357894736842103,0.013357894736842103,4,4,0.21052631578947367,0.21052631578947367,False
us,PRGDP,real_gdp,2018,2,2021,,three_years_ahead,3.0,15,prgdp_2009q2_2020q1,10.0,19,0.0,0.0040631578947368414,,0,2,0.0,0.10526315789473684,True
us,PRGDP,real_gdp,2018,3,2018,,current_year,0.0,2,prgdp_2009q2_2020q1,3.0,32,0.32430624999999996,0.32430624999999996,0.32430624999999996,31,31,0.96875,0.96875,False
us,PRGDP,real_gdp,2018,3,2018,,current_year,0.0,2,prgdp_2009q2_2020q1,4.0,32,0.038656249999999996,0.038656249999999996,0.03865625,17,17,0.53125,0.53125,False
us,PRGDP,real_gdp,2018,3,2018,,current_year,0.0,2,prgdp_2009q2_2020q1,5.0,32,0.0014375,0.0014375,0.0014375,5,5,0.15625,0.15625,False
us,PRGDP,real_gdp,2018,3,2018,,current_year,0.0,2,prgdp_2009q2_2020q1,10.0,32,0.0,9.375e-05,,0,1,0.0,0.03125,True
us,PRGDP,real_gdp,2018,3,2019,,next_year,1.0,6,prgdp_2009q2_2020q1,3.0,31,0.2771806451612904,0.2771806451612904,0.2771806451612904,30,30,0.967741935483871,0.967741935483871,False
us,PRGDP,real_gdp,2018,3,2019,,next_year,1.0,6,prgdp_2009q2_2020q1,4.0,31,0.06301290322580645,0.06301290322580645,0.06301290322580645,18,18,0.5806451612903226,0.5806451612903226,False
us,PRGDP,real_gdp,2018,3,2019,,next_year,1.0,6,prgdp_2009q2_2020q1,5.0,31,0.011374193548387097,0.011374193548387097,0.011374193548387097,8,8,0.25806451612903225,0.25806451612903225,False
us,PRGDP,real_gdp,2018,3,2019,,next_year,1.0,6,prgdp_2009q2_2020q1,10.0,31,0.0,0.0028903225806451616,,0,4,0.0,0.12903225806451613,True
us,PRGDP,real_gdp,2018,3,2020,,year_after_next,2.0,10,prgdp_2009q2_2020q1,3.0,22,0.17596363636363635,0.17596363636363635,0.17596363636363635,18,18,0.8181818181818182,0.8181818181818182,False
us,PRGDP,real_gdp,2018,3,2020,,year_after_next,2.0,10,prgdp_2009q2_2020q1,4.0,22,0.05510000000000001,0.05510000000000001,0.05510000000000001,13,13,0.5909090909090909,0.5909090909090909,False
us,PRGDP,real_gdp,2018,3,2020,,year_after_next,2.0,10,prgdp_2009q2_2020q1,5.0,22,0.01171818181818182,0.01171818181818182,0.01171818181818182,5,5,0.22727272727272727,0.22727272727272727,False
us,PRGDP,real_gdp,2018,3,2020,,year_after_next,2.0,10,prgdp_2009q2_2020q1,10.0,22,0.0,0.003509090909090909,,0,2,0.0,0.09090909090909091,True
us,PRGDP,real_gdp,2018,3,2021,,three_years_ahead,3.0,14,prgdp_2009q2_2020q1,3.0,20,0.16918,0.16918,0.16918,16,16,0.8,0.8,False
us,PRGDP,real_gdp,2018,3,2021,,three_years_ahead,3.0,14,prgdp_2009q2_2020q1,4.0,20,0.05467000000000001,0.05467000000000001,0.05467000000000001,11,11,0.55,0.55,False
us,PRGDP,real_gdp,2018,3,2021,,three_years_ahead,3.0,14,prgdp_2009q2_2020q1,5.0,20,0.01351,0.01351,0.01351,4,4,0.2,0.2,False
us,PRGDP,real_gdp,2018,3,2021,,three_years_ahead,3.0,14,prgdp_2009q2_2020q1,10.0,20,0.0,0.00432,,0,2,0.0,0.1,True
us,PRGDP,real_gdp,2018,4,2018,,current_year,0.0,1,prgdp_2009q2_2020q1,3.0,31,0.3810322580645162,0.3810322580645162,0.3810322580645162,31,31,1.0,1.0,False
us,PRGDP,real_gdp,2018,4,2018,,current_year,0.0,1,prgdp_2009q2_2020q1,4.0,31,0.026967741935483874,0.026967741935483874,0.026967741935483874,7,7,0.22580645161290322,0.22580645161290322,False
us,PRGDP,real_gdp,2018,4,2018,,current_year,0.0,1,prgdp_2009q2_2020q1,5.0,31,0.000967741935483871,0.000967741935483871,0.000967741935483871,2,2,0.06451612903225806,0.06451612903225806,False
us,PRGDP,real_gdp,2018,4,2018,,current_year,0.0,1,prgdp_2009q2_2020q1,10.0,31,0.0,0.0,,0,0,0.0,0.0,True
us,PRGDP,real_gdp,2018,4,2019,,next_year,1.0,5,prgdp_2009q2_2020q1,3.0,31,0.26694838709677415,0.26694838709677415,0.2669483870967742,30,30,0.967741935483871,0.967741935483871,False
us,PRGDP,real_gdp,2018,4,2019,,next_year,1.0,5,prgdp_2009q2_2020q1,4.0,31,0.048580645161290334,0.048580645161290334,0.048580645161290334,16,16,0.5161290322580645,0.5161290322580645,False
us,PRGDP,real_gdp,2018,4,2019,,next_year,1.0,5,prgdp_2009q2_2020q1,5.0,31,0.006,0.006,0.006,7,7,0.22580645161290322,0.22580645161290322,False
us,PRGDP,real_gdp,2018,4,2019,,next_year,1.0,5,prgdp_2009q2_2020q1,10.0,31,0.0,0.0009096774193548388,,0,2,0.0,0.06451612903225806,True
us,PRGDP,real_gdp,2018,4,2020,,year_after_next,2.0,9,prgdp_2009q2_2020q1,3.0,22,0.1572,0.1572,0.1572,15,15,0.6818181818181818,0.6818181818181818,False
us,PRGDP,real_gdp,2018,4,2020,,year_after_next,2.0,9,prgdp_2009q2_2020q1,4.0,22,0.04360909090909092,0.04360909090909092,0.04360909090909092,12,12,0.5454545454545454,0.5454545454545454,False
us,PRGDP,real_gdp,2018,4,2020,,year_after_next,2.0,9,prgdp_2009q2_2020q1,5.0,22,0.008863636363636363,0.008863636363636363,0.008863636363636363,6,6,0.2727272727272727,0.2727272727272727,False
us,PRGDP,real_gdp,2018,4,2020,,year_after_next,2.0,9,prgdp_2009q2_2020q1,10.0,22,0.0,0.002736363636363637,,0,2,0.0,0.09090909090909091,True
us,PRGDP,real_gdp,2018,4,2021,,three_years_ahead,3.0,13,prgdp_2009q2_2020q1,3.0,19,0.14130526315789474,0.14130526315789474,0.14130526315789474,14,14,0.7368421052631579,0.7368421052631579,False
us,PRGDP,real_gdp,2018,4,2021,,three_years_ahead,3.0,13,prgdp_2009q2_2020q1,4.0,19,0.03876842105263158,0.03876842105263158,0.03876842105263158,9,9,0.47368421052631576,0.47368421052631576,False
us,PRGDP,real_gdp,2018,4,2021,,three_years_ahead,3.0,13,prgdp_2009q2_2020q1,5.0,19,0.008989473684210526,0.008989473684210526,0.008989473684210526,4,4,0.21052631578947367,0.21052631578947367,False
us,PRGDP,real_gdp,2018,4,2021,,three_years_ahead,3.0,13,prgdp_2009q2_2020q1,10.0,19,0.0,0.002842105263157895,,0,2,0.0,0.10526315789473684,True
us,PRGDP,real_gdp,2019,1,2019,,current_year,0.0,4,prgdp_2009q2_2020q1,3.0,33,0.1608487878787879,0.1608487878787879,0.1608487878787879,27,27,0.8181818181818182,0.8181818181818182,False
us,PRGDP,real_gdp,2019,1,2019,,current_year,0.0,4,prgdp_2009q2_2020q1,4.0,33,0.025216272727272726,0.025216272727272726,0.025216272727272726,11,11,0.3333333333333333,0.3333333333333333,False
us,PRGDP,real_gdp,2019,1,2019,,current_year,0.0,4,prgdp_2009q2_2020q1,5.0,33,0.0027009696969696973,0.0027009696969696973,0.0027009696969696973,9,9,0.2727272727272727,0.2727272727272727,False
us,PRGDP,real_gdp,2019,1,2019,,current_year,0.0,4,prgdp_2009q2_2020q1,10.0,33,0.0,0.0004065151515151516,,0,4,0.0,0.12121212121212122,True
us,PRGDP,real_gdp,2019,1,2020,,next_year,1.0,8,prgdp_2009q2_2020q1,3.0,33,0.128496388813283,0.128496388813283,0.128496388813283,25,25,0.7575757575757576,0.7575757575757576,False
us,PRGDP,real_gdp,2019,1,2020,,next_year,1.0,8,prgdp_2009q2_2020q1,4.0,33,0.029962938862001062,0.029962938862001062,0.029962938862001062,13,13,0.3939393939393939,0.3939393939393939,False
us,PRGDP,real_gdp,2019,1,2020,,next_year,1.0,8,prgdp_2009q2_2020q1,5.0,33,0.008217242401878832,0.008217242401878832,0.008217242401878832,9,9,0.2727272727272727,0.2727272727272727,False
us,PRGDP,real_gdp,2019,1,2020,,next_year,1.0,8,prgdp_2009q2_2020q1,10.0,33,0.0,0.0022123030299393944,,0,5,0.0,0.15151515151515152,True
us,PRGDP,real_gdp,2019,1,2021,,year_after_next,2.0,12,prgdp_2009q2_2020q1,3.0,23,0.12935957022043978,0.12935957022043978,0.12935957022043978,18,18,0.782608695652174,0.782608695652174,False
us,PRGDP,real_gdp,2019,1,2021,,year_after_next,2.0,12,prgdp_2009q2_2020q1,4.0,23,0.03571956620652273,0.03571956620652273,0.03571956620652273,10,10,0.43478260869565216,0.43478260869565216,False
us,PRGDP,real_gdp,2019,1,2021,,year_after_next,2.0,12,prgdp_2009q2_2020q1,5.0,23,0.011215434893695763,0.011215434893695763,0.011215434893695763,7,7,0.30434782608695654,0.30434782608695654,False
us,PRGDP,real_gdp,2019,1,2021,,year_after_next,2.0,12,prgdp_2009q2_2020q1,10.0,23,0.0,0.002954739137347833,,0,3,0.0,0.13043478260869565,True
us,PRGDP,real_gdp,2019,1,2022,,three_years_ahead,3.0,16,prgdp_2009q2_2020q1,3.0,20,0.15598274206725796,0.15598274206725796,0.15598274206725796,18,18,0.9,0.9,False
us,PRGDP,real_gdp,2019,1,2022,,three_years_ahead,3.0,16,prgdp_2009q2_2020q1,4.0,20,0.04505949761050239,0.04505949761050239,0.04505949761050239,10,10,0.5,0.5,False
us,PRGDP,real_gdp,2019,1,2022,,three_years_ahead,3.0,16,prgdp_2009q2_2020q1,5.0,20,0.01343074950925049,0.01343074950925049,0.01343074950925049,6,6,0.3,0.3,False
us,PRGDP,real_gdp,2019,1,2022,,three_years_ahead,3.0,16,prgdp_2009q2_2020q1,10.0,20,0.0,0.0037774999325000677,,0,3,0.0,0.15,True
us,PRGDP,real_gdp,2019,2,2019,,current_year,0.0,3,prgdp_2009q2_2020q1,3.0,35,0.18989391428571428,0.18989391428571428,0.18989391428571428,31,31,0.8857142857142857,0.8857142857142857,False
us,PRGDP,real_gdp,2019,2,2019,,current_year,0.0,3,prgdp_2009q2_2020q1,4.0,35,0.022277799999999997,0.022277799999999997,0.022277799999999997,11,11,0.3142857142857143,0.3142857142857143,False
us,PRGDP,real_gdp,2019,2,2019,,current_year,0.0,3,prgdp_2009q2_2020q1,5.0,35,0.0017703428571428572,0.0017703428571428572,0.0017703428571428572,8,8,0.22857142857142856,0.22857142857142856,False
us,PRGDP,real_gdp,2019,2,2019,,current_year,0.0,3,prgdp_2009q2_2020q1,10.0,35,0.0,0.0002931714285714286,,0,2,0.0,0.05714285714285714,True
us,PRGDP,real_gdp,2019,2,2020,,next_year,1.0,7,prgdp_2009q2_2020q1,3.0,34,0.13412667867079633,0.13412667867079633,0.13412667867079633,28,28,0.8235294117647058,0.8235294117647058,False
us,PRGDP,real_gdp,2019,2,2020,,next_year,1.0,7,prgdp_2009q2_2020q1,4.0,34,0.02758897080367669,0.02758897080367669,0.02758897080367669,13,13,0.38235294117647056,0.38235294117647056,False
us,PRGDP,real_gdp,2019,2,2020,,next_year,1.0,7,prgdp_2009q2_2020q1,5.0,34,0.007008500008500009,0.007008500008500009,0.007008500008500009,7,7,0.20588235294117646,0.20588235294117646,False
us,PRGDP,real_gdp,2019,2,2020,,next_year,1.0,7,prgdp_2009q2_2020q1,10.0,34,0.0,0.0015942352942352944,,0,4,0.0,0.11764705882352941,True
us,PRGDP,real_gdp,2019,2,2021,,year_after_next,2.0,11,prgdp_2009q2_2020q1,3.0,24,0.13293057708884584,0.13293057708884584,0.13293057708884584,20,20,0.8333333333333334,0.8333333333333334,False
us,PRGDP,real_gdp,2019,2,2021,,year_after_next,2.0,11,prgdp_2009q2_2020q1,4.0,24,0.03185608228783542,0.03185608228783542,0.03185608228783542,10,10,0.4166666666666667,0.4166666666666667,False
us,PRGDP,real_gdp,2019,2,2021,,year_after_next,2.0,11,prgdp_2009q2_2020q1,5.0,24,0.010032624901416863,0.010032624901416863,0.010032624901416863,6,6,0.25,0.25,False
us,PRGDP,real_gdp,2019,2,2021,,year_after_next,2.0,11,prgdp_2009q2_2020q1,10.0,24,0.0,0.002302583328166677,,0,3,0.0,0.125,True
us,PRGDP,real_gdp,2019,2,2022,,three_years_ahead,3.0,15,prgdp_2009q2_2020q1,3.0,21,0.14066048167000547,0.14066048167000547,0.14066048167000547,18,18,0.8571428571428571,0.8571428571428571,False
us,PRGDP,real_gdp,2019,2,2022,,three_years_ahead,3.0,15,prgdp_2009q2_2020q1,4.0,21,0.03775114433209671,0.03775114433209671,0.03775114433209671,9,9,0.42857142857142855,0.42857142857142855,False
us,PRGDP,real_gdp,2019,2,2022,,three_years_ahead,3.0,15,prgdp_2009q2_2020q1,5.0,21,0.009564238364238364,0.009564238364238364,0.009564238364238364,5,5,0.23809523809523808,0.23809523809523808,False
us,PRGDP,real_gdp,2019,2,2022,,three_years_ahead,3.0,15,prgdp_2009q2_2020q1,10.0,21,0.0,0.0024708095565238422,,0,3,0.0,0.14285714285714285,True
us,PRGDP,real_gdp,2019,3,2019,,current_year,0.0,2,prgdp_2009q2_2020q1,3.0,31,0.06974516129032259,0.06974516129032259,0.06974516129032259,21,21,0.6774193548387096,0.6774193548387096,False
us,PRGDP,real_gdp,2019,3,2019,,current_year,0.0,2,prgdp_2009q2_2020q1,4.0,31,0.006229032258064516,0.006229032258064516,0.006229032258064516,7,7,0.22580645161290322,0.22580645161290322,False
us,PRGDP,real_gdp,2019,3,2019,,current_year,0.0,2,prgdp_2009q2_2020q1,5.0,31,0.0003225806451612903,0.0003225806451612903,0.0003225806451612903,1,1,0.03225806451612903,0.03225806451612903,False
us,PRGDP,real_gdp,2019,3,2019,,current_year,0.0,2,prgdp_2009q2_2020q1,10.0,31,0.0,0.0,,0,0,0.0,0.0,True
us,PRGDP,real_gdp,2019,3,2020,,next_year,1.0,6,prgdp_2009q2_2020q1,3.0,31,0.09088709677419354,0.09088709677419354,0.09088709677419354,20,20,0.6451612903225806,0.6451612903225806,False
us,PRGDP,real_gdp,2019,3,2020,,next_year,1.0,6,prgdp_2009q2_2020q1,4.0,31,0.02531612903225807,0.02531612903225807,0.02531612903225807,11,11,0.3548387096774194,0.3548387096774194,False
us,PRGDP,real_gdp,2019,3,2020,,next_year,1.0,6,prgdp_2009q2_2020q1,5.0,31,0.006145161290322582,0.006145161290322582,0.006145161290322582,5,5,0.16129032258064516,0.16129032258064516,False
us,PRGDP,real_gdp,2019,3,2020,,next_year,1.0,6,prgdp_2009q2_2020q1,10.0,31,0.0,0.0008354838709677422,,0,3,0.0,0.0967741935483871,True
us,PRGDP,real_gdp,2019,3,2021,,year_after_next,2.0,10,prgdp_2009q2_2020q1,3.0,20,0.1217,0.1217,0.1217,14,14,0.7,0.7,False
us,PRGDP,real_gdp,2019,3,2021,,year_after_next,2.0,10,prgdp_2009q2_2020q1,4.0,20,0.03692,0.03692,0.03692,8,8,0.4,0.4,False
us,PRGDP,real_gdp,2019,3,2021,,year_after_next,2.0,10,prgdp_2009q2_2020q1,5.0,20,0.013230000000000002,0.013230000000000002,0.013230000000000002,4,4,0.2,0.2,False
us,PRGDP,real_gdp,2019,3,2021,,year_after_next,2.0,10,prgdp_2009q2_2020q1,10.0,20,0.0,0.003920000000000001,,0,2,0.0,0.1,True
us,PRGDP,real_gdp,2019,3,2022,,three_years_ahead,3.0,14,prgdp_2009q2_2020q1,3.0,17,0.14083529411764706,0.14083529411764706,0.14083529411764706,15,15,0.8823529411764706,0.8823529411764706,False
us,PRGDP,real_gdp,2019,3,2022,,three_years_ahead,3.0,14,prgdp_2009q2_2020q1,4.0,17,0.03801176470588235,0.03801176470588235,0.03801176470588235,7,7,0.4117647058823529,0.4117647058823529,False
us,PRGDP,real_gdp,2019,3,2022,,three_years_ahead,3.0,14,prgdp_2009q2_2020q1,5.0,17,0.012447058823529408,0.012447058823529408,0.012447058823529408,4,4,0.23529411764705882,0.23529411764705882,False
us,PRGDP,real_gdp,2019,3,2022,,three_years_ahead,3.0,14,prgdp_2009q2_2020q1,10.0,17,0.0,0.0033176470588235293,,0,2,0.0,0.11764705882352941,True
us,PRGDP,real_gdp,2019,4,2019,,current_year,0.0,1,prgdp_2009q2_2020q1,3.0,31,0.0399258064516129,0.0399258064516129,0.0399258064516129,13,13,0.41935483870967744,0.41935483870967744,False
us,PRGDP,real_gdp,2019,4,2019,,current_year,0.0,1,prgdp_2009q2_2020q1,4.0,31,0.006129032258064516,0.006129032258064516,0.006129032258064516,4,4,0.12903225806451613,0.12903225806451613,False
us,PRGDP,real_gdp,2019,4,2019,,current_year,0.0,1,prgdp_2009q2_2020q1,5.0,31,0.0003225806451612903,0.0003225806451612903,0.0003225806451612903,1,1,0.03225806451612903,0.03225806451612903,False
us,PRGDP,real_gdp,2019,4,2019,,current_year,0.0,1,prgdp_2009q2_2020q1,10.0,31,0.0,0.0,,0,0,0.0,0.0,True
us,PRGDP,real_gdp,2019,4,2020,,next_year,1.0,5,prgdp_2009q2_2020q1,3.0,31,0.06926774193548386,0.06926774193548386,0.06926774193548386,20,20,0.6451612903225806,0.6451612903225806,False
us,PRGDP,real_gdp,2019,4,2020,,next_year,1.0,5,prgdp_2009q2_2020q1,4.0,31,0.012958064516129034,0.012958064516129034,0.012958064516129034,9,9,0.2903225806451613,0.2903225806451613,False
us,PRGDP,real_gdp,2019,4,2020,,next_year,1.0,5,prgdp_2009q2_2020q1,5.0,31,0.001587096774193548,0.001587096774193548,0.001587096774193548,3,3,0.0967741935483871,0.0967741935483871,False
us,PRGDP,real_gdp,2019,4,2020,,next_year,1.0,5,prgdp_2009q2_2020q1,10.0,31,0.0,0.00016129032258064516,,0,1,0.0,0.03225806451612903,True
us,PRGDP,real_gdp,2019,4,2021,,year_after_next,2.0,9,prgdp_2009q2_2020q1,3.0,27,0.0876,0.0876,0.0876,19,19,0.7037037037037037,0.7037037037037037,False
us,PRGDP,real_gdp,2019,4,2021,,year_after_next,2.0,9,prgdp_2009q2_2020q1,4.0,27,0.02132592592592593,0.02132592592592593,0.02132592592592593,9,9,0.3333333333333333,0.3333333333333333,False
us,PRGDP,real_gdp,2019,4,2021,,year_after_next,2.0,9,prgdp_2009q2_2020q1,5.0,27,0.003992592592592593,0.003992592592592593,0.003992592592592593,3,3,0.1111111111111111,0.1111111111111111,False
us,PRGDP,real_gdp,2019,4,2021,,year_after_next,2.0,9,prgdp_2009q2_2020q1,10.0,27,0.0,0.0007629629629629631,,0,2,0.0,0.07407407407407407,True
us,PRGDP,real_gdp,2019,4,2022,,three_years_ahead,3.0,13,prgdp_2009q2_2020q1,3.0,20,0.10828,0.10828,0.10828,16,16,0.8,0.8,False
us,PRGDP,real_gdp,2019,4,2022,,three_years_ahead,3.0,13,prgdp_2009q2_2020q1,4.0,20,0.02767,0.02767,0.02767,9,9,0.45,0.45,False
us,PRGDP,real_gdp,2019,4,2022,,three_years_ahead,3.0,13,prgdp_2009q2_2020q1,5.0,20,0.005259999999999999,0.005259999999999999,0.005259999999999999,4,4,0.2,0.2,False
us,PRGDP,real_gdp,2019,4,2022,,three_years_ahead,3.0,13,prgdp_2009q2_2020q1,10.0,20,0.0,0.0009699999999999998,,0,2,0.0,0.1,True
us,PRGDP,real_gdp,2020,1,2020,,current_year,0.0,4,prgdp_2009q2_2020q1,3.0,30,0.07078000000000001,0.07078000000000001,0.07078000000000001,23,23,0.7666666666666667,0.7666666666666667,False
us,PRGDP,real_gdp,2020,1,2020,,current_year,0.0,4,prgdp_2009q2_2020q1,4.0,30,0.005826666666666667,0.005826666666666667,0.005826666666666667,7,7,0.23333333333333334,0.23333333333333334,False
us,PRGDP,real_gdp,2020,1,2020,,current_year,0.0,4,prgdp_2009q2_2020q1,5.0,30,0.0006133333333333334,0.0006133333333333334,0.0006133333333333334,3,3,0.1,0.1,False
us,PRGDP,real_gdp,2020,1,2020,,current_year,0.0,4,prgdp_2009q2_2020q1,10.0,30,0.0,3.9999999999999996e-05,,0,1,0.0,0.03333333333333333,True
us,PRGDP,real_gdp,2020,1,2021,,next_year,1.0,8,prgdp_2009q2_2020q1,3.0,30,0.09572333333333335,0.09572333333333335,0.09572333333333335,22,22,0.7333333333333333,0.7333333333333333,False
us,PRGDP,real_gdp,2020,1,2021,,next_year,1.0,8,prgdp_2009q2_2020q1,4.0,30,0.02112666666666667,0.02112666666666667,0.02112666666666667,10,10,0.3333333333333333,0.3333333333333333,False
us,PRGDP,real_gdp,2020,1,2021,,next_year,1.0,8,prgdp_2009q2_2020q1,5.0,30,0.004723333333333333,0.004723333333333333,0.004723333333333333,4,4,0.13333333333333333,0.13333333333333333,False
us,PRGDP,real_gdp,2020,1,2021,,next_year,1.0,8,prgdp_2009q2_2020q1,10.0,30,0.0,0.0011666666666666668,,0,2,0.0,0.06666666666666667,True
us,PRGDP,real_gdp,2020,1,2022,,year_after_next,2.0,12,prgdp_2009q2_2020q1,3.0,22,0.10061818181818184,0.10061818181818184,0.10061818181818184,15,15,0.6818181818181818,0.6818181818181818,False
us,PRGDP,real_gdp,2020,1,2022,,year_after_next,2.0,12,prgdp_2009q2_2020q1,4.0,22,0.029236363636363637,0.029236363636363637,0.02923636363636363,9,9,0.4090909090909091,0.4090909090909091,False
us,PRGDP,real_gdp,2020,1,2022,,year_after_next,2.0,12,prgdp_2009q2_2020q1,5.0,22,0.00749090909090909,0.00749090909090909,0.00749090909090909,4,4,0.18181818181818182,0.18181818181818182,False
us,PRGDP,real_gdp,2020,1,2022,,year_after_next,2.0,12,prgdp_2009q2_2020q1,10.0,22,0.0,0.0018090909090909088,,0,2,0.0,0.09090909090909091,True
us,PRGDP,real_gdp,2020,1,2023,,three_years_ahead,3.0,16,prgdp_2009q2_2020q1,3.0,19,0.1089578947368421,0.1089578947368421,0.1089578947368421,14,14,0.7368421052631579,0.7368421052631579,False
us,PRGDP,real_gdp,2020,1,2023,,three_years_ahead,3.0,16,prgdp_2009q2_2020q1,4.0,19,0.030978947368421054,0.030978947368421054,0.030978947368421054,8,8,0.42105263157894735,0.42105263157894735,False
us,PRGDP,real_gdp,2020,1,2023,,three_years_ahead,3.0,16,prgdp_2009q2_2020q1,5.0,19,0.008294736842105263,0.008294736842105263,0.008294736842105263,4,4,0.21052631578947367,0.21052631578947367,False
us,PRGDP,real_gdp,2020,1,2023,,three_years_ahead,3.0,16,prgdp_2009q2_2020q1,10.0,19,0.0,0.0026736842105263155,,0,2,0.0,0.10526315789473684,True
us,PRGDP,real_gdp,2020,2,2020,,current_year,0.0,3,prgdp_wide_2020q2_2024q1,3.0,34,0.00010588235294117646,0.0002970588235294118,0.00023333333333333336,1,1,0.029411764705882353,0.029411764705882353,False
us,PRGDP,real_gdp,2020,2,2020,,current_year,0.0,3,prgdp_wide_2020q2_2024q1,4.0,34,0.00010588235294117646,0.00010588235294117646,0.00010588235294117646,1,1,0.029411764705882353,0.029411764705882353,False
us,PRGDP,real_gdp,2020,2,2020,,current_year,0.0,3,prgdp_wide_2020q2_2024q1,5.0,34,0.0,0.00010588235294117646,7.058823529411764e-05,0,1,0.0,0.029411764705882353,False
us,PRGDP,real_gdp,2020,2,2020,,current_year,0.0,3,prgdp_wide_2020q2_2024q1,10.0,34,0.0,0.0,0.0,0,0,0.0,0.0,False
us,PRGDP,real_gdp,2020,2,2021,,next_year,1.0,7,prgdp_wide_2020q2_2024q1,3.0,33,0.2934242424242424,0.5538787878787879,0.4670606060606061,28,32,0.8484848484848485,0.9696969696969697,False
us,PRGDP,real_gdp,2020,2,2021,,next_year,1.0,7,prgdp_wide_2020q2_2024q1,4.0,33,0.2934242424242424,0.2934242424242424,0.2934242424242424,28,28,0.8484848484848485,0.8484848484848485,False
us,PRGDP,real_gdp,2020,2,2021,,next_year,1.0,7,prgdp_wide_2020q2_2024q1,5.0,33,0.0687878787878788,0.2934242424242424,0.21854545454545454,18,28,0.5454545454545454,0.8484848484848485,False
us,PRGDP,real_gdp,2020,2,2021,,next_year,1.0,7,prgdp_wide_2020q2_2024q1,10.0,33,0.008303030303030303,0.008303030303030303,0.008303030303030303,6,6,0.18181818181818182,0.18181818181818182,False
us,PRGDP,real_gdp,2020,2,2022,,year_after_next,2.0,11,prgdp_wide_2020q2_2024q1,3.0,23,0.2103913043478261,0.6052173913043478,0.47360869565217384,22,23,0.9565217391304348,1.0,False
us,PRGDP,real_gdp,2020,2,2022,,year_after_next,2.0,11,prgdp_wide_2020q2_2024q1,4.0,23,0.2103913043478261,0.2103913043478261,0.21039130434782607,22,22,0.9565217391304348,0.9565217391304348,False
us,PRGDP,real_gdp,2020,2,2022,,year_after_next,2.0,11,prgdp_wide_2020q2_2024q1,5.0,23,0.06430434782608696,0.2103913043478261,0.16169565217391305,9,22,0.391304347826087,0.9565217391304348,False
us,PRGDP,real_gdp,2020,2,2022,,year_after_next,2.0,11,prgdp_wide_2020q2_2024q1,10.0,23,0.02017391304347826,0.02017391304347826,0.02017391304347826,4,4,0.17391304347826086,0.17391304347826086,False
us,PRGDP,real_gdp,2020,2,2023,,three_years_ahead,3.0,15,prgdp_wide_2020q2_2024q1,3.0,19,0.14226315789473687,0.47526315789473683,0.3642631578947369,16,19,0.8421052631578947,1.0,False
us,PRGDP,real_gdp,2020,2,2023,,three_years_ahead,3.0,15,prgdp_wide_2020q2_2024q1,4.0,19,0.14226315789473687,0.14226315789473687,0.14226315789473687,16,16,0.8421052631578947,0.8421052631578947,False
us,PRGDP,real_gdp,2020,2,2023,,three_years_ahead,3.0,15,prgdp_wide_2020q2_2024q1,5.0,19,0.038000000000000006,0.14226315789473687,0.10750877192982457,6,16,0.3157894736842105,0.8421052631578947,False
us,PRGDP,real_gdp,2020,2,2023,,three_years_ahead,3.0,15,prgdp_wide_2020q2_2024q1,10.0,19,0.007947368421052632,0.007947368421052632,0.007947368421052632,2,2,0.10526315789473684,0.10526315789473684,False
us,PRGDP,real_gdp,2020,3,2020,,current_year,0.0,2,prgdp_wide_2020q2_2024q1,3.0,29,0.0013793103448275863,0.003448275862068966,0.0027586206896551726,1,1,0.034482758620689655,0.034482758620689655,False
us,PRGDP,real_gdp,2020,3,2020,,current_year,0.0,2,prgdp_wide_2020q2_2024q1,4.0,29,0.0013793103448275863,0.0013793103448275863,0.0013793103448275863,1,1,0.034482758620689655,0.034482758620689655,False
us,PRGDP,real_gdp,2020,3,2020,,current_year,0.0,2,prgdp_wide_2020q2_2024q1,5.0,29,0.0010344827586206897,0.0013793103448275863,0.001264367816091954,1,1,0.034482758620689655,0.034482758620689655,False
us,PRGDP,real_gdp,2020,3,2020,,current_year,0.0,2,prgdp_wide_2020q2_2024q1,10.0,29,0.0006896551724137932,0.0006896551724137932,0.0006896551724137932,1,1,0.034482758620689655,0.034482758620689655,False
us,PRGDP,real_gdp,2020,3,2021,,next_year,1.0,6,prgdp_wide_2020q2_2024q1,3.0,28,0.2607285714285715,0.5155071428571428,0.43058095238095245,24,25,0.8571428571428571,0.8928571428571429,False
us,PRGDP,real_gdp,2020,3,2021,,next_year,1.0,6,prgdp_wide_2020q2_2024q1,4.0,28,0.2607285714285715,0.2607285714285715,0.2607285714285715,24,24,0.8571428571428571,0.8571428571428571,False
us,PRGDP,real_gdp,2020,3,2021,,next_year,1.0,6,prgdp_wide_2020q2_2024q1,5.0,28,0.055014285714285724,0.2607285714285715,0.19215714285714286,13,24,0.4642857142857143,0.8571428571428571,False
us,PRGDP,real_gdp,2020,3,2021,,next_year,1.0,6,prgdp_wide_2020q2_2024q1,10.0,28,0.009285714285714286,0.009285714285714286,0.009285714285714286,5,5,0.17857142857142858,0.17857142857142858,False
us,PRGDP,real_gdp,2020,3,2022,,year_after_next,2.0,10,prgdp_wide_2020q2_2024q1,3.0,22,0.17795454545454548,0.5239090909090909,0.4085909090909091,21,22,0.9545454545454546,1.0,False
us,PRGDP,real_gdp,2020,3,2022,,year_after_next,2.0,10,prgdp_wide_2020q2_2024q1,4.0,22,0.17795454545454548,0.17795454545454548,0.17795454545454548,21,21,0.9545454545454546,0.9545454545454546,False
us,PRGDP,real_gdp,2020,3,2022,,year_after_next,2.0,10,prgdp_wide_2020q2_2024q1,5.0,22,0.03972727272727273,0.17795454545454548,0.13187878787878787,10,21,0.45454545454545453,0.9545454545454546,False
us,PRGDP,real_gdp,2020,3,2022,,year_after_next,2.0,10,prgdp_wide_2020q2_2024q1,10.0,22,0.0036363636363636364,0.0036363636363636364,0.0036363636363636364,3,3,0.13636363636363635,0.13636363636363635,False
us,PRGDP,real_gdp,2020,3,2023,,three_years_ahead,3.0,14,prgdp_wide_2020q2_2024q1,3.0,18,0.10061111111111112,0.4457222222222222,0.33068518518518514,17,18,0.9444444444444444,1.0,False
us,PRGDP,real_gdp,2020,3,2023,,three_years_ahead,3.0,14,prgdp_wide_2020q2_2024q1,4.0,18,0.10061111111111112,0.10061111111111112,0.10061111111111112,17,17,0.9444444444444444,0.9444444444444444,False
us,PRGDP,real_gdp,2020,3,2023,,three_years_ahead,3.0,14,prgdp_wide_2020q2_2024q1,5.0,18,0.010666666666666666,0.10061111111111112,0.07062962962962964,6,17,0.3333333333333333,0.9444444444444444,False
us,PRGDP,real_gdp,2020,3,2023,,three_years_ahead,3.0,14,prgdp_wide_2020q2_2024q1,10.0,18,0.0016666666666666666,0.0016666666666666666,0.0016666666666666666,2,2,0.1111111111111111,0.1111111111111111,False
us,PRGDP,real_gdp,2020,4,2020,,current_year,0.0,1,prgdp_wide_2020q2_2024q1,3.0,29,0.0,0.0,0.0,0,0,0.0,0.0,False
us,PRGDP,real_gdp,2020,4,2020,,current_year,0.0,1,prgdp_wide_2020q2_2024q1,4.0,29,0.0,0.0,0.0,0,0,0.0,0.0,False
us,PRGDP,real_gdp,2020,4,2020,,current_year,0.0,1,prgdp_wide_2020q2_2024q1,5.0,29,0.0,0.0,0.0,0,0,0.0,0.0,False
us,PRGDP,real_gdp,2020,4,2020,,current_year,0.0,1,prgdp_wide_2020q2_2024q1,10.0,29,0.0,0.0,0.0,0,0,0.0,0.0,False
us,PRGDP,real_gdp,2020,4,2021,,next_year,1.0,5,prgdp_wide_2020q2_2024q1,3.0,29,0.3688758620689655,0.7175655172413793,0.601335632183908,27,29,0.9310344827586207,1.0,False
us,PRGDP,real_gdp,2020,4,2021,,next_year,1.0,5,prgdp_wide_2020q2_2024q1,4.0,29,0.3688758620689655,0.3688758620689655,0.3688758620689655,27,27,0.9310344827586207,0.9310344827586207,False
us,PRGDP,real_gdp,2020,4,2021,,next_year,1.0,5,prgdp_wide_2020q2_2024q1,5.0,29,0.04896551724137931,0.3688758620689655,0.26223908045977007,17,27,0.5862068965517241,0.9310344827586207,False
us,PRGDP,real_gdp,2020,4,2021,,next_year,1.0,5,prgdp_wide_2020q2_2024q1,10.0,29,0.004827586206896552,0.004827586206896552,0.004827586206896552,3,3,0.10344827586206896,0.10344827586206896,False
us,PRGDP,real_gdp,2020,4,2022,,year_after_next,2.0,9,prgdp_wide_2020q2_2024q1,3.0,25,0.15,0.56,0.4233333333333333,22,25,0.88,1.0,False
us,PRGDP,real_gdp,2020,4,2022,,year_after_next,2.0,9,prgdp_wide_2020q2_2024q1,4.0,25,0.15,0.15,0.15,22,22,0.88,0.88,False
us,PRGDP,real_gdp,2020,4,2022,,year_after_next,2.0,9,prgdp_wide_2020q2_2024q1,5.0,25,0.015600000000000001,0.15,0.1052,8,22,0.32,0.88,False
us,PRGDP,real_gdp,2020,4,2022,,year_after_next,2.0,9,prgdp_wide_2020q2_2024q1,10.0,25,0.0012,0.0012,0.0012,2,2,0.08,0.08,False
us,PRGDP,real_gdp,2020,4,2023,,three_years_ahead,3.0,13,prgdp_wide_2020q2_2024q1,3.0,20,0.12349999999999998,0.43,0.3278333333333333,16,20,0.8,1.0,False
us,PRGDP,real_gdp,2020,4,2023,,three_years_ahead,3.0,13,prgdp_wide_2020q2_2024q1,4.0,20,0.12349999999999998,0.12349999999999998,0.12349999999999998,16,16,0.8,0.8,False
us,PRGDP,real_gdp,2020,4,2023,,three_years_ahead,3.0,13,prgdp_wide_2020q2_2024q1,5.0,20,0.0205,0.12349999999999998,0.08916666666666667,6,16,0.3,0.8,False
us,PRGDP,real_gdp,2020,4,2023,,three_years_ahead,3.0,13,prgdp_wide_2020q2_2024q1,10.0,20,0.0005,0.0005,0.0005,1,1,0.05,0.05,False
us,PRGDP,real_gdp,2021,1,2021,,current_year,0.0,4,prgdp_wide_2020q2_2024q1,3.0,31,0.5465483870967742,0.8155483870967741,0.7258817204301075,31,31,1.0,1.0,False
us,PRGDP,real_gdp,2021,1,2021,,current_year,0.0,4,prgdp_wide_2020q2_2024q1,4.0,31,0.5465483870967742,0.5465483870967742,0.5465483870967742,31,31,1.0,1.0,False
us,PRGDP,real_gdp,2021,1,2021,,current_year,0.0,4,prgdp_wide_2020q2_2024q1,5.0,31,0.0987741935483871,0.5465483870967742,0.3972903225806451,23,31,0.7419354838709677,1.0,False
us,PRGDP,real_gdp,2021,1,2021,,current_year,0.0,4,prgdp_wide_2020q2_2024q1,10.0,31,0.006129032258064516,0.006129032258064516,0.006129032258064516,5,5,0.16129032258064516,0.16129032258064516,False
us,PRGDP,real_gdp,2021,1,2022,,next_year,1.0,8,prgdp_wide_2020q2_2024q1,3.0,32,0.31959375,0.70803125,0.5785520833333333,30,32,0.9375,1.0,False
us,PRGDP,real_gdp,2021,1,2022,,next_year,1.0,8,prgdp_wide_2020q2_2024q1,4.0,32,0.31959375,0.31959375,0.31959375,30,30,0.9375,0.9375,False
us,PRGDP,real_gdp,2021,1,2022,,next_year,1.0,8,prgdp_wide_2020q2_2024q1,5.0,32,0.0399375,0.31959375,0.226375,17,30,0.53125,0.9375,False
us,PRGDP,real_gdp,2021,1,2022,,next_year,1.0,8,prgdp_wide_2020q2_2024q1,10.0,32,0.0018750000000000001,0.0018750000000000001,0.0018750000000000001,2,2,0.0625,0.0625,False
us,PRGDP,real_gdp,2021,1,2023,,year_after_next,2.0,12,prgdp_wide_2020q2_2024q1,3.0,25,0.1074,0.44124,0.32996,19,25,0.76,1.0,False
us,PRGDP,real_gdp,2021,1,2023,,year_after_next,2.0,12,prgdp_wide_2020q2_2024q1,4.0,25,0.1074,0.1074,0.1074,19,19,0.76,0.76,False
us,PRGDP,real_gdp,2021,1,2023,,year_after_next,2.0,12,prgdp_wide_2020q2_2024q1,5.0,25,0.006999999999999999,0.1074,0.07393333333333335,6,19,0.24,0.76,False
us,PRGDP,real_gdp,2021,1,2023,,year_after_next,2.0,12,prgdp_wide_2020q2_2024q1,10.0,25,0.0004,0.0004,0.0004,1,1,0.04,0.04,False
us,PRGDP,real_gdp,2021,1,2024,,three_years_ahead,3.0,16,prgdp_wide_2020q2_2024q1,3.0,22,0.08959090909090911,0.38559090909090904,0.28692424242424247,17,22,0.7727272727272727,1.0,False
us,PRGDP,real_gdp,2021,1,2024,,three_years_ahead,3.0,16,prgdp_wide_2020q2_2024q1,4.0,22,0.08959090909090911,0.08959090909090911,0.08959090909090911,17,17,0.7727272727272727,0.7727272727272727,False
us,PRGDP,real_gdp,2021,1,2024,,three_years_ahead,3.0,16,prgdp_wide_2020q2_2024q1,5.0,22,0.005909090909090909,0.08959090909090911,0.0616969696969697,5,17,0.22727272727272727,0.7727272727272727,False
us,PRGDP,real_gdp,2021,1,2024,,three_years_ahead,3.0,16,prgdp_wide_2020q2_2024q1,10.0,22,0.00045454545454545455,0.00045454545454545455,0.00045454545454545455,1,1,0.045454545454545456,0.045454545454545456,False
us,PRGDP,real_gdp,2021,2,2021,,current_year,0.0,3,prgdp_wide_2020q2_2024q1,3.0,30,0.7817900000000001,0.93741,0.8855366666666666,30,30,1.0,1.0,False
us,PRGDP,real_gdp,2021,2,2021,,current_year,0.0,3,prgdp_wide_2020q2_2024q1,4.0,30,0.7817900000000001,0.7817900000000001,0.7817900000000001,30,30,1.0,1.0,False
us,PRGDP,real_gdp,2021,2,2021,,current_year,0.0,3,prgdp_wide_2020q2_2024q1,5.0,30,0.26750333333333326,0.7817900000000001,0.6103611111111111,29,30,0.9666666666666667,1.0,False
us,PRGDP,real_gdp,2021,2,2021,,current_year,0.0,3,prgdp_wide_2020q2_2024q1,10.0,30,0.024673333333333335,0.024673333333333335,0.024673333333333335,12,12,0.4,0.4,False
us,PRGDP,real_gdp,2021,2,2022,,next_year,1.0,7,prgdp_wide_2020q2_2024q1,3.0,30,0.4736666666666666,0.7871799999999999,0.6826755555555555,29,30,0.9666666666666667,1.0,False
us,PRGDP,real_gdp,2021,2,2022,,next_year,1.0,7,prgdp_wide_2020q2_2024q1,4.0,30,0.4736666666666666,0.4736666666666666,0.4736666666666666,29,29,0.9666666666666667,0.9666666666666667,False
us,PRGDP,real_gdp,2021,2,2022,,next_year,1.0,7,prgdp_wide_2020q2_2024q1,5.0,30,0.09489999999999998,0.4736666666666666,0.34741111111111106,23,29,0.7666666666666667,0.9666666666666667,False
us,PRGDP,real_gdp,2021,2,2022,,next_year,1.0,7,prgdp_wide_2020q2_2024q1,10.0,30,0.008833333333333334,0.008833333333333334,0.008833333333333334,4,4,0.13333333333333333,0.13333333333333333,False
us,PRGDP,real_gdp,2021,2,2023,,year_after_next,2.0,11,prgdp_wide_2020q2_2024q1,3.0,23,0.14930434782608693,0.49613043478260865,0.3805217391304348,18,23,0.782608695652174,1.0,False
us,PRGDP,real_gdp,2021,2,2023,,year_after_next,2.0,11,prgdp_wide_2020q2_2024q1,4.0,23,0.14930434782608693,0.14930434782608693,0.14930434782608693,18,18,0.782608695652174,0.782608695652174,False
us,PRGDP,real_gdp,2021,2,2023,,year_after_next,2.0,11,prgdp_wide_2020q2_2024q1,5.0,23,0.025,0.14930434782608693,0.1078695652173913,8,18,0.34782608695652173,0.782608695652174,False
us,PRGDP,real_gdp,2021,2,2023,,year_after_next,2.0,11,prgdp_wide_2020q2_2024q1,10.0,23,0.004782608695652174,0.004782608695652174,0.004782608695652174,2,2,0.08695652173913043,0.08695652173913043,False
us,PRGDP,real_gdp,2021,2,2024,,three_years_ahead,3.0,15,prgdp_wide_2020q2_2024q1,3.0,20,0.10284999999999997,0.4145999999999999,0.3106833333333333,16,20,0.8,1.0,False
us,PRGDP,real_gdp,2021,2,2024,,three_years_ahead,3.0,15,prgdp_wide_2020q2_2024q1,4.0,20,0.10284999999999997,0.10284999999999997,0.10284999999999997,16,16,0.8,0.8,False
us,PRGDP,real_gdp,2021,2,2024,,three_years_ahead,3.0,15,prgdp_wide_2020q2_2024q1,5.0,20,0.013600000000000001,0.10284999999999997,0.07310000000000001,6,16,0.3,0.8,False
us,PRGDP,real_gdp,2021,2,2024,,three_years_ahead,3.0,15,prgdp_wide_2020q2_2024q1,10.0,20,0.003,0.003,0.003,2,2,0.1,0.1,False
us,PRGDP,real_gdp,2021,3,2021,,current_year,0.0,2,prgdp_wide_2020q2_2024q1,3.0,30,0.8456966666666667,0.9615733333333334,0.9229477777777777,30,30,1.0,1.0,False
us,PRGDP,real_gdp,2021,3,2021,,current_year,0.0,2,prgdp_wide_2020q2_2024q1,4.0,30,0.8456966666666667,0.8456966666666667,0.8456966666666667,30,30,1.0,1.0,False
us,PRGDP,real_gdp,2021,3,2021,,current_year,0.0,2,prgdp_wide_2020q2_2024q1,5.0,30,0.19643999999999998,0.8456966666666667,0.6292777777777778,27,30,0.9,1.0,False
us,PRGDP,real_gdp,2021,3,2021,,current_year,0.0,2,prgdp_wide_2020q2_2024q1,10.0,30,0.012043333333333335,0.012043333333333335,0.012043333333333335,6,6,0.2,0.2,False
us,PRGDP,real_gdp,2021,3,2022,,next_year,1.0,6,prgdp_wide_2020q2_2024q1,3.0,30,0.4777166666666666,0.7984733333333334,0.6915544444444444,30,30,1.0,1.0,False
us,PRGDP,real_gdp,2021,3,2022,,next_year,1.0,6,prgdp_wide_2020q2_2024q1,4.0,30,0.4777166666666666,0.4777166666666666,0.4777166666666666,30,30,1.0,1.0,False
us,PRGDP,real_gdp,2021,3,2022,,next_year,1.0,6,prgdp_wide_2020q2_2024q1,5.0,30,0.08570666666666665,0.4777166666666666,0.34704666666666667,23,30,0.7666666666666667,1.0,False
us,PRGDP,real_gdp,2021,3,2022,,next_year,1.0,6,prgdp_wide_2020q2_2024q1,10.0,30,0.009363333333333335,0.009363333333333335,0.009363333333333335,5,5,0.16666666666666666,0.16666666666666666,False
us,PRGDP,real_gdp,2021,3,2023,,year_after_next,2.0,10,prgdp_wide_2020q2_2024q1,3.0,24,0.170875,0.49470833333333336,0.3867638888888889,20,24,0.8333333333333334,1.0,False
us,PRGDP,real_gdp,2021,3,2023,,year_after_next,2.0,10,prgdp_wide_2020q2_2024q1,4.0,24,0.170875,0.170875,0.170875,20,20,0.8333333333333334,0.8333333333333334,False
us,PRGDP,real_gdp,2021,3,2023,,year_after_next,2.0,10,prgdp_wide_2020q2_2024q1,5.0,24,0.03183333333333334,0.170875,0.12452777777777778,12,20,0.5,0.8333333333333334,False
us,PRGDP,real_gdp,2021,3,2023,,year_after_next,2.0,10,prgdp_wide_2020q2_2024q1,10.0,24,0.004583333333333333,0.004583333333333333,0.004583333333333333,2,2,0.08333333333333333,0.08333333333333333,False
us,PRGDP,real_gdp,2021,3,2024,,three_years_ahead,3.0,14,prgdp_wide_2020q2_2024q1,3.0,20,0.0859,0.364,0.2713,15,20,0.75,1.0,False
us,PRGDP,real_gdp,2021,3,2024,,three_years_ahead,3.0,14,prgdp_wide_2020q2_2024q1,4.0,20,0.0859,0.0859,0.0859,15,15,0.75,0.75,False
us,PRGDP,real_gdp,2021,3,2024,,three_years_ahead,3.0,14,prgdp_wide_2020q2_2024q1,5.0,20,0.0166,0.0859,0.06280000000000001,8,15,0.4,0.75,False
us,PRGDP,real_gdp,2021,3,2024,,three_years_ahead,3.0,14,prgdp_wide_2020q2_2024q1,10.0,20,0.003,0.003,0.003,2,2,0.1,0.1,False
us,PRGDP,real_gdp,2021,4,2021,,current_year,0.0,1,prgdp_wide_2020q2_2024q1,3.0,28,0.8685714285714285,0.9682142857142857,0.9349999999999999,28,28,1.0,1.0,False
us,PRGDP,real_gdp,2021,4,2021,,current_year,0.0,1,prgdp_wide_2020q2_2024q1,4.0,28,0.8685714285714285,0.8685714285714285,0.8685714285714285,28,28,1.0,1.0,False
us,PRGDP,real_gdp,2021,4,2021,,current_year,0.0,1,prgdp_wide_2020q2_2024q1,5.0,28,0.08607142857142856,0.8685714285714285,0.6077380952380952,19,28,0.6785714285714286,1.0,False
us,PRGDP,real_gdp,2021,4,2021,,current_year,0.0,1,prgdp_wide_2020q2_2024q1,10.0,28,0.005,0.005,0.005,4,4,0.14285714285714285,0.14285714285714285,False
us,PRGDP,real_gdp,2021,4,2022,,next_year,1.0,5,prgdp_wide_2020q2_2024q1,3.0,29,0.32662068965517244,0.7250344827586208,0.5922298850574713,28,29,0.9655172413793104,1.0,False
us,PRGDP,real_gdp,2021,4,2022,,next_year,1.0,5,prgdp_wide_2020q2_2024q1,4.0,29,0.32662068965517244,0.32662068965517244,0.32662068965517244,28,28,0.9655172413793104,0.9655172413793104,False
us,PRGDP,real_gdp,2021,4,2022,,next_year,1.0,5,prgdp_wide_2020q2_2024q1,5.0,29,0.058344827586206904,0.32662068965517244,0.23719540229885056,20,28,0.6896551724137931,0.9655172413793104,False
us,PRGDP,real_gdp,2021,4,2022,,next_year,1.0,5,prgdp_wide_2020q2_2024q1,10.0,29,0.004137931034482759,0.004137931034482759,0.004137931034482759,4,4,0.13793103448275862,0.13793103448275862,False
us,PRGDP,real_gdp,2021,4,2023,,year_after_next,2.0,9,prgdp_wide_2020q2_2024q1,3.0,27,0.1368888888888889,0.4961481481481481,0.376395061728395,24,27,0.8888888888888888,1.0,False
us,PRGDP,real_gdp,2021,4,2023,,year_after_next,2.0,9,prgdp_wide_2020q2_2024q1,4.0,27,0.1368888888888889,0.1368888888888889,0.1368888888888889,24,24,0.8888888888888888,0.8888888888888888,False
us,PRGDP,real_gdp,2021,4,2023,,year_after_next,2.0,9,prgdp_wide_2020q2_2024q1,5.0,27,0.017148148148148152,0.1368888888888889,0.0969753086419753,14,24,0.5185185185185185,0.8888888888888888,False
us,PRGDP,real_gdp,2021,4,2023,,year_after_next,2.0,9,prgdp_wide_2020q2_2024q1,10.0,27,0.00037037037037037035,0.00037037037037037035,0.00037037037037037035,1,1,0.037037037037037035,0.037037037037037035,False
us,PRGDP,real_gdp,2021,4,2024,,three_years_ahead,3.0,13,prgdp_wide_2020q2_2024q1,3.0,20,0.08895,0.33065,0.2500833333333333,16,20,0.8,1.0,False
us,PRGDP,real_gdp,2021,4,2024,,three_years_ahead,3.0,13,prgdp_wide_2020q2_2024q1,4.0,20,0.08895,0.08895,0.08895,16,16,0.8,0.8,False
us,PRGDP,real_gdp,2021,4,2024,,three_years_ahead,3.0,13,prgdp_wide_2020q2_2024q1,5.0,20,0.012150000000000003,0.08895,0.06334999999999999,9,16,0.45,0.8,False
us,PRGDP,real_gdp,2021,4,2024,,three_years_ahead,3.0,13,prgdp_wide_2020q2_2024q1,10.0,20,0.0005,0.0005,0.0005,1,1,0.05,0.05,False
us,PRGDP,real_gdp,2022,1,2022,,current_year,0.0,4,prgdp_wide_2020q2_2024q1,3.0,29,0.28024482758620683,0.745993103448276,0.5907436781609194,28,29,0.9655172413793104,1.0,False
us,PRGDP,real_gdp,2022,1,2022,,current_year,0.0,4,prgdp_wide_2020q2_2024q1,4.0,29,0.28024482758620683,0.28024482758620683,0.28024482758620683,28,28,0.9655172413793104,0.9655172413793104,False
us,PRGDP,real_gdp,2022,1,2022,,current_year,0.0,4,prgdp_wide_2020q2_2024q1,5.0,29,0.030206896551724143,0.28024482758620683,0.19689885057471262,13,28,0.4482758620689655,0.9655172413793104,False
us,PRGDP,real_gdp,2022,1,2022,,current_year,0.0,4,prgdp_wide_2020q2_2024q1,10.0,29,0.0020689655172413794,0.0020689655172413794,0.0020689655172413794,2,2,0.06896551724137931,0.06896551724137931,False
us,PRGDP,real_gdp,2022,1,2023,,next_year,1.0,8,prgdp_wide_2020q2_2024q1,3.0,28,0.12137142857142859,0.5226107142857143,0.3888642857142856,21,28,0.75,1.0,False
us,PRGDP,real_gdp,2022,1,2023,,next_year,1.0,8,prgdp_wide_2020q2_2024q1,4.0,28,0.12137142857142859,0.12137142857142859,0.12137142857142859,21,21,0.75,0.75,False
us,PRGDP,real_gdp,2022,1,2023,,next_year,1.0,8,prgdp_wide_2020q2_2024q1,5.0,28,0.0165,0.12137142857142859,0.08641428571428571,11,21,0.39285714285714285,0.75,False
us,PRGDP,real_gdp,2022,1,2023,,next_year,1.0,8,prgdp_wide_2020q2_2024q1,10.0,28,0.0014285714285714286,0.0014285714285714286,0.0014285714285714286,2,2,0.07142857142857142,0.07142857142857142,False
us,PRGDP,real_gdp,2022,1,2024,,year_after_next,2.0,12,prgdp_wide_2020q2_2024q1,3.0,22,0.08609090909090909,0.34263636363636363,0.25712121212121214,15,22,0.6818181818181818,1.0,False
us,PRGDP,real_gdp,2022,1,2024,,year_after_next,2.0,12,prgdp_wide_2020q2_2024q1,4.0,22,0.08609090909090909,0.08609090909090909,0.08609090909090909,15,15,0.6818181818181818,0.6818181818181818,False
us,PRGDP,real_gdp,2022,1,2024,,year_after_next,2.0,12,prgdp_wide_2020q2_2024q1,5.0,22,0.011045454545454546,0.08609090909090909,0.06107575757575758,8,15,0.36363636363636365,0.6818181818181818,False
us,PRGDP,real_gdp,2022,1,2024,,year_after_next,2.0,12,prgdp_wide_2020q2_2024q1,10.0,22,0.00045454545454545455,0.00045454545454545455,0.00045454545454545455,1,1,0.045454545454545456,0.045454545454545456,False
us,PRGDP,real_gdp,2022,1,2025,,three_years_ahead,3.0,16,prgdp_wide_2020q2_2024q1,3.0,18,0.06172222222222222,0.29888888888888887,0.21983333333333335,12,18,0.6666666666666666,1.0,False
us,PRGDP,real_gdp,2022,1,2025,,three_years_ahead,3.0,16,prgdp_wide_2020q2_2024q1,4.0,18,0.06172222222222222,0.06172222222222222,0.06172222222222222,12,12,0.6666666666666666,0.6666666666666666,False
us,PRGDP,real_gdp,2022,1,2025,,three_years_ahead,3.0,16,prgdp_wide_2020q2_2024q1,5.0,18,0.007944444444444445,0.06172222222222222,0.0437962962962963,7,12,0.3888888888888889,0.6666666666666666,False
us,PRGDP,real_gdp,2022,1,2025,,three_years_ahead,3.0,16,prgdp_wide_2020q2_2024q1,10.0,18,0.0,0.0,0.0,0,0,0.0,0.0,False
us,PRGDP,real_gdp,2022,2,2022,,current_year,0.0,3,prgdp_wide_2020q2_2024q1,3.0,26,0.07647692307692308,0.4545769230769231,0.32854358974358977,17,26,0.6538461538461539,1.0,False
us,PRGDP,real_gdp,2022,2,2022,,current_year,0.0,3,prgdp_wide_2020q2_2024q1,4.0,26,0.07647692307692308,0.07647692307692308,0.07647692307692308,17,17,0.6538461538461539,0.6538461538461539,False
us,PRGDP,real_gdp,2022,2,2022,,current_year,0.0,3,prgdp_wide_2020q2_2024q1,5.0,26,0.013076923076923078,0.07647692307692308,0.055343589743589744,4,17,0.15384615384615385,0.6538461538461539,False
us,PRGDP,real_gdp,2022,2,2022,,current_year,0.0,3,prgdp_wide_2020q2_2024q1,10.0,26,0.002307692307692308,0.002307692307692308,0.002307692307692308,2,2,0.07692307692307693,0.07692307692307693,False
us,PRGDP,real_gdp,2022,2,2023,,next_year,1.0,7,prgdp_wide_2020q2_2024q1,3.0,26,0.06105384615384615,0.3054846153846154,0.2240076923076923,14,24,0.5384615384615384,0.9230769230769231,False
us,PRGDP,real_gdp,2022,2,2023,,next_year,1.0,7,prgdp_wide_2020q2_2024q1,4.0,26,0.06105384615384615,0.06105384615384615,0.06105384615384615,14,14,0.5384615384615384,0.5384615384615384,False
us,PRGDP,real_gdp,2022,2,2023,,next_year,1.0,7,prgdp_wide_2020q2_2024q1,5.0,26,0.012692307692307694,0.06105384615384615,0.04493333333333334,6,14,0.23076923076923078,0.5384615384615384,False
us,PRGDP,real_gdp,2022,2,2023,,next_year,1.0,7,prgdp_wide_2020q2_2024q1,10.0,26,0.0015384615384615385,0.0015384615384615385,0.0015384615384615385,2,2,0.07692307692307693,0.07692307692307693,False
us,PRGDP,real_gdp,2022,2,2024,,year_after_next,2.0,11,prgdp_wide_2020q2_2024q1,3.0,21,0.053238095238095244,0.2571428571428572,0.18917460317460316,11,19,0.5238095238095238,0.9047619047619048,False
us,PRGDP,real_gdp,2022,2,2024,,year_after_next,2.0,11,prgdp_wide_2020q2_2024q1,4.0,21,0.053238095238095244,0.053238095238095244,0.053238095238095244,11,11,0.5238095238095238,0.5238095238095238,False
us,PRGDP,real_gdp,2022,2,2024,,year_after_next,2.0,11,prgdp_wide_2020q2_2024q1,5.0,21,0.008666666666666668,0.053238095238095244,0.038380952380952384,6,11,0.2857142857142857,0.5238095238095238,False
us,PRGDP,real_gdp,2022,2,2024,,year_after_next,2.0,11,prgdp_wide_2020q2_2024q1,10.0,21,0.0004761904761904762,0.0004761904761904762,0.0004761904761904762,1,1,0.047619047619047616,0.047619047619047616,False
us,PRGDP,real_gdp,2022,2,2025,,three_years_ahead,3.0,15,prgdp_wide_2020q2_2024q1,3.0,16,0.045375,0.2638125,0.191,10,15,0.625,0.9375,False
us,PRGDP,real_gdp,2022,2,2025,,three_years_ahead,3.0,15,prgdp_wide_2020q2_2024q1,4.0,16,0.045375,0.045375,0.045375,10,10,0.625,0.625,False
us,PRGDP,real_gdp,2022,2,2025,,three_years_ahead,3.0,15,prgdp_wide_2020q2_2024q1,5.0,16,0.005875,0.045375,0.03220833333333334,6,10,0.375,0.625,False
us,PRGDP,real_gdp,2022,2,2025,,three_years_ahead,3.0,15,prgdp_wide_2020q2_2024q1,10.0,16,0.0,0.0,0.0,0,0,0.0,0.0,False
us,PRGDP,real_gdp,2022,3,2022,,current_year,0.0,2,prgdp_wide_2020q2_2024q1,3.0,28,0.026071428571428575,0.1362142857142857,0.0995,5,21,0.17857142857142858,0.75,False
us,PRGDP,real_gdp,2022,3,2022,,current_year,0.0,2,prgdp_wide_2020q2_2024q1,4.0,28,0.026071428571428575,0.026071428571428575,0.026071428571428575,5,5,0.17857142857142858,0.17857142857142858,False
us,PRGDP,real_gdp,2022,3,2022,,current_year,0.0,2,prgdp_wide_2020q2_2024q1,5.0,28,0.0025,0.026071428571428575,0.018214285714285714,2,5,0.07142857142857142,0.17857142857142858,False
us,PRGDP,real_gdp,2022,3,2022,,current_year,0.0,2,prgdp_wide_2020q2_2024q1,10.0,28,0.00035714285714285714,0.00035714285714285714,0.00035714285714285714,1,1,0.03571428571428571,0.03571428571428571,False
us,PRGDP,real_gdp,2022,3,2023,,next_year,1.0,6,prgdp_wide_2020q2_2024q1,3.0,28,0.023964285714285716,0.16464285714285715,0.11775,10,21,0.35714285714285715,0.75,False
us,PRGDP,real_gdp,2022,3,2023,,next_year,1.0,6,prgdp_wide_2020q2_2024q1,4.0,28,0.023964285714285716,0.023964285714285716,0.023964285714285716,10,10,0.35714285714285715,0.35714285714285715,False
us,PRGDP,real_gdp,2022,3,2023,,next_year,1.0,6,prgdp_wide_2020q2_2024q1,5.0,28,0.0035714285714285713,0.023964285714285716,0.017166666666666667,4,10,0.14285714285714285,0.35714285714285715,False
us,PRGDP,real_gdp,2022,3,2023,,next_year,1.0,6,prgdp_wide_2020q2_2024q1,10.0,28,0.00035714285714285714,0.00035714285714285714,0.00035714285714285714,1,1,0.03571428571428571,0.03571428571428571,False
us,PRGDP,real_gdp,2022,3,2024,,year_after_next,2.0,10,prgdp_wide_2020q2_2024q1,3.0,22,0.05040909090909092,0.25463636363636366,0.18656060606060604,13,19,0.5909090909090909,0.8636363636363636,False
us,PRGDP,real_gdp,2022,3,2024,,year_after_next,2.0,10,prgdp_wide_2020q2_2024q1,4.0,22,0.05040909090909092,0.05040909090909092,0.05040909090909092,13,13,0.5909090909090909,0.5909090909090909,False
us,PRGDP,real_gdp,2022,3,2024,,year_after_next,2.0,10,prgdp_wide_2020q2_2024q1,5.0,22,0.003181818181818182,0.05040909090909092,0.03466666666666667,3,13,0.13636363636363635,0.5909090909090909,False
us,PRGDP,real_gdp,2022,3,2024,,year_after_next,2.0,10,prgdp_wide_2020q2_2024q1,10.0,22,0.00045454545454545455,0.00045454545454545455,0.00045454545454545455,1,1,0.045454545454545456,0.045454545454545456,False
us,PRGDP,real_gdp,2022,3,2025,,three_years_ahead,3.0,14,prgdp_wide_2020q2_2024q1,3.0,19,0.05431578947368421,0.3427894736842105,0.24663157894736842,12,18,0.631578947368421,0.9473684210526315,False
us,PRGDP,real_gdp,2022,3,2025,,three_years_ahead,3.0,14,prgdp_wide_2020q2_2024q1,4.0,19,0.05431578947368421,0.05431578947368421,0.05431578947368421,12,12,0.631578947368421,0.631578947368421,False
us,PRGDP,real_gdp,2022,3,2025,,three_years_ahead,3.0,14,prgdp_wide_2020q2_2024q1,5.0,19,0.0028947368421052633,0.05431578947368421,0.03717543859649123,6,12,0.3157894736842105,0.631578947368421,False
us,PRGDP,real_gdp,2022,3,2025,,three_years_ahead,3.0,14,prgdp_wide_2020q2_2024q1,10.0,19,0.0,0.0,0.0,0,0,0.0,0.0,False
us,PRGDP,real_gdp,2022,4,2022,,current_year,0.0,1,prgdp_wide_2020q2_2024q1,3.0,30,0.005333333333333333,0.07441666666666666,0.051388888888888894,3,21,0.1,0.7,False
us,PRGDP,real_gdp,2022,4,2022,,current_year,0.0,1,prgdp_wide_2020q2_2024q1,4.0,30,0.005333333333333333,0.005333333333333333,0.005333333333333334,3,3,0.1,0.1,False
us,PRGDP,real_gdp,2022,4,2022,,current_year,0.0,1,prgdp_wide_2020q2_2024q1,5.0,30,0.0006666666666666666,0.005333333333333333,0.003777777777777778,1,3,0.03333333333333333,0.1,False
us,PRGDP,real_gdp,2022,4,2022,,current_year,0.0,1,prgdp_wide_2020q2_2024q1,10.0,30,0.0003333333333333333,0.0003333333333333333,0.0003333333333333333,1,1,0.03333333333333333,0.03333333333333333,False
us,PRGDP,real_gdp,2022,4,2023,,next_year,1.0,5,prgdp_wide_2020q2_2024q1,3.0,30,0.019013333333333333,0.09900666666666667,0.07234222222222222,6,14,0.2,0.4666666666666667,False
us,PRGDP,real_gdp,2022,4,2023,,next_year,1.0,5,prgdp_wide_2020q2_2024q1,4.0,30,0.019013333333333333,0.019013333333333333,0.019013333333333333,6,6,0.2,0.2,False
us,PRGDP,real_gdp,2022,4,2023,,next_year,1.0,5,prgdp_wide_2020q2_2024q1,5.0,30,0.0026666666666666666,0.019013333333333333,0.013564444444444445,2,6,0.06666666666666667,0.2,False
us,PRGDP,real_gdp,2022,4,2023,,next_year,1.0,5,prgdp_wide_2020q2_2024q1,10.0,30,0.0003333333333333333,0.0003333333333333333,0.0003333333333333333,1,1,0.03333333333333333,0.03333333333333333,False
us,PRGDP,real_gdp,2022,4,2024,,year_after_next,2.0,9,prgdp_wide_2020q2_2024q1,3.0,27,0.028851851851851854,0.17444444444444449,0.12591358024691357,10,23,0.37037037037037035,0.8518518518518519,False
us,PRGDP,real_gdp,2022,4,2024,,year_after_next,2.0,9,prgdp_wide_2020q2_2024q1,4.0,27,0.028851851851851854,0.028851851851851854,0.028851851851851854,10,10,0.37037037037037035,0.37037037037037035,False
us,PRGDP,real_gdp,2022,4,2024,,year_after_next,2.0,9,prgdp_wide_2020q2_2024q1,5.0,27,0.0022222222222222222,0.028851851851851854,0.019975308641975303,2,10,0.07407407407407407,0.37037037037037035,False
us,PRGDP,real_gdp,2022,4,2024,,year_after_next,2.0,9,prgdp_wide_2020q2_2024q1,10.0,27,0.00037037037037037035,0.00037037037037037035,0.00037037037037037035,1,1,0.037037037037037035,0.037037037037037035,False
us,PRGDP,real_gdp,2022,4,2025,,three_years_ahead,3.0,13,prgdp_wide_2020q2_2024q1,3.0,21,0.03995238095238096,0.24657142857142852,0.1776984126984127,12,19,0.5714285714285714,0.9047619047619048,False
us,PRGDP,real_gdp,2022,4,2025,,three_years_ahead,3.0,13,prgdp_wide_2020q2_2024q1,4.0,21,0.03995238095238096,0.03995238095238096,0.03995238095238096,12,12,0.5714285714285714,0.5714285714285714,False
us,PRGDP,real_gdp,2022,4,2025,,three_years_ahead,3.0,13,prgdp_wide_2020q2_2024q1,5.0,21,0.0015238095238095239,0.03995238095238096,0.027142857142857142,4,12,0.19047619047619047,0.5714285714285714,False
us,PRGDP,real_gdp,2022,4,2025,,three_years_ahead,3.0,13,prgdp_wide_2020q2_2024q1,10.0,21,0.0,0.0,0.0,0,0,0.0,0.0,False
us,PRGDP,real_gdp,2023,1,2023,,current_year,0.0,4,prgdp_wide_2020q2_2024q1,3.0,29,0.015358620689655173,0.09857793103448277,0.07083816091954023,8,15,0.27586206896551724,0.5172413793103449,False
us,PRGDP,real_gdp,2023,1,2023,,current_year,0.0,4,prgdp_wide_2020q2_2024q1,4.0,29,0.015358620689655173,0.015358620689655173,0.015358620689655173,8,8,0.27586206896551724,0.27586206896551724,False
us,PRGDP,real_gdp,2023,1,2023,,current_year,0.0,4,prgdp_wide_2020q2_2024q1,5.0,29,0.0020717241379310347,0.015358620689655173,0.010929655172413792,3,8,0.10344827586206896,0.27586206896551724,False
us,PRGDP,real_gdp,2023,1,2023,,current_year,0.0,4,prgdp_wide_2020q2_2024q1,10.0,29,0.0003448275862068966,0.0003448275862068966,0.0003448275862068966,1,1,0.034482758620689655,0.034482758620689655,False
us,PRGDP,real_gdp,2023,1,2024,,next_year,1.0,8,prgdp_wide_2020q2_2024q1,3.0,28,0.02820428571428572,0.17373714285714284,0.12522619047619046,10,21,0.35714285714285715,0.75,False
us,PRGDP,real_gdp,2023,1,2024,,next_year,1.0,8,prgdp_wide_2020q2_2024q1,4.0,28,0.02820428571428572,0.02820428571428572,0.028204285714285716,10,10,0.35714285714285715,0.35714285714285715,False
us,PRGDP,real_gdp,2023,1,2024,,next_year,1.0,8,prgdp_wide_2020q2_2024q1,5.0,28,0.0026885714285714286,0.02820428571428572,0.01969904761904762,4,10,0.14285714285714285,0.35714285714285715,False
us,PRGDP,real_gdp,2023,1,2024,,next_year,1.0,8,prgdp_wide_2020q2_2024q1,10.0,28,0.00036571428571428573,0.00036571428571428573,0.00036571428571428573,2,2,0.07142857142857142,0.07142857142857142,False
us,PRGDP,real_gdp,2023,1,2025,,year_after_next,2.0,12,prgdp_wide_2020q2_2024q1,3.0,22,0.05390909090909091,0.2567727272727272,0.18915151515151518,12,20,0.5454545454545454,0.9090909090909091,False
us,PRGDP,real_gdp,2023,1,2025,,year_after_next,2.0,12,prgdp_wide_2020q2_2024q1,4.0,22,0.05390909090909091,0.05390909090909091,0.05390909090909091,12,12,0.5454545454545454,0.5454545454545454,False
us,PRGDP,real_gdp,2023,1,2025,,year_after_next,2.0,12,prgdp_wide_2020q2_2024q1,5.0,22,0.0038181818181818182,0.05390909090909091,0.03721212121212121,5,12,0.22727272727272727,0.5454545454545454,False
us,PRGDP,real_gdp,2023,1,2025,,year_after_next,2.0,12,prgdp_wide_2020q2_2024q1,10.0,22,0.0,0.0,0.0,0,0,0.0,0.0,False
us,PRGDP,real_gdp,2023,1,2026,,three_years_ahead,3.0,16,prgdp_wide_2020q2_2024q1,3.0,20,0.05355000000000001,0.26325,0.19335,11,19,0.55,0.95,False
us,PRGDP,real_gdp,2023,1,2026,,three_years_ahead,3.0,16,prgdp_wide_2020q2_2024q1,4.0,20,0.05355000000000001,0.05355000000000001,0.05355000000000001,11,11,0.55,0.55,False
us,PRGDP,real_gdp,2023,1,2026,,three_years_ahead,3.0,16,prgdp_wide_2020q2_2024q1,5.0,20,0.0043,0.05355000000000001,0.03713333333333334,5,11,0.25,0.55,False
us,PRGDP,real_gdp,2023,1,2026,,three_years_ahead,3.0,16,prgdp_wide_2020q2_2024q1,10.0,20,0.0,0.0,0.0,0,0,0.0,0.0,False
us,PRGDP,real_gdp,2023,2,2023,,current_year,0.0,3,prgdp_wide_2020q2_2024q1,3.0,30,0.009194666666666667,0.076876,0.054315555555555554,3,15,0.1,0.5,False
us,PRGDP,real_gdp,2023,2,2023,,current_year,0.0,3,prgdp_wide_2020q2_2024q1,4.0,30,0.009194666666666667,0.009194666666666667,0.009194666666666665,3,3,0.1,0.1,False
us,PRGDP,real_gdp,2023,2,2023,,current_year,0.0,3,prgdp_wide_2020q2_2024q1,5.0,30,0.0017306666666666666,0.009194666666666667,0.006706666666666666,2,3,0.06666666666666667,0.1,False
us,PRGDP,real_gdp,2023,2,2023,,current_year,0.0,3,prgdp_wide_2020q2_2024q1,10.0,30,0.0003333333333333333,0.0003333333333333333,0.0003333333333333333,1,1,0.03333333333333333,0.03333333333333333,False
us,PRGDP,real_gdp,2023,2,2024,,next_year,1.0,7,prgdp_wide_2020q2_2024q1,3.0,30,0.02656666666666667,0.14052133333333333,0.10253644444444446,7,23,0.23333333333333334,0.7666666666666667,False
us,PRGDP,real_gdp,2023,2,2024,,next_year,1.0,7,prgdp_wide_2020q2_2024q1,4.0,30,0.02656666666666667,0.02656666666666667,0.026566666666666672,7,7,0.23333333333333334,0.23333333333333334,False
us,PRGDP,real_gdp,2023,2,2024,,next_year,1.0,7,prgdp_wide_2020q2_2024q1,5.0,30,0.003000000000000001,0.02656666666666667,0.018711111111111112,2,7,0.06666666666666667,0.23333333333333334,False
us,PRGDP,real_gdp,2023,2,2024,,next_year,1.0,7,prgdp_wide_2020q2_2024q1,10.0,30,0.0004306666666666667,0.0004306666666666667,0.0004306666666666667,2,2,0.06666666666666667,0.06666666666666667,False
us,PRGDP,real_gdp,2023,2,2025,,year_after_next,2.0,11,prgdp_wide_2020q2_2024q1,3.0,23,0.05347826086956522,0.29481217391304343,0.214367536231884,12,22,0.5217391304347826,0.9565217391304348,False
us,PRGDP,real_gdp,2023,2,2025,,year_after_next,2.0,11,prgdp_wide_2020q2_2024q1,4.0,23,0.05347826086956522,0.05347826086956522,0.05347826086956522,12,12,0.5217391304347826,0.5217391304347826,False
us,PRGDP,real_gdp,2023,2,2025,,year_after_next,2.0,11,prgdp_wide_2020q2_2024q1,5.0,23,0.003175652173913044,0.05347826086956522,0.03671072463768115,5,12,0.21739130434782608,0.5217391304347826,False
us,PRGDP,real_gdp,2023,2,2025,,year_after_next,2.0,11,prgdp_wide_2020q2_2024q1,10.0,23,0.0,0.0,0.0,0,0,0.0,0.0,False
us,PRGDP,real_gdp,2023,2,2026,,three_years_ahead,3.0,15,prgdp_wide_2020q2_2024q1,3.0,21,0.05944380952380952,0.3000514285714286,0.21984888888888887,11,20,0.5238095238095238,0.9523809523809523,False
us,PRGDP,real_gdp,2023,2,2026,,three_years_ahead,3.0,15,prgdp_wide_2020q2_2024q1,4.0,21,0.05944380952380952,0.05944380952380952,0.05944380952380952,11,11,0.5238095238095238,0.5238095238095238,False
us,PRGDP,real_gdp,2023,2,2026,,three_years_ahead,3.0,15,prgdp_wide_2020q2_2024q1,5.0,21,0.005876190476190477,0.05944380952380952,0.04158793650793651,6,11,0.2857142857142857,0.5238095238095238,False
us,PRGDP,real_gdp,2023,2,2026,,three_years_ahead,3.0,15,prgdp_wide_2020q2_2024q1,10.0,21,3.8095238095238094e-06,3.8095238095238094e-06,3.8095238095238094e-06,1,1,0.047619047619047616,0.047619047619047616,False
us,PRGDP,real_gdp,2023,3,2023,,current_year,0.0,2,prgdp_wide_2020q2_2024q1,3.0,28,0.011467142857142856,0.16366714285714284,0.11293380952380952,8,25,0.2857142857142857,0.8928571428571429,False
us,PRGDP,real_gdp,2023,3,2023,,current_year,0.0,2,prgdp_wide_2020q2_2024q1,4.0,28,0.011467142857142856,0.011467142857142856,0.011467142857142856,8,8,0.2857142857142857,0.2857142857142857,False
us,PRGDP,real_gdp,2023,3,2023,,current_year,0.0,2,prgdp_wide_2020q2_2024q1,5.0,28,0.0007271428571428571,0.011467142857142856,0.007887142857142856,2,8,0.07142857142857142,0.2857142857142857,False
us,PRGDP,real_gdp,2023,3,2023,,current_year,0.0,2,prgdp_wide_2020q2_2024q1,10.0,28,0.0,0.0,0.0,0,0,0.0,0.0,False
us,PRGDP,real_gdp,2023,3,2024,,next_year,1.0,6,prgdp_wide_2020q2_2024q1,3.0,28,0.032017142857142855,0.16675714285714285,0.12184380952380951,10,22,0.35714285714285715,0.7857142857142857,False
us,PRGDP,real_gdp,2023,3,2024,,next_year,1.0,6,prgdp_wide_2020q2_2024q1,4.0,28,0.032017142857142855,0.032017142857142855,0.032017142857142855,10,10,0.35714285714285715,0.35714285714285715,False
us,PRGDP,real_gdp,2023,3,2024,,next_year,1.0,6,prgdp_wide_2020q2_2024q1,5.0,28,0.003481428571428572,0.032017142857142855,0.022505238095238096,3,10,0.10714285714285714,0.35714285714285715,False
us,PRGDP,real_gdp,2023,3,2024,,next_year,1.0,6,prgdp_wide_2020q2_2024q1,10.0,28,4e-05,4e-05,4e-05,1,1,0.03571428571428571,0.03571428571428571,False
us,PRGDP,real_gdp,2023,3,2025,,year_after_next,2.0,10,prgdp_wide_2020q2_2024q1,3.0,24,0.04866666666666667,0.246625,0.18063888888888888,16,22,0.6666666666666666,0.9166666666666666,False
us,PRGDP,real_gdp,2023,3,2025,,year_after_next,2.0,10,prgdp_wide_2020q2_2024q1,4.0,24,0.04866666666666667,0.04866666666666667,0.04866666666666667,16,16,0.6666666666666666,0.6666666666666666,False
us,PRGDP,real_gdp,2023,3,2025,,year_after_next,2.0,10,prgdp_wide_2020q2_2024q1,5.0,24,0.003416666666666667,0.04866666666666667,0.03358333333333333,4,16,0.16666666666666666,0.6666666666666666,False
us,PRGDP,real_gdp,2023,3,2025,,year_after_next,2.0,10,prgdp_wide_2020q2_2024q1,10.0,24,0.0,0.0,0.0,0,0,0.0,0.0,False
us,PRGDP,real_gdp,2023,3,2026,,three_years_ahead,3.0,14,prgdp_wide_2020q2_2024q1,3.0,23,0.05895652173913044,0.30460869565217397,0.22272463768115944,15,23,0.6521739130434783,1.0,False
us,PRGDP,real_gdp,2023,3,2026,,three_years_ahead,3.0,14,prgdp_wide_2020q2_2024q1,4.0,23,0.05895652173913044,0.05895652173913044,0.05895652173913044,15,15,0.6521739130434783,0.6521739130434783,False
us,PRGDP,real_gdp,2023,3,2026,,three_years_ahead,3.0,14,prgdp_wide_2020q2_2024q1,5.0,23,0.005347826086956522,0.05895652173913044,0.041086956521739125,5,15,0.21739130434782608,0.6521739130434783,False
us,PRGDP,real_gdp,2023,3,2026,,three_years_ahead,3.0,14,prgdp_wide_2020q2_2024q1,10.0,23,0.0,0.0,0.0,0,0,0.0,0.0,False
us,PRGDP,real_gdp,2023,4,2023,,current_year,0.0,1,prgdp_wide_2020q2_2024q1,3.0,24,0.013997500000000001,0.31930416666666667,0.21753527777777779,7,23,0.2916666666666667,0.9583333333333334,False
us,PRGDP,real_gdp,2023,4,2023,,current_year,0.0,1,prgdp_wide_2020q2_2024q1,4.0,24,0.013997500000000001,0.013997500000000001,0.013997500000000001,7,7,0.2916666666666667,0.2916666666666667,False
us,PRGDP,real_gdp,2023,4,2023,,current_year,0.0,1,prgdp_wide_2020q2_2024q1,5.0,24,7.916666666666669e-05,0.013997500000000001,0.009358055555555555,1,7,0.041666666666666664,0.2916666666666667,False
us,PRGDP,real_gdp,2023,4,2023,,current_year,0.0,1,prgdp_wide_2020q2_2024q1,10.0,24,3.750000000000001e-05,3.750000000000001e-05,3.750000000000001e-05,1,1,0.041666666666666664,0.041666666666666664,False
us,PRGDP,real_gdp,2023,4,2024,,next_year,1.0,5,prgdp_wide_2020q2_2024q1,3.0,25,0.027912,0.21197919999999995,0.15062346666666665,12,22,0.48,0.88,False
us,PRGDP,real_gdp,2023,4,2024,,next_year,1.0,5,prgdp_wide_2020q2_2024q1,4.0,25,0.027912,0.027912,0.027912,12,12,0.48,0.48,False
us,PRGDP,real_gdp,2023,4,2024,,next_year,1.0,5,prgdp_wide_2020q2_2024q1,5.0,25,0.0009936,0.027912,0.018939199999999996,2,12,0.08,0.48,False
us,PRGDP,real_gdp,2023,4,2024,,next_year,1.0,5,prgdp_wide_2020q2_2024q1,10.0,25,0.00010560000000000002,0.00010560000000000002,0.00010560000000000002,2,2,0.08,0.08,False
us,PRGDP,real_gdp,2023,4,2025,,year_after_next,2.0,9,prgdp_wide_2020q2_2024q1,3.0,23,0.03426782608695653,0.27675652173913046,0.1959269565217391,15,22,0.6521739130434783,0.9565217391304348,False
us,PRGDP,real_gdp,2023,4,2025,,year_after_next,2.0,9,prgdp_wide_2020q2_2024q1,4.0,23,0.03426782608695653,0.03426782608695653,0.03426782608695653,15,15,0.6521739130434783,0.6521739130434783,False
us,PRGDP,real_gdp,2023,4,2025,,year_after_next,2.0,9,prgdp_wide_2020q2_2024q1,5.0,23,0.0006539130434782609,0.03426782608695653,0.023063188405797106,4,15,0.17391304347826086,0.6521739130434783,False
us,PRGDP,real_gdp,2023,4,2025,,year_after_next,2.0,9,prgdp_wide_2020q2_2024q1,10.0,23,8.695652173913045e-05,8.695652173913045e-05,8.695652173913045e-05,1,1,0.043478260869565216,0.043478260869565216,False
us,PRGDP,real_gdp,2023,4,2026,,three_years_ahead,3.0,13,prgdp_wide_2020q2_2024q1,3.0,21,0.05481333333333334,0.29931428571428575,0.2178139682539683,14,20,0.6666666666666666,0.9523809523809523,False
us,PRGDP,real_gdp,2023,4,2026,,three_years_ahead,3.0,13,prgdp_wide_2020q2_2024q1,4.0,21,0.05481333333333334,0.05481333333333334,0.05481333333333334,14,14,0.6666666666666666,0.6666666666666666,False
us,PRGDP,real_gdp,2023,4,2026,,three_years_ahead,3.0,13,prgdp_wide_2020q2_2024q1,5.0,21,0.004188571428571429,0.05481333333333334,0.0379384126984127,6,14,0.2857142857142857,0.6666666666666666,False
us,PRGDP,real_gdp,2023,4,2026,,three_years_ahead,3.0,13,prgdp_wide_2020q2_2024q1,10.0,21,0.00010095238095238097,0.00010095238095238097,0.00010095238095238097,2,2,0.09523809523809523,0.09523809523809523,False
us,PRGDP,real_gdp,2024,1,2024,,current_year,0.0,4,prgdp_wide_2020q2_2024q1,3.0,25,0.0338832,0.3351376,0.23471946666666665,12,24,0.48,0.96,False
us,PRGDP,real_gdp,2024,1,2024,,current_year,0.0,4,prgdp_wide_2020q2_2024q1,4.0,25,0.0338832,0.0338832,0.0338832,12,12,0.48,0.48,False
us,PRGDP,real_gdp,2024,1,2024,,current_year,0.0,4,prgdp_wide_2020q2_2024q1,5.0,25,0.001688,0.0338832,0.023151466666666662,3,12,0.12,0.48,False
us,PRGDP,real_gdp,2024,1,2024,,current_year,0.0,4,prgdp_wide_2020q2_2024q1,10.0,25,0.0006,0.0006,0.0006,1,1,0.04,0.04,False
us,PRGDP,real_gdp,2024,1,2025,,next_year,1.0,8,prgdp_wide_2020q2_2024q1,3.0,26,0.04380461538461538,0.25003538461538466,0.18129179487179486,15,24,0.5769230769230769,0.9230769230769231,False
us,PRGDP,real_gdp,2024,1,2025,,next_year,1.0,8,prgdp_wide_2020q2_2024q1,4.0,26,0.04380461538461538,0.04380461538461538,0.04380461538461538,15,15,0.5769230769230769,0.5769230769230769,False
us,PRGDP,real_gdp,2024,1,2025,,next_year,1.0,8,prgdp_wide_2020q2_2024q1,5.0,26,0.004233846153846154,0.04380461538461538,0.030614358974358977,4,15,0.15384615384615385,0.5769230769230769,False
us,PRGDP,real_gdp,2024,1,2025,,next_year,1.0,8,prgdp_wide_2020q2_2024q1,10.0,26,0.0009692307692307692,0.0009692307692307692,0.0009692307692307692,2,2,0.07692307692307693,0.07692307692307693,False
us,PRGDP,real_gdp,2024,1,2026,,year_after_next,2.0,12,prgdp_wide_2020q2_2024q1,3.0,23,0.048754782608695646,0.24552869565217392,0.17993739130434783,14,21,0.6086956521739131,0.9130434782608695,False
us,PRGDP,real_gdp,2024,1,2026,,year_after_next,2.0,12,prgdp_wide_2020q2_2024q1,4.0,23,0.048754782608695646,0.048754782608695646,0.04875478260869566,14,14,0.6086956521739131,0.6086956521739131,False
us,PRGDP,real_gdp,2024,1,2026,,year_after_next,2.0,12,prgdp_wide_2020q2_2024q1,5.0,23,0.0022434782608695652,0.048754782608695646,0.033251014492753625,5,14,0.21739130434782608,0.6086956521739131,False
us,PRGDP,real_gdp,2024,1,2026,,year_after_next,2.0,12,prgdp_wide_2020q2_2024q1,10.0,23,0.0006539130434782608,0.0006539130434782608,0.0006539130434782608,2,2,0.08695652173913043,0.08695652173913043,False
us,PRGDP,real_gdp,2024,1,2027,,three_years_ahead,3.0,16,prgdp_wide_2020q2_2024q1,3.0,22,0.05451818181818182,0.23875454545454547,0.17734242424242422,13,21,0.5909090909090909,0.9545454545454546,False
us,PRGDP,real_gdp,2024,1,2027,,three_years_ahead,3.0,16,prgdp_wide_2020q2_2024q1,4.0,22,0.05451818181818182,0.05451818181818182,0.05451818181818182,13,13,0.5909090909090909,0.5909090909090909,False
us,PRGDP,real_gdp,2024,1,2027,,three_years_ahead,3.0,16,prgdp_wide_2020q2_2024q1,5.0,22,0.005089090909090908,0.05451818181818182,0.038041818181818184,6,13,0.2727272727272727,0.5909090909090909,False
us,PRGDP,real_gdp,2024,1,2027,,three_years_ahead,3.0,16,prgdp_wide_2020q2_2024q1,10.0,22,0.0008872727272727272,0.0008872727272727272,0.0008872727272727272,2,2,0.09090909090909091,0.09090909090909091,False
us,PRGDP,real_gdp,2024,2,2024,,current_year,0.0,3,prgdp_2024q2_present,3.0,27,0.034333333333333334,0.41081481481481474,0.28532098765432096,15,27,0.5555555555555556,1.0,False
us,PRGDP,real_gdp,2024,2,2024,,current_year,0.0,3,prgdp_2024q2_present,4.0,27,0.034333333333333334,0.034333333333333334,0.034333333333333334,15,15,0.5555555555555556,0.5555555555555556,False
us,PRGDP,real_gdp,2024,2,2024,,current_year,0.0,3,prgdp_2024q2_present,5.0,27,0.004148148148148147,0.034333333333333334,0.014209876543209876,4,15,0.14814814814814814,0.5555555555555556,False
us,PRGDP,real_gdp,2024,2,2024,,current_year,0.0,3,prgdp_2024q2_present,10.0,27,0.0,0.00037037037037037035,,0,1,0.0,0.037037037037037035,True
us,PRGDP,real_gdp,2024,2,2025,,next_year,1.0,7,prgdp_2024q2_present,3.0,26,0.0435,0.2573461538461539,0.18606410256410255,14,23,0.5384615384615384,0.8846153846153846,False
us,PRGDP,real_gdp,2024,2,2025,,next_year,1.0,7,prgdp_2024q2_present,4.0,26,0.0435,0.0435,0.0435,14,14,0.5384615384615384,0.5384615384615384,False
us,PRGDP,real_gdp,2024,2,2025,,next_year,1.0,7,prgdp_2024q2_present,5.0,26,0.006230769230769231,0.0435,0.018653846153846153,4,14,0.15384615384615385,0.5384615384615384,False
us,PRGDP,real_gdp,2024,2,2025,,next_year,1.0,7,prgdp_2024q2_present,10.0,26,0.0,0.0007692307692307692,,0,1,0.0,0.038461538461538464,True
us,PRGDP,real_gdp,2024,2,2026,,year_after_next,2.0,11,prgdp_2024q2_present,3.0,23,0.061830434782608704,0.33040434782608696,0.24087971014492757,15,23,0.6521739130434783,1.0,False
us,PRGDP,real_gdp,2024,2,2026,,year_after_next,2.0,11,prgdp_2024q2_present,4.0,23,0.061830434782608704,0.061830434782608704,0.061830434782608704,15,15,0.6521739130434783,0.6521739130434783,False
us,PRGDP,real_gdp,2024,2,2026,,year_after_next,2.0,11,prgdp_2024q2_present,5.0,23,0.010043478260869565,0.061830434782608704,0.027305797101449276,5,15,0.21739130434782608,0.6521739130434783,False
us,PRGDP,real_gdp,2024,2,2026,,year_after_next,2.0,11,prgdp_2024q2_present,10.0,23,0.0,0.0008695652173913044,,0,1,0.0,0.043478260869565216,True
us,PRGDP,real_gdp,2024,2,2027,,three_years_ahead,3.0,15,prgdp_2024q2_present,3.0,21,0.06861904761904764,0.33409523809523806,0.2456031746031746,14,21,0.6666666666666666,1.0,False
us,PRGDP,real_gdp,2024,2,2027,,three_years_ahead,3.0,15,prgdp_2024q2_present,4.0,21,0.06861904761904764,0.06861904761904764,0.06861904761904764,14,14,0.6666666666666666,0.6666666666666666,False
us,PRGDP,real_gdp,2024,2,2027,,three_years_ahead,3.0,15,prgdp_2024q2_present,5.0,21,0.014380952380952383,0.06861904761904764,0.03246031746031746,7,14,0.3333333333333333,0.6666666666666666,False
us,PRGDP,real_gdp,2024,2,2027,,three_years_ahead,3.0,15,prgdp_2024q2_present,10.0,21,0.0,0.0009523809523809524,,0,1,0.0,0.047619047619047616,True
us,PRGDP,real_gdp,2024,3,2024,,current_year,0.0,2,prgdp_2024q2_present,3.0,27,0.021383703703703703,0.4233693121693121,0.2893741093474426,10,27,0.37037037037037035,1.0,False
us,PRGDP,real_gdp,2024,3,2024,,current_year,0.0,2,prgdp_2024q2_present,4.0,27,0.021383703703703703,0.021383703703703703,0.021383703703703703,10,10,0.37037037037037035,0.37037037037037035,False
us,PRGDP,real_gdp,2024,3,2024,,current_year,0.0,2,prgdp_2024q2_present,5.0,27,0.0004222222222222222,0.021383703703703703,0.007409382716049382,2,10,0.07407407407407407,0.37037037037037035,False
us,PRGDP,real_gdp,2024,3,2024,,current_year,0.0,2,prgdp_2024q2_present,10.0,27,0.0,0.0,,0,0,0.0,0.0,True
us,PRGDP,real_gdp,2024,3,2025,,next_year,1.0,6,prgdp_2024q2_present,3.0,26,0.046296923076923076,0.2594707692307692,0.1884128205128205,12,25,0.46153846153846156,0.9615384615384616,False
us,PRGDP,real_gdp,2024,3,2025,,next_year,1.0,6,prgdp_2024q2_present,4.0,26,0.046296923076923076,0.046296923076923076,0.046296923076923076,12,12,0.46153846153846156,0.46153846153846156,False
us,PRGDP,real_gdp,2024,3,2025,,next_year,1.0,6,prgdp_2024q2_present,5.0,26,0.0034338461538461536,0.046296923076923076,0.01772153846153846,4,12,0.15384615384615385,0.46153846153846156,False
us,PRGDP,real_gdp,2024,3,2025,,next_year,1.0,6,prgdp_2024q2_present,10.0,26,0.0,3.846153846153846e-05,,0,1,0.0,0.038461538461538464,True
us,PRGDP,real_gdp,2024,3,2026,,year_after_next,2.0,10,prgdp_2024q2_present,3.0,21,0.047708571428571434,0.29762747619047614,0.21432117460317462,12,21,0.5714285714285714,1.0,False
us,PRGDP,real_gdp,2024,3,2026,,year_after_next,2.0,10,prgdp_2024q2_present,4.0,21,0.047708571428571434,0.047708571428571434,0.047708571428571434,12,12,0.5714285714285714,0.5714285714285714,False
us,PRGDP,real_gdp,2024,3,2026,,year_after_next,2.0,10,prgdp_2024q2_present,5.0,21,0.0031200000000000004,0.047708571428571434,0.01798285714285714,3,12,0.14285714285714285,0.5714285714285714,False
us,PRGDP,real_gdp,2024,3,2026,,year_after_next,2.0,10,prgdp_2024q2_present,10.0,21,0.0,4.761904761904762e-05,,0,1,0.0,0.047619047619047616,True
us,PRGDP,real_gdp,2024,3,2027,,three_years_ahead,3.0,14,prgdp_2024q2_present,3.0,18,0.06148222222222223,0.3075698333333333,0.22554062962962965,11,18,0.6111111111111112,1.0,False
us,PRGDP,real_gdp,2024,3,2027,,three_years_ahead,3.0,14,prgdp_2024q2_present,4.0,18,0.06148222222222223,0.06148222222222223,0.06148222222222223,11,11,0.6111111111111112,0.6111111111111112,False
us,PRGDP,real_gdp,2024,3,2027,,three_years_ahead,3.0,14,prgdp_2024q2_present,5.0,18,0.006651111111111111,0.06148222222222223,0.024928148148148147,4,11,0.2222222222222222,0.6111111111111112,False
us,PRGDP,real_gdp,2024,3,2027,,three_years_ahead,3.0,14,prgdp_2024q2_present,10.0,18,0.0,0.0,,0,0,0.0,0.0,True
us,PRGDP,real_gdp,2024,4,2024,,current_year,0.0,1,prgdp_2024q2_present,3.0,26,0.04730769230769231,0.6742307692307693,0.46525641025641024,11,26,0.4230769230769231,1.0,False
us,PRGDP,real_gdp,2024,4,2024,,current_year,0.0,1,prgdp_2024q2_present,4.0,26,0.04730769230769231,0.04730769230769231,0.04730769230769231,11,11,0.4230769230769231,0.4230769230769231,False
us,PRGDP,real_gdp,2024,4,2024,,current_year,0.0,1,prgdp_2024q2_present,5.0,26,0.0,0.04730769230769231,0.015769230769230765,0,11,0.0,0.4230769230769231,False
us,PRGDP,real_gdp,2024,4,2024,,current_year,0.0,1,prgdp_2024q2_present,10.0,26,0.0,0.0,,0,0,0.0,0.0,True
us,PRGDP,real_gdp,2024,4,2025,,next_year,1.0,5,prgdp_2024q2_present,3.0,26,0.053807692307692306,0.32707692307692315,0.23598717948717948,13,25,0.5,0.9615384615384616,False
us,PRGDP,real_gdp,2024,4,2025,,next_year,1.0,5,prgdp_2024q2_present,4.0,26,0.053807692307692306,0.053807692307692306,0.053807692307692306,13,13,0.5,0.5,False
us,PRGDP,real_gdp,2024,4,2025,,next_year,1.0,5,prgdp_2024q2_present,5.0,26,0.002076923076923077,0.053807692307692306,0.01932051282051282,5,13,0.19230769230769232,0.5,False
us,PRGDP,real_gdp,2024,4,2025,,next_year,1.0,5,prgdp_2024q2_present,10.0,26,0.0,0.0,,0,0,0.0,0.0,True
us,PRGDP,real_gdp,2024,4,2026,,year_after_next,2.0,9,prgdp_2024q2_present,3.0,24,0.042166666666666665,0.28929166666666667,0.20691666666666664,13,23,0.5416666666666666,0.9583333333333334,False
us,PRGDP,real_gdp,2024,4,2026,,year_after_next,2.0,9,prgdp_2024q2_present,4.0,24,0.042166666666666665,0.042166666666666665,0.042166666666666665,13,13,0.5416666666666666,0.5416666666666666,False
us,PRGDP,real_gdp,2024,4,2026,,year_after_next,2.0,9,prgdp_2024q2_present,5.0,24,0.003416666666666667,0.042166666666666665,0.016333333333333335,5,13,0.20833333333333334,0.5416666666666666,False
us,PRGDP,real_gdp,2024,4,2026,,year_after_next,2.0,9,prgdp_2024q2_present,10.0,24,0.0,0.0,,0,0,0.0,0.0,True
us,PRGDP,real_gdp,2024,4,2027,,three_years_ahead,3.0,13,prgdp_2024q2_present,3.0,21,0.05657142857142858,0.2784761904761905,0.20450793650793653,11,20,0.5238095238095238,0.9523809523809523,False
us,PRGDP,real_gdp,2024,4,2027,,three_years_ahead,3.0,13,prgdp_2024q2_present,4.0,21,0.05657142857142858,0.05657142857142858,0.05657142857142857,11,11,0.5238095238095238,0.5238095238095238,False
us,PRGDP,real_gdp,2024,4,2027,,three_years_ahead,3.0,13,prgdp_2024q2_present,5.0,21,0.007904761904761906,0.05657142857142858,0.02412698412698413,5,11,0.23809523809523808,0.5238095238095238,False
us,PRGDP,real_gdp,2024,4,2027,,three_years_ahead,3.0,13,prgdp_2024q2_present,10.0,21,0.0,0.0,,0,0,0.0,0.0,True
us,PRGDP,real_gdp,2025,1,2025,,current_year,0.0,4,prgdp_2024q2_present,3.0,31,0.040037419354838705,0.35289935483870966,0.2486120430107527,17,29,0.5483870967741935,0.9354838709677419,False
us,PRGDP,real_gdp,2025,1,2025,,current_year,0.0,4,prgdp_2024q2_present,4.0,31,0.040037419354838705,0.040037419354838705,0.040037419354838705,17,17,0.5483870967741935,0.5483870967741935,False
us,PRGDP,real_gdp,2025,1,2025,,current_year,0.0,4,prgdp_2024q2_present,5.0,31,0.0027961290322580648,0.040037419354838705,0.01520989247311828,4,17,0.12903225806451613,0.5483870967741935,False
us,PRGDP,real_gdp,2025,1,2025,,current_year,0.0,4,prgdp_2024q2_present,10.0,31,0.0,0.0006451612903225806,,0,1,0.0,0.03225806451612903,True
us,PRGDP,real_gdp,2025,1,2026,,next_year,1.0,8,prgdp_2024q2_present,3.0,31,0.03992516129032259,0.2808806451612903,0.20056215053763438,15,30,0.4838709677419355,0.967741935483871,False
us,PRGDP,real_gdp,2025,1,2026,,next_year,1.0,8,prgdp_2024q2_present,4.0,31,0.03992516129032259,0.03992516129032259,0.039925161290322586,15,15,0.4838709677419355,0.4838709677419355,False
us,PRGDP,real_gdp,2025,1,2026,,next_year,1.0,8,prgdp_2024q2_present,5.0,31,0.005254193548387097,0.03992516129032259,0.016811182795698924,6,15,0.1935483870967742,0.4838709677419355,False
us,PRGDP,real_gdp,2025,1,2026,,next_year,1.0,8,prgdp_2024q2_present,10.0,31,0.0,0.0006451612903225806,,0,1,0.0,0.03225806451612903,True
us,PRGDP,real_gdp,2025,1,2027,,year_after_next,2.0,12,prgdp_2024q2_present,3.0,24,0.030666666666666665,0.2626833333333333,0.18534444444444442,11,24,0.4583333333333333,1.0,False
us,PRGDP,real_gdp,2025,1,2027,,year_after_next,2.0,12,prgdp_2024q2_present,4.0,24,0.030666666666666665,0.030666666666666665,0.030666666666666665,11,11,0.4583333333333333,0.4583333333333333,False
us,PRGDP,real_gdp,2025,1,2027,,year_after_next,2.0,12,prgdp_2024q2_present,5.0,24,0.0046375,0.030666666666666665,0.013313888888888889,4,11,0.16666666666666666,0.4583333333333333,False
us,PRGDP,real_gdp,2025,1,2027,,year_after_next,2.0,12,prgdp_2024q2_present,10.0,24,0.0,0.0008333333333333334,,0,1,0.0,0.041666666666666664,True
us,PRGDP,real_gdp,2025,1,2028,,three_years_ahead,3.0,16,prgdp_2024q2_present,3.0,22,0.04536363636363636,0.27637727272727275,0.19937272727272726,11,22,0.5,1.0,False
us,PRGDP,real_gdp,2025,1,2028,,three_years_ahead,3.0,16,prgdp_2024q2_present,4.0,22,0.04536363636363636,0.04536363636363636,0.04536363636363636,11,11,0.5,0.5,False
us,PRGDP,real_gdp,2025,1,2028,,three_years_ahead,3.0,16,prgdp_2024q2_present,5.0,22,0.009254545454545455,0.04536363636363636,0.021290909090909086,6,11,0.2727272727272727,0.5,False
us,PRGDP,real_gdp,2025,1,2028,,three_years_ahead,3.0,16,prgdp_2024q2_present,10.0,22,0.0,0.0009090909090909091,,0,1,0.0,0.045454545454545456,True
us,PRGDP,real_gdp,2025,2,2025,,current_year,0.0,3,prgdp_2024q2_present,3.0,27,0.011798518518518517,0.12576888888888887,0.08777876543209874,6,20,0.2222222222222222,0.7407407407407407,False
us,PRGDP,real_gdp,2025,2,2025,,current_year,0.0,3,prgdp_2024q2_present,4.0,27,0.011798518518518517,0.011798518518518517,0.011798518518518517,6,6,0.2222222222222222,0.2222222222222222,False
us,PRGDP,real_gdp,2025,2,2025,,current_year,0.0,3,prgdp_2024q2_present,5.0,27,0.0009674074074074073,0.011798518518518517,0.004577777777777778,3,6,0.1111111111111111,0.2222222222222222,False
us,PRGDP,real_gdp,2025,2,2025,,current_year,0.0,3,prgdp_2024q2_present,10.0,27,0.0,0.0,,0,0,0.0,0.0,True
us,PRGDP,real_gdp,2025,2,2026,,next_year,1.0,7,prgdp_2024q2_present,3.0,27,0.02621925925925927,0.15667407407407408,0.11318913580246913,11,21,0.4074074074074074,0.7777777777777778,False
us,PRGDP,real_gdp,2025,2,2026,,next_year,1.0,7,prgdp_2024q2_present,4.0,27,0.02621925925925927,0.02621925925925927,0.02621925925925927,11,11,0.4074074074074074,0.4074074074074074,False
us,PRGDP,real_gdp,2025,2,2026,,next_year,1.0,7,prgdp_2024q2_present,5.0,27,0.0033866666666666663,0.02621925925925927,0.010997530864197533,4,11,0.14814814814814814,0.4074074074074074,False
us,PRGDP,real_gdp,2025,2,2026,,next_year,1.0,7,prgdp_2024q2_present,10.0,27,0.0,0.0,,0,0,0.0,0.0,True
us,PRGDP,real_gdp,2025,2,2027,,year_after_next,2.0,11,prgdp_2024q2_present,3.0,23,0.031787826086956524,0.25560347826086954,0.18099826086956522,10,20,0.43478260869565216,0.8695652173913043,False
us,PRGDP,real_gdp,2025,2,2027,,year_after_next,2.0,11,prgdp_2024q2_present,4.0,23,0.031787826086956524,0.031787826086956524,0.031787826086956524,10,10,0.43478260869565216,0.43478260869565216,False
us,PRGDP,real_gdp,2025,2,2027,,year_after_next,2.0,11,prgdp_2024q2_present,5.0,23,0.0019930434782608696,0.031787826086956524,0.011924637681159417,4,10,0.17391304347826086,0.43478260869565216,False
us,PRGDP,real_gdp,2025,2,2027,,year_after_next,2.0,11,prgdp_2024q2_present,10.0,23,0.0,0.0,,0,0,0.0,0.0,True
us,PRGDP,real_gdp,2025,2,2028,,three_years_ahead,3.0,15,prgdp_2024q2_present,3.0,22,0.042354545454545464,0.24280909090909092,0.17599090909090906,10,19,0.45454545454545453,0.8636363636363636,False
us,PRGDP,real_gdp,2025,2,2028,,three_years_ahead,3.0,15,prgdp_2024q2_present,4.0,22,0.042354545454545464,0.042354545454545464,0.04235454545454546,10,10,0.45454545454545453,0.45454545454545453,False
us,PRGDP,real_gdp,2025,2,2028,,three_years_ahead,3.0,15,prgdp_2024q2_present,5.0,22,0.005310909090909091,0.042354545454545464,0.017658787878787878,6,10,0.2727272727272727,0.45454545454545453,False
us,PRGDP,real_gdp,2025,2,2028,,three_years_ahead,3.0,15,prgdp_2024q2_present,10.0,22,0.0,0.0,,0,0,0.0,0.0,True
us,PRGDP,real_gdp,2025,3,2025,,current_year,0.0,2,prgdp_2024q2_present,3.0,26,0.011913846153846153,0.09691607692307692,0.06858199999999999,8,19,0.3076923076923077,0.7307692307692307,False
us,PRGDP,real_gdp,2025,3,2025,,current_year,0.0,2,prgdp_2024q2_present,4.0,26,0.011913846153846153,0.011913846153846153,0.011913846153846153,8,8,0.3076923076923077,0.3076923076923077,False
us,PRGDP,real_gdp,2025,3,2025,,current_year,0.0,2,prgdp_2024q2_present,5.0,26,0.0001430769230769231,0.011913846153846153,0.004066666666666666,2,8,0.07692307692307693,0.3076923076923077,False
us,PRGDP,real_gdp,2025,3,2025,,current_year,0.0,2,prgdp_2024q2_present,10.0,26,0.0,0.0,,0,0,0.0,0.0,True
us,PRGDP,real_gdp,2025,3,2026,,next_year,1.0,6,prgdp_2024q2_present,3.0,26,0.03188788461538462,0.19017757692307694,0.13741434615384615,15,22,0.5769230769230769,0.8461538461538461,False
us,PRGDP,real_gdp,2025,3,2026,,next_year,1.0,6,prgdp_2024q2_present,4.0,26,0.03188788461538462,0.03188788461538462,0.03188788461538462,15,15,0.5769230769230769,0.5769230769230769,False
us,PRGDP,real_gdp,2025,3,2026,,next_year,1.0,6,prgdp_2024q2_present,5.0,26,0.0020907692307692307,0.03188788461538462,0.012023141025641025,5,15,0.19230769230769232,0.5769230769230769,False
us,PRGDP,real_gdp,2025,3,2026,,next_year,1.0,6,prgdp_2024q2_present,10.0,26,0.0,0.0,,0,0,0.0,0.0,True
us,PRGDP,real_gdp,2025,3,2027,,year_after_next,2.0,10,prgdp_2024q2_present,3.0,24,0.03883312862229529,0.25080997300413965,0.18015102487685822,14,23,0.5833333333333334,0.9583333333333334,False
us,PRGDP,real_gdp,2025,3,2027,,year_after_next,2.0,10,prgdp_2024q2_present,4.0,24,0.03883312862229529,0.03883312862229529,0.03883312862229529,14,14,0.5833333333333334,0.5833333333333334,False
us,PRGDP,real_gdp,2025,3,2027,,year_after_next,2.0,10,prgdp_2024q2_present,5.0,24,0.002064667071333738,0.03883312862229529,0.014320820921654256,6,14,0.25,0.5833333333333334,False
us,PRGDP,real_gdp,2025,3,2027,,year_after_next,2.0,10,prgdp_2024q2_present,10.0,24,0.0,8.333341666674999e-08,,0,1,0.0,0.041666666666666664,True
us,PRGDP,real_gdp,2025,3,2028,,three_years_ahead,3.0,14,prgdp_2024q2_present,3.0,23,0.055875702838311544,0.26233684407510494,0.19351646366284048,15,22,0.6521739130434783,0.9565217391304348,False
us,PRGDP,real_gdp,2025,3,2028,,three_years_ahead,3.0,14,prgdp_2024q2_present,4.0,23,0.055875702838311544,0.055875702838311544,0.055875702838311544,15,15,0.6521739130434783,0.6521739130434783,False
us,PRGDP,real_gdp,2025,3,2028,,three_years_ahead,3.0,14,prgdp_2024q2_present,5.0,23,0.006069958355175748,0.055875702838311544,0.022671873182887672,8,15,0.34782608695652173,0.6521739130434783,False
us,PRGDP,real_gdp,2025,3,2028,,three_years_ahead,3.0,14,prgdp_2024q2_present,10.0,23,0.0,1.091305439131526e-05,,0,1,0.0,0.043478260869565216,True
us,PRGDP,real_gdp,2025,4,2025,,current_year,0.0,1,prgdp_2024q2_present,3.0,27,0.00989037037037037,0.10919825965455594,0.07609562989316075,5,21,0.18518518518518517,0.7777777777777778,False
us,PRGDP,real_gdp,2025,4,2025,,current_year,0.0,1,prgdp_2024q2_present,4.0,27,0.00989037037037037,0.00989037037037037,0.00989037037037037,5,5,0.18518518518518517,0.18518518518518517,False
us,PRGDP,real_gdp,2025,4,2025,,current_year,0.0,1,prgdp_2024q2_present,5.0,27,0.0004281481481481482,0.00989037037037037,0.003582222222222222,2,5,0.07407407407407407,0.18518518518518517,False
us,PRGDP,real_gdp,2025,4,2025,,current_year,0.0,1,prgdp_2024q2_present,10.0,27,0.0,0.0,,0,0,0.0,0.0,True
us,PRGDP,real_gdp,2025,4,2026,,next_year,1.0,5,prgdp_2024q2_present,3.0,27,0.029763998671927257,0.22280139644341834,0.15845559718625465,16,24,0.5925925925925926,0.8888888888888888,False
us,PRGDP,real_gdp,2025,4,2026,,next_year,1.0,5,prgdp_2024q2_present,4.0,27,0.029763998671927257,0.029763998671927257,0.029763998671927253,16,16,0.5925925925925926,0.5925925925925926,False
us,PRGDP,real_gdp,2025,4,2026,,next_year,1.0,5,prgdp_2024q2_present,5.0,27,0.002061370329370411,0.029763998671927257,0.011295579776889362,4,16,0.14814814814814814,0.5925925925925926,False
us,PRGDP,real_gdp,2025,4,2026,,next_year,1.0,5,prgdp_2024q2_present,10.0,27,0.0,3.703703703703704e-07,,0,1,0.0,0.037037037037037035,True
us,PRGDP,real_gdp,2025,4,2027,,year_after_next,2.0,9,prgdp_2024q2_present,3.0,25,0.02597788,0.24207376,0.17004180000000002,12,23,0.48,0.92,False
us,PRGDP,real_gdp,2025,4,2027,,year_after_next,2.0,9,prgdp_2024q2_present,4.0,25,0.02597788,0.02597788,0.02597788,12,12,0.48,0.48,False
us,PRGDP,real_gdp,2025,4,2027,,year_after_next,2.0,9,prgdp_2024q2_present,5.0,25,0.00137476,0.02597788,0.009575799999999999,5,12,0.2,0.48,False
us,PRGDP,real_gdp,2025,4,2027,,year_after_next,2.0,9,prgdp_2024q2_present,10.0,25,0.0,5.6e-07,,0,2,0.0,0.08,True
us,PRGDP,real_gdp,2025,4,2028,,three_years_ahead,3.0,13,prgdp_2024q2_present,3.0,22,0.048119357246097304,0.26885930051342677,0.19527931942431695,13,21,0.5909090909090909,0.9545454545454546,False
us,PRGDP,real_gdp,2025,4,2028,,three_years_ahead,3.0,13,prgdp_2024q2_present,4.0,22,0.048119357246097304,0.048119357246097304,0.048119357246097304,13,13,0.5909090909090909,0.5909090909090909,False
us,PRGDP,real_gdp,2025,4,2028,,three_years_ahead,3.0,13,prgdp_2024q2_present,5.0,22,0.006887771332228668,0.048119357246097304,0.020631633303518207,7,13,0.3181818181818182,0.5909090909090909,False
us,PRGDP,real_gdp,2025,4,2028,,three_years_ahead,3.0,13,prgdp_2024q2_present,10.0,22,0.0,4.59090450000459e-06,,0,1,0.0,0.045454545454545456,True
us,PRGDP,real_gdp,2026,1,2026,,current_year,0.0,4,prgdp_2024q2_present,3.0,28,0.04225428571428572,0.3547828571428571,0.2506066666666667,16,26,0.5714285714285714,0.9285714285714286,False
us,PRGDP,real_gdp,2026,1,2026,,current_year,0.0,4,prgdp_2024q2_present,4.0,28,0.04225428571428572,0.04225428571428572,0.04225428571428572,16,16,0.5714285714285714,0.5714285714285714,False
us,PRGDP,real_gdp,2026,1,2026,,current_year,0.0,4,prgdp_2024q2_present,5.0,28,0.0035857142857142854,0.04225428571428572,0.016475238095238095,2,16,0.07142857142857142,0.5714285714285714,False
us,PRGDP,real_gdp,2026,1,2026,,current_year,0.0,4,prgdp_2024q2_present,10.0,28,0.0,0.00035714285714285714,,0,1,0.0,0.03571428571428571,True
us,PRGDP,real_gdp,2026,1,2027,,next_year,1.0,8,prgdp_2024q2_present,3.0,28,0.04443285714285715,0.2725342857142857,0.1965004761904762,15,27,0.5357142857142857,0.9642857142857143,False
us,PRGDP,real_gdp,2026,1,2027,,next_year,1.0,8,prgdp_2024q2_present,4.0,28,0.04443285714285715,0.04443285714285715,0.04443285714285715,15,15,0.5357142857142857,0.5357142857142857,False
us,PRGDP,real_gdp,2026,1,2027,,next_year,1.0,8,prgdp_2024q2_present,5.0,28,0.005152857142857144,0.04443285714285715,0.018246190476190475,3,15,0.10714285714285714,0.5357142857142857,False
us,PRGDP,real_gdp,2026,1,2027,,next_year,1.0,8,prgdp_2024q2_present,10.0,28,0.0,0.00035714285714285714,,0,1,0.0,0.03571428571428571,True
us,PRGDP,real_gdp,2026,1,2028,,year_after_next,2.0,12,prgdp_2024q2_present,3.0,24,0.04612499999999999,0.2770783333333333,0.20009388888888888,14,24,0.5833333333333334,1.0,False
us,PRGDP,real_gdp,2026,1,2028,,year_after_next,2.0,12,prgdp_2024q2_present,4.0,24,0.04612499999999999,0.04612499999999999,0.04612499999999999,14,14,0.5833333333333334,0.5833333333333334,False
us,PRGDP,real_gdp,2026,1,2028,,year_after_next,2.0,12,prgdp_2024q2_present,5.0,24,0.004206666666666666,0.04612499999999999,0.018179444444444443,4,14,0.16666666666666666,0.5833333333333334,False
us,PRGDP,real_gdp,2026,1,2028,,year_after_next,2.0,12,prgdp_2024q2_present,10.0,24,0.0,0.0004166666666666667,,0,1,0.0,0.041666666666666664,True
us,PRGDP,real_gdp,2026,1,2029,,three_years_ahead,3.0,16,prgdp_2024q2_present,3.0,22,0.05165090909090909,0.2676763636363636,0.19566787878787875,13,21,0.5909090909090909,0.9545454545454546,False
us,PRGDP,real_gdp,2026,1,2029,,three_years_ahead,3.0,16,prgdp_2024q2_present,4.0,22,0.05165090909090909,0.05165090909090909,0.05165090909090909,13,13,0.5909090909090909,0.5909090909090909,False
us,PRGDP,real_gdp,2026,1,2029,,three_years_ahead,3.0,16,prgdp_2024q2_present,5.0,22,0.007805454545454545,0.05165090909090909,0.02242060606060606,5,13,0.22727272727272727,0.5909090909090909,False
us,PRGDP,real_gdp,2026,1,2029,,three_years_ahead,3.0,16,prgdp_2024q2_present,10.0,22,0.0,0.00045454545454545455,,0,1,0.0,0.045454545454545456,True
us,PRGDP,real_gdp,2026,2,2026,,current_year,0.0,3,prgdp_2024q2_present,3.0,23,0.022260869565217396,0.26008695652173913,0.18081159420289852,12,20,0.5217391304347826,0.8695652173913043,False
us,PRGDP,real_gdp,2026,2,2026,,current_year,0.0,3,prgdp_2024q2_present,4.0,23,0.022260869565217396,0.022260869565217396,0.022260869565217396,12,12,0.5217391304347826,0.5217391304347826,False
us,PRGDP,real_gdp,2026,2,2026,,current_year,0.0,3,prgdp_2024q2_present,5.0,23,0.0008695652173913044,0.022260869565217396,0.007999999999999998,1,12,0.043478260869565216,0.5217391304347826,False
us,PRGDP,real_gdp,2026,2,2026,,current_year,0.0,3,prgdp_2024q2_present,10.0,23,0.0,0.0,,0,0,0.0,0.0,True
us,PRGDP,real_gdp,2026,2,2027,,next_year,1.0,7,prgdp_2024q2_present,3.0,23,0.025347826086956526,0.2631739130434783,0.18389855072463765,13,21,0.5652173913043478,0.9130434782608695,False
us,PRGDP,real_gdp,2026,2,2027,,next_year,1.0,7,prgdp_2024q2_present,4.0,23,0.025347826086956526,0.025347826086956526,0.025347826086956526,13,13,0.5652173913043478,0.5652173913043478,False
us,PRGDP,real_gdp,2026,2,2027,,next_year,1.0,7,prgdp_2024q2_present,5.0,23,0.0010000000000000002,0.025347826086956526,0.009115942028985507,2,13,0.08695652173913043,0.5652173913043478,False
us,PRGDP,real_gdp,2026,2,2027,,next_year,1.0,7,prgdp_2024q2_present,10.0,23,0.0,0.0,,0,0,0.0,0.0,True
us,PRGDP,real_gdp,2026,2,2028,,year_after_next,2.0,11,prgdp_2024q2_present,3.0,19,0.03936842105263159,0.27210526315789474,0.19452631578947369,13,17,0.6842105263157895,0.8947368421052632,False
us,PRGDP,real_gdp,2026,2,2028,,year_after_next,2.0,11,prgdp_2024q2_present,4.0,19,0.03936842105263159,0.03936842105263159,0.03936842105263159,13,13,0.6842105263157895,0.6842105263157895,False
us,PRGDP,real_gdp,2026,2,2028,,year_after_next,2.0,11,prgdp_2024q2_present,5.0,19,0.001263157894736842,0.03936842105263159,0.013964912280701753,2,13,0.10526315789473684,0.6842105263157895,False
us,PRGDP,real_gdp,2026,2,2028,,year_after_next,2.0,11,prgdp_2024q2_present,10.0,19,0.0,0.0,,0,0,0.0,0.0,True
us,PRGDP,real_gdp,2026,2,2029,,three_years_ahead,3.0,15,prgdp_2024q2_present,3.0,17,0.038294117647058826,0.2657647058823529,0.18994117647058825,12,16,0.7058823529411765,0.9411764705882353,False
us,PRGDP,real_gdp,2026,2,2029,,three_years_ahead,3.0,15,prgdp_2024q2_present,4.0,17,0.038294117647058826,0.038294117647058826,0.038294117647058826,12,12,0.7058823529411765,0.7058823529411765,False
us,PRGDP,real_gdp,2026,2,2029,,three_years_ahead,3.0,15,prgdp_2024q2_present,5.0,17,0.0021764705882352945,0.038294117647058826,0.014215686274509805,2,12,0.11764705882352941,0.7058823529411765,False
us,PRGDP,real_gdp,2026,2,2029,,three_years_ahead,3.0,15,prgdp_2024q2_present,10.0,17,0.0,0.0,,0,0,0.0,0.0,True
us,PRGDP,real_gdp,2026,3,2026,,current_year,0.0,2,prgdp_2024q2_present,3.0,25,0.011295999999999999,0.24067519999999998,0.16421546666666664,6,23,0.24,0.92,False
us,PRGDP,real_gdp,2026,3,2026,,current_year,0.0,2,prgdp_2024q2_present,4.0,25,0.011295999999999999,0.011295999999999999,0.011295999999999999,6,6,0.24,0.24,False
us,PRGDP,real_gdp,2026,3,2026,,current_year,0.0,2,prgdp_2024q2_present,5.0,25,0.0004736,0.011295999999999999,0.004081066666666666,2,6,0.08,0.24,False
us,PRGDP,real_gdp,2026,3,2026,,current_year,0.0,2,prgdp_2024q2_present,10.0,25,0.0,0.0,,0,0,0.0,0.0,True
us,PRGDP,real_gdp,2026,3,2027,,next_year,1.0,6,prgdp_2024q2_present,3.0,25,0.0351072,0.290528,0.20538773333333332,15,22,0.6,0.88,False
us,PRGDP,real_gdp,2026,3,2027,,next_year,1.0,6,prgdp_2024q2_present,4.0,25,0.0351072,0.0351072,0.0351072,15,15,0.6,0.6,False
us,PRGDP,real_gdp,2026,3,2027,,next_year,1.0,6,prgdp_2024q2_present,5.0,25,0.0027023999999999998,0.0351072,0.013503999999999999,3,15,0.12,0.6,False
us,PRGDP,real_gdp,2026,3,2027,,next_year,1.0,6,prgdp_2024q2_present,10.0,25,0.0,0.0,,0,0,0.0,0.0,True
us,PRGDP,real_gdp,2026,3,2028,,year_after_next,2.0,10,prgdp_2024q2_present,3.0,23,0.0327408695652174,0.31756521739130433,0.22262376811594198,13,21,0.5652173913043478,0.9130434782608695,False
us,PRGDP,real_gdp,2026,3,2028,,year_after_next,2.0,10,prgdp_2024q2_present,4.0,23,0.0327408695652174,0.0327408695652174,0.0327408695652174,13,13,0.5652173913043478,0.5652173913043478,False
us,PRGDP,real_gdp,2026,3,2028,,year_after_next,2.0,10,prgdp_2024q2_present,5.0,23,0.0019095652173913046,0.0327408695652174,0.012186666666666665,6,13,0.2608695652173913,0.5652173913043478,False
us,PRGDP,real_gdp,2026,3,2028,,year_after_next,2.0,10,prgdp_2024q2_present,10.0,23,0.0,0.0,,0,0,0.0,0.0,True
us,PRGDP,real_gdp,2026,3,2029,,three_years_ahead,3.0,14,prgdp_2024q2_present,3.0,21,0.04532,0.33003619047619054,0.23513079365079365,12,20,0.5714285714285714,0.9523809523809523,False
us,PRGDP,real_gdp,2026,3,2029,,three_years_ahead,3.0,14,prgdp_2024q2_present,4.0,21,0.04532,0.04532,0.04532,12,12,0.5714285714285714,0.5714285714285714,False
us,PRGDP,real_gdp,2026,3,2029,,three_years_ahead,3.0,14,prgdp_2024q2_present,5.0,21,0.0044190476190476185,0.04532,0.018052698412698416,6,12,0.2857142857142857,0.5714285714285714,False
us,PRGDP,real_gdp,2026,3,2029,,three_years_ahead,3.0,14,prgdp_2024q2_present,10.0,21,0.0,0.0,,0,0,0.0,0.0,True
